조건,trade_id,region,price,price_est,price_low,price_high,confidence,status
면적 입력,8006,화곡동,198000000,189200000,159200000,224900000,0.83,ok
면적 입력,8007,화곡동,161000000,164200000,138200000,195100000,0.84,ok
면적 입력,8009,화곡동,200000000,219800000,184900000,261200000,0.81,ok
면적 입력,8012,화곡동,79000000,123600000,82000000,186500000,0.4,ok
면적 입력,8013,화곡동,200000000,203100000,170900000,241300000,0.82,ok
면적 입력,8014,화곡동,180000000,187000000,157400000,222300000,0.87,ok
면적 입력,8015,화곡동,240000000,259700000,218500000,308600000,0.84,ok
면적 입력,8016,화곡동,240000000,263400000,221600000,313000000,0.84,ok
면적 입력,8017,화곡동,240000000,255100000,214600000,303100000,0.84,ok
면적 입력,8018,화곡동,235000000,226200000,190400000,268800000,0.84,ok
면적 입력,8020,화곡동,415000000,408400000,343600000,485300000,0.87,ok
면적 입력,8023,화곡동,245000000,203300000,171100000,241600000,0.86,ok
면적 입력,8024,화곡동,245000000,228300000,182800000,285000000,0.78,ok
면적 입력,8026,화곡동,219500000,164400000,131700000,205200000,0.8,ok
면적 입력,8027,화곡동,305000000,276300000,221300000,345000000,0.79,ok
면적 입력,8028,화곡동,230000000,226200000,181100000,282400000,0.79,ok
면적 입력,8030,화곡동,280000000,265500000,212600000,331500000,0.79,ok
면적 입력,8031,화곡동,70000000,110700000,81600000,150100000,0.63,ok
면적 입력,8033,화곡동,195000000,197500000,166200000,234700000,0.82,ok
면적 입력,8034,화곡동,240000000,318600000,268100000,378700000,0.85,ok
면적 입력,8035,화곡동,260000000,251400000,201300000,313800000,0.71,ok
면적 입력,8037,화곡동,255000000,243400000,204800000,289200000,0.84,ok
면적 입력,8038,화곡동,250000000,273100000,218800000,341000000,0.79,ok
면적 입력,8039,화곡동,270000000,232600000,186300000,290500000,0.77,ok
면적 입력,8041,화곡동,160000000,278800000,223300000,348100000,0.79,ok
면적 입력,8042,화곡동,355000000,420100000,336500000,524600000,0.79,ok
면적 입력,8045,화곡동,90000000,117700000,78000000,177600000,0.41,ok
면적 입력,8046,화곡동,100000000,177400000,142100000,221500000,0.72,ok
면적 입력,8048,화곡동,288000000,273200000,218800000,341100000,0.76,ok
면적 입력,8050,화곡동,165000000,212800000,170500000,265800000,0.76,ok
면적 입력,8054,화곡동,240000000,262900000,210600000,328300000,0.78,ok
면적 입력,8055,화곡동,160000000,191400000,161000000,227400000,0.83,ok
면적 입력,8056,화곡동,245000000,247900000,208600000,294600000,0.87,ok
면적 입력,8058,화곡동,215000000,183800000,154700000,218500000,0.82,ok
면적 입력,8061,화곡동,310000000,253700000,213400000,301400000,0.83,ok
면적 입력,8062,화곡동,158000000,174400000,139700000,217800000,0.78,ok
면적 입력,8063,화곡동,106000000,142500000,114200000,178000000,0.73,ok
면적 입력,8064,화곡동,310000000,294500000,247900000,350000000,0.84,ok
면적 입력,8067,화곡동,200000000,266400000,224200000,316600000,0.82,ok
면적 입력,8070,화곡동,355000000,420100000,336500000,524600000,0.79,ok
면적 입력,8073,화곡동,130000000,132900000,98000000,180200000,0.69,ok
면적 입력,8074,화곡동,199000000,175500000,147700000,208600000,0.85,ok
면적 입력,8077,화곡동,175000000,245000000,196200000,305800000,0.76,ok
면적 입력,8083,화곡동,259000000,310900000,261600000,369500000,0.83,ok
면적 입력,8084,화곡동,308500000,351500000,295800000,417800000,0.83,ok
면적 입력,8085,화곡동,303500000,354200000,298000000,420900000,0.83,ok
면적 입력,8086,화곡동,262500000,310700000,261400000,369200000,0.83,ok
면적 입력,8087,화곡동,303500000,351600000,295800000,417800000,0.83,ok
면적 입력,8088,화곡동,308000000,354200000,298100000,421000000,0.83,ok
면적 입력,8089,화곡동,264000000,305600000,257200000,363200000,0.83,ok
면적 입력,8090,화곡동,305000000,345400000,290600000,410400000,0.83,ok
면적 입력,8091,화곡동,310000000,348000000,292800000,413500000,0.83,ok
면적 입력,8092,화곡동,265500000,309700000,260600000,368000000,0.83,ok
면적 입력,8093,화곡동,306500000,350200000,294600000,416100000,0.83,ok
면적 입력,8094,화곡동,311500000,352800000,296900000,419300000,0.83,ok
면적 입력,8095,화곡동,262500000,309900000,260700000,368200000,0.83,ok
면적 입력,8096,화곡동,303500000,350600000,295000000,416600000,0.83,ok
면적 입력,8097,화곡동,308500000,353200000,297200000,419800000,0.83,ok
면적 입력,8098,화곡동,135000000,162900000,130500000,203400000,0.75,ok
면적 입력,8099,화곡동,155000000,190800000,152800000,238200000,0.75,ok
면적 입력,8100,화곡동,140000000,168700000,135100000,210700000,0.79,ok
면적 입력,8101,화곡동,370000000,249200000,199600000,311100000,0.79,ok
면적 입력,8102,화곡동,158000000,177800000,142400000,222100000,0.71,ok
면적 입력,8105,화곡동,240000000,234100000,187500000,292300000,0.78,ok
면적 입력,8106,화곡동,200000000,207900000,174900000,247000000,0.82,ok
면적 입력,8107,화곡동,190000000,179200000,150800000,213000000,0.83,ok
면적 입력,8108,화곡동,195000000,222300000,187000000,264200000,0.84,ok
면적 입력,8110,화곡동,245000000,263500000,211000000,329000000,0.8,ok
면적 입력,8112,화곡동,280000000,244100000,205400000,290100000,0.84,ok
면적 입력,8116,화곡동,340000000,273700000,219200000,341800000,0.78,ok
면적 입력,8117,화곡동,190000000,238300000,200500000,283200000,0.85,ok
면적 입력,8119,화곡동,237000000,228600000,183100000,285400000,0.75,ok
면적 입력,8127,화곡동,233000000,246700000,207600000,293200000,0.83,ok
면적 입력,8128,화곡동,329000000,310700000,248800000,387900000,0.72,ok
면적 입력,8129,화곡동,165000000,177100000,141800000,221100000,0.8,ok
면적 입력,8131,화곡동,300000000,270500000,227600000,321500000,0.85,ok
면적 입력,8132,화곡동,156000000,185000000,155600000,219800000,0.87,ok
면적 입력,8133,화곡동,160000000,160800000,135300000,191100000,0.84,ok
면적 입력,8134,화곡동,224000000,223400000,187900000,265400000,0.85,ok
면적 입력,8139,화곡동,196500000,202500000,162200000,252800000,0.72,ok
면적 입력,8141,화곡동,230000000,233900000,196800000,277900000,0.84,ok
면적 입력,8142,화곡동,110000000,161500000,119100000,219100000,0.61,ok
면적 입력,8147,화곡동,177000000,167800000,141200000,199400000,0.81,ok
면적 입력,8150,화곡동,210000000,170200000,143200000,202300000,0.82,ok
면적 입력,8152,화곡동,260000000,258000000,217100000,306600000,0.84,ok
면적 입력,8154,화곡동,80000000,180100000,119400000,271700000,0.55,ok
면적 입력,8155,화곡동,278000000,235700000,198400000,280100000,0.82,ok
면적 입력,8157,화곡동,230000000,235200000,197900000,279500000,0.82,ok
면적 입력,8160,화곡동,60000000,81100000,53700000,122300000,0.56,ok
면적 입력,8161,화곡동,210000000,238200000,200400000,283100000,0.84,ok
면적 입력,8162,화곡동,257000000,198100000,158700000,247400000,0.75,ok
면적 입력,8163,화곡동,300000000,222000000,186800000,263800000,0.84,ok
면적 입력,8164,화곡동,170000000,192900000,154500000,240900000,0.75,ok
면적 입력,8165,화곡동,199000000,239600000,201600000,284700000,0.82,ok
면적 입력,8171,화곡동,280000000,264600000,222700000,314500000,0.83,ok
면적 입력,8172,화곡동,110000000,151700000,111900000,205700000,0.66,ok
면적 입력,8174,화곡동,430000000,406500000,342000000,483000000,0.87,ok
면적 입력,8177,화곡동,217000000,256100000,205100000,319700000,0.74,ok
면적 입력,8181,화곡동,250000000,229000000,183400000,285900000,0.72,ok
면적 입력,8183,화곡동,300000000,255400000,188400000,346400000,0.7,ok
면적 입력,8186,화곡동,390000000,314300000,264500000,373600000,0.81,ok
면적 입력,8188,화곡동,167500000,181800000,153000000,216000000,0.83,ok
면적 입력,8189,화곡동,110000000,167600000,123600000,227300000,0.67,ok
면적 입력,8191,화곡동,277000000,269800000,227000000,320600000,0.83,ok
면적 입력,8192,화곡동,200000000,224500000,188900000,266800000,0.83,ok
면적 입력,8193,화곡동,229000000,239100000,191500000,298500000,0.74,ok
면적 입력,8194,화곡동,277000000,247000000,197800000,308300000,0.8,ok
면적 입력,8195,화곡동,233000000,216900000,182500000,257700000,0.85,ok
면적 입력,8198,화곡동,145000000,157500000,104400000,237600000,0.57,ok
면적 입력,8199,화곡동,280000000,244000000,205300000,289900000,0.86,ok
면적 입력,8201,화곡동,190000000,204700000,172300000,243300000,0.8,ok
면적 입력,8204,화곡동,390000000,303900000,243400000,379500000,0.73,ok
면적 입력,8207,화곡동,189000000,171000000,137000000,213500000,0.8,ok
면적 입력,8209,화곡동,150000000,134000000,98800000,181700000,0.61,ok
면적 입력,8211,화곡동,137000000,185200000,148300000,231200000,0.8,ok
면적 입력,8214,화곡동,240000000,279300000,235000000,331900000,0.85,ok
면적 입력,8216,화곡동,150000000,185200000,148400000,231300000,0.77,ok
면적 입력,8217,화곡동,210000000,216800000,182400000,257600000,0.85,ok
면적 입력,8219,화곡동,370000000,315900000,253000000,394400000,0.77,ok
면적 입력,8221,화곡동,245000000,200200000,168400000,237900000,0.83,ok
면적 입력,8223,화곡동,155000000,187700000,150300000,234300000,0.78,ok
면적 입력,8225,화곡동,190000000,196700000,130400000,296800000,0.57,ok
면적 입력,8226,화곡동,165000000,224700000,189100000,267000000,0.83,ok
면적 입력,8228,화곡동,90000000,117100000,77600000,176700000,0.48,ok
면적 입력,8229,화곡동,230000000,227000000,191000000,269700000,0.83,ok
면적 입력,8230,화곡동,184000000,281700000,237000000,334800000,0.86,ok
면적 입력,8231,화곡동,220000000,189500000,159400000,225200000,0.82,ok
면적 입력,8233,화곡동,178000000,179600000,151100000,213400000,0.83,ok
면적 입력,8235,화곡동,258000000,284800000,239700000,338500000,0.83,ok
면적 입력,8236,화곡동,278000000,253100000,213000000,300800000,0.81,ok
면적 입력,8237,화곡동,220000000,230200000,184300000,287400000,0.79,ok
면적 입력,8239,화곡동,305000000,303800000,255600000,361000000,0.84,ok
면적 입력,8242,화곡동,154500000,174600000,139800000,218000000,0.73,ok
면적 입력,8243,화곡동,201000000,219700000,184900000,261100000,0.8,ok
면적 입력,8248,화곡동,405000000,415700000,349800000,494000000,0.86,ok
면적 입력,8251,화곡동,276800000,287400000,241900000,341600000,0.85,ok
면적 입력,8258,화곡동,230000000,197700000,166400000,234900000,0.84,ok
면적 입력,8259,화곡동,330000000,286800000,241300000,340800000,0.85,ok
면적 입력,8260,화곡동,290000000,265500000,223400000,315500000,0.81,ok
면적 입력,8262,화곡동,140000000,226700000,190700000,269400000,0.86,ok
면적 입력,8263,화곡동,240000000,268100000,225600000,318600000,0.84,ok
면적 입력,8267,화곡동,242000000,262900000,221200000,312400000,0.83,ok
면적 입력,8269,화곡동,160000000,186000000,149000000,232200000,0.75,ok
면적 입력,8270,화곡동,193000000,155500000,103100000,234500000,0.42,ok
면적 입력,8272,화곡동,55000000,93800000,62200000,141500000,0.46,ok
면적 입력,8273,화곡동,220000000,261000000,209100000,325900000,0.79,ok
면적 입력,8274,화곡동,140000000,165500000,132600000,206700000,0.76,ok
면적 입력,8275,화곡동,125000000,137100000,115400000,162900000,0.83,ok
면적 입력,8277,화곡동,185000000,152500000,128300000,181200000,0.81,ok
면적 입력,8278,화곡동,125000000,176100000,116800000,265700000,0.49,ok
면적 입력,8279,화곡동,190000000,204000000,171700000,242400000,0.85,ok
면적 입력,8282,화곡동,215000000,184600000,147800000,230500000,0.8,ok
면적 입력,8285,화곡동,185000000,187100000,157500000,222400000,0.85,ok
면적 입력,8286,화곡동,250000000,198400000,146300000,269100000,0.68,ok
면적 입력,8289,화곡동,175000000,206400000,173600000,245200000,0.83,ok
면적 입력,8290,화곡동,258000000,239400000,191700000,298900000,0.78,ok
면적 입력,8295,화곡동,275000000,247700000,208400000,294300000,0.8,ok
면적 입력,8296,화곡동,202500000,221500000,186400000,263200000,0.85,ok
면적 입력,8300,화곡동,230000000,253600000,213400000,301400000,0.85,ok
면적 입력,8301,화곡동,186800000,210000000,176700000,249500000,0.86,ok
면적 입력,8302,화곡동,270000000,223100000,187800000,265200000,0.8,ok
면적 입력,8304,화곡동,145000000,157300000,132300000,186900000,0.84,ok
면적 입력,8306,화곡동,215000000,233100000,196200000,277000000,0.81,ok
면적 입력,8307,화곡동,168000000,161300000,135800000,191700000,0.83,ok
면적 입력,8309,화곡동,202000000,224200000,165300000,304000000,0.62,ok
면적 입력,8310,화곡동,290000000,255000000,204200000,318300000,0.77,ok
면적 입력,8311,화곡동,270000000,280500000,236100000,333400000,0.84,ok
면적 입력,8312,화곡동,260000000,241200000,177800000,327100000,0.66,ok
면적 입력,8314,화곡동,225000000,276300000,221300000,344900000,0.76,ok
면적 입력,8315,화곡동,289000000,295300000,248500000,350900000,0.84,ok
면적 입력,8316,화곡동,261000000,255000000,214600000,303000000,0.88,ok
면적 입력,8317,화곡동,287000000,249700000,210100000,296700000,0.84,ok
면적 입력,8320,화곡동,300000000,279900000,235500000,332600000,0.85,ok
면적 입력,8324,화곡동,279000000,267800000,214500000,334300000,0.76,ok
면적 입력,8326,화곡동,177500000,188200000,150800000,235000000,0.78,ok
면적 입력,8329,화곡동,230000000,227300000,191200000,270100000,0.85,ok
면적 입력,8332,화곡동,152000000,157900000,126400000,197100000,0.77,ok
면적 입력,8333,화곡동,255000000,351400000,281400000,438700000,0.79,ok
면적 입력,8334,화곡동,220000000,195000000,164100000,231700000,0.82,ok
면적 입력,8340,화곡동,185000000,216500000,173400000,270300000,0.79,ok
면적 입력,8341,화곡동,260000000,242300000,203900000,288000000,0.85,ok
면적 입력,8342,화곡동,290000000,264000000,222100000,313700000,0.84,ok
면적 입력,8345,화곡동,295000000,268400000,225800000,318900000,0.81,ok
면적 입력,8349,화곡동,184000000,167500000,111000000,252600000,0.55,ok
면적 입력,8350,화곡동,174000000,163900000,137900000,194700000,0.82,ok
면적 입력,8351,화곡동,140000000,167200000,133900000,208700000,0.76,ok
면적 입력,8352,화곡동,255000000,265700000,223600000,315800000,0.85,ok
면적 입력,8355,화곡동,270000000,271700000,228700000,322900000,0.82,ok
면적 입력,8357,화곡동,295000000,273100000,218800000,341000000,0.79,ok
면적 입력,8359,화곡동,245000000,220800000,176800000,275700000,0.78,ok
면적 입력,8360,화곡동,235000000,275500000,231800000,327400000,0.85,ok
면적 입력,8361,화곡동,280000000,243200000,204700000,289000000,0.83,ok
면적 입력,8363,화곡동,325000000,244700000,180500000,331900000,0.7,ok
면적 입력,8365,화곡동,220000000,265900000,212900000,332000000,0.78,ok
면적 입력,8373,화곡동,227000000,280500000,236100000,333400000,0.83,ok
면적 입력,8374,화곡동,400000000,281000000,225100000,350900000,0.79,ok
면적 입력,8375,화곡동,325000000,235300000,198000000,279700000,0.8,ok
면적 입력,8376,화곡동,173000000,185600000,156200000,220600000,0.83,ok
면적 입력,8378,화곡동,190000000,195600000,164600000,232500000,0.84,ok
면적 입력,8379,화곡동,317000000,284100000,227500000,354700000,0.8,ok
면적 입력,8380,화곡동,273000000,244200000,205500000,290200000,0.83,ok
면적 입력,8384,화곡동,240000000,199500000,167900000,237100000,0.8,ok
면적 입력,8386,화곡동,150000000,171200000,144100000,203400000,0.84,ok
면적 입력,8387,화곡동,285000000,258200000,217300000,306900000,0.85,ok
면적 입력,8389,화곡동,270000000,254800000,214400000,302800000,0.83,ok
면적 입력,8391,화곡동,300000000,283300000,238400000,336600000,0.81,ok
면적 입력,8392,화곡동,185000000,171400000,137300000,214100000,0.76,ok
면적 입력,8394,화곡동,170000000,163200000,130700000,203800000,0.8,ok
면적 입력,8396,화곡동,300000000,256000000,215400000,304200000,0.81,ok
면적 입력,8397,화곡동,240000000,253700000,213500000,301500000,0.8,ok
면적 입력,8399,화곡동,210000000,250800000,211100000,298100000,0.81,ok
면적 입력,8400,화곡동,170000000,181800000,145600000,227000000,0.79,ok
면적 입력,8401,화곡동,380000000,337900000,284300000,401500000,0.87,ok
면적 입력,8402,화곡동,135000000,163500000,120600000,221700000,0.65,ok
면적 입력,8403,화곡동,200000000,212000000,178400000,252000000,0.85,ok
면적 입력,8404,화곡동,110000000,148000000,118500000,184800000,0.77,ok
면적 입력,8405,화곡동,168000000,177500000,149300000,210900000,0.85,ok
면적 입력,8406,화곡동,299000000,279100000,234900000,331700000,0.83,ok
면적 입력,8409,화곡동,130000000,162800000,107900000,245600000,0.36,ok
면적 입력,8413,화곡동,270000000,268300000,225800000,318800000,0.83,ok
면적 입력,8414,화곡동,185000000,208000000,175000000,247200000,0.84,ok
면적 입력,8415,화곡동,340000000,278000000,205000000,376900000,0.6,ok
면적 입력,8416,화곡동,180000000,203700000,163100000,254300000,0.75,ok
면적 입력,8417,화곡동,340000000,239800000,192100000,299400000,0.71,ok
면적 입력,8418,화곡동,140000000,146000000,116900000,182300000,0.75,ok
면적 입력,8419,화곡동,205000000,233200000,196200000,277100000,0.84,ok
면적 입력,8421,화곡동,77000000,167500000,111000000,252700000,0.58,ok
면적 입력,8426,화곡동,160000000,176600000,148600000,209900000,0.82,ok
면적 입력,8430,화곡동,186750000,224100000,188600000,266300000,0.82,ok
면적 입력,8434,화곡동,208000000,181300000,152600000,215500000,0.82,ok
면적 입력,8438,화곡동,215000000,217300000,160300000,294700000,0.67,ok
면적 입력,8440,화곡동,250000000,245000000,196300000,305900000,0.73,ok
면적 입력,8442,화곡동,185000000,202700000,162300000,253100000,0.77,ok
면적 입력,8443,화곡동,215000000,242700000,204300000,288500000,0.82,ok
면적 입력,8446,화곡동,385000000,291600000,245400000,346500000,0.8,ok
면적 입력,8449,화곡동,154100000,227000000,191000000,269700000,0.82,ok
면적 입력,8451,화곡동,278000000,243400000,204800000,289300000,0.81,ok
면적 입력,8454,화곡동,235000000,174500000,139800000,217900000,0.77,ok
면적 입력,8455,화곡동,300000000,232700000,186400000,290600000,0.78,ok
면적 입력,8458,화곡동,172000000,178500000,150200000,212200000,0.83,ok
면적 입력,8460,화곡동,190000000,133400000,112300000,158600000,0.85,ok
면적 입력,8461,화곡동,167000000,182000000,145800000,227300000,0.76,ok
면적 입력,8462,화곡동,190000000,239200000,191500000,298600000,0.74,ok
면적 입력,8463,화곡동,166000000,184900000,155600000,219700000,0.85,ok
면적 입력,8464,화곡동,155000000,196800000,157600000,245700000,0.71,ok
면적 입력,8467,화곡동,260000000,224000000,188500000,266200000,0.83,ok
면적 입력,8468,화곡동,149000000,194900000,164000000,231600000,0.81,ok
면적 입력,8469,화곡동,165000000,170200000,143300000,202300000,0.85,ok
면적 입력,8470,화곡동,245000000,256700000,205600000,320500000,0.8,ok
면적 입력,8471,화곡동,220000000,222700000,187400000,264700000,0.84,ok
면적 입력,8472,화곡동,240000000,218900000,175300000,273300000,0.77,ok
면적 입력,8473,화곡동,285000000,227500000,191500000,270400000,0.84,ok
면적 입력,8474,화곡동,130000000,207900000,166500000,259500000,0.76,ok
면적 입력,8476,화곡동,108000000,135700000,108700000,169400000,0.73,ok
면적 입력,8479,화곡동,268000000,256200000,205200000,319800000,0.79,ok
면적 입력,8483,화곡동,170000000,207800000,174900000,247000000,0.84,ok
면적 입력,8484,화곡동,234000000,233500000,187000000,291500000,0.77,ok
면적 입력,8485,화곡동,220000000,302500000,223100000,410200000,0.69,ok
면적 입력,8486,화곡동,220000000,222400000,178100000,277700000,0.77,ok
면적 입력,8487,화곡동,220000000,247400000,198100000,308800000,0.76,ok
면적 입력,8488,화곡동,255000000,255500000,215000000,303600000,0.81,ok
면적 입력,8489,화곡동,190000000,219000000,184300000,260200000,0.81,ok
면적 입력,8490,화곡동,205000000,172600000,145300000,205100000,0.82,ok
면적 입력,8491,화곡동,295000000,186200000,137300000,252400000,0.61,ok
면적 입력,8492,화곡동,240000000,256000000,205000000,319600000,0.78,ok
면적 입력,8493,화곡동,188000000,196800000,157600000,245700000,0.78,ok
면적 입력,8494,화곡동,250000000,236300000,189200000,295000000,0.78,ok
면적 입력,8496,화곡동,215000000,224400000,188800000,266600000,0.85,ok
면적 입력,8497,화곡동,200000000,242400000,203900000,288000000,0.84,ok
면적 입력,8498,화곡동,233000000,192000000,153800000,239700000,0.79,ok
면적 입력,8501,화곡동,165000000,198200000,166800000,235500000,0.86,ok
면적 입력,8502,화곡동,140000000,145900000,116800000,182100000,0.79,ok
면적 입력,8505,화곡동,250000000,217800000,174400000,271900000,0.72,ok
면적 입력,8507,화곡동,235000000,247600000,198300000,309200000,0.8,ok
면적 입력,8510,화곡동,287000000,246600000,207500000,293000000,0.84,ok
면적 입력,8511,화곡동,297000000,325400000,239900000,441200000,0.68,ok
면적 입력,8512,화곡동,207500000,222200000,187000000,264000000,0.83,ok
면적 입력,8516,화곡동,300000000,247300000,208100000,293900000,0.84,ok
면적 입력,8517,화곡동,265000000,255400000,214900000,303500000,0.84,ok
면적 입력,8519,화곡동,183000000,122300000,98000000,152700000,0.75,ok
면적 입력,8520,화곡동,260000000,248500000,209100000,295300000,0.86,ok
면적 입력,8523,화곡동,215000000,194100000,163300000,230600000,0.81,ok
면적 입력,8524,화곡동,250000000,234100000,187500000,292300000,0.8,ok
면적 입력,8528,화곡동,237000000,273200000,218800000,341100000,0.76,ok
면적 입력,8529,화곡동,170000000,211200000,169200000,263700000,0.74,ok
면적 입력,8549,화곡동,124000000,163100000,130700000,203700000,0.8,ok
면적 입력,8550,화곡동,200000000,207100000,174300000,246100000,0.84,ok
면적 입력,8551,화곡동,220000000,206600000,173900000,245600000,0.84,ok
면적 입력,8554,화곡동,355000000,318700000,255300000,397900000,0.7,ok
면적 입력,8555,화곡동,230000000,230800000,194200000,274300000,0.8,ok
면적 입력,8557,화곡동,180000000,177300000,149200000,210700000,0.84,ok
면적 입력,8558,화곡동,220000000,205600000,164600000,256700000,0.72,ok
면적 입력,8561,화곡동,220000000,225100000,189400000,267500000,0.8,ok
면적 입력,8564,화곡동,148000000,189400000,159400000,225100000,0.8,ok
면적 입력,8566,화곡동,205000000,207800000,166400000,259400000,0.76,ok
면적 입력,8567,화곡동,140000000,145900000,116900000,182200000,0.7,ok
면적 입력,8568,화곡동,249000000,231800000,185600000,289400000,0.77,ok
면적 입력,8570,화곡동,240000000,229900000,184100000,287000000,0.74,ok
면적 입력,8572,화곡동,156000000,161000000,129000000,201000000,0.79,ok
면적 입력,8577,화곡동,100000000,125200000,100300000,156400000,0.71,ok
면적 입력,8578,화곡동,239000000,219700000,184900000,261100000,0.83,ok
면적 입력,8580,화곡동,185000000,182300000,153400000,216700000,0.86,ok
면적 입력,8584,화곡동,297000000,261800000,220300000,311200000,0.81,ok
면적 입력,8585,화곡동,346500000,392900000,330600000,466900000,0.86,ok
면적 입력,8587,화곡동,235000000,213000000,179200000,253100000,0.82,ok
면적 입력,8588,화곡동,79000000,173400000,138800000,216400000,0.75,ok
면적 입력,8595,화곡동,279000000,202500000,170400000,240600000,0.83,ok
면적 입력,8596,화곡동,155000000,173400000,145900000,206000000,0.81,ok
면적 입력,8597,화곡동,340000000,235000000,173300000,318600000,0.69,ok
면적 입력,8598,화곡동,313000000,312800000,263200000,371700000,0.89,ok
면적 입력,8599,화곡동,367000000,302200000,254300000,359200000,0.82,ok
면적 입력,8602,화곡동,180000000,201400000,169500000,239300000,0.81,ok
면적 입력,8605,화곡동,120000000,171600000,137500000,214300000,0.78,ok
면적 입력,8606,화곡동,180000000,244400000,195700000,305100000,0.75,ok
면적 입력,8616,화곡동,139000000,158800000,133600000,188700000,0.84,ok
면적 입력,8618,화곡동,300000000,323400000,272100000,384300000,0.86,ok
면적 입력,8620,화곡동,240000000,259500000,218400000,308400000,0.82,ok
면적 입력,8621,화곡동,163000000,186200000,149100000,232500000,0.76,ok
면적 입력,8623,화곡동,310000000,298300000,238900000,372500000,0.73,ok
면적 입력,8625,화곡동,230000000,174400000,139700000,217800000,0.78,ok
면적 입력,8627,화곡동,310000000,246300000,207200000,292700000,0.87,ok
면적 입력,8631,화곡동,355000000,248800000,183400000,337300000,0.66,ok
면적 입력,8633,화곡동,200000000,196900000,165700000,234000000,0.81,ok
면적 입력,8634,화곡동,340000000,285500000,228700000,356500000,0.76,ok
면적 입력,8635,화곡동,235000000,246600000,197500000,307900000,0.75,ok
면적 입력,8636,화곡동,330000000,311600000,262200000,370300000,0.83,ok
면적 입력,8638,화곡동,280000000,269800000,227000000,320600000,0.81,ok
면적 입력,8639,화곡동,190000000,179000000,150600000,212700000,0.84,ok
면적 입력,8641,화곡동,385500000,459200000,386400000,545800000,0.83,ok
면적 입력,8642,화곡동,399500000,470600000,396000000,559300000,0.83,ok
면적 입력,8643,화곡동,410500000,485000000,408100000,576400000,0.83,ok
면적 입력,8644,화곡동,391500000,458800000,386100000,545300000,0.82,ok
면적 입력,8645,화곡동,405500000,470200000,395700000,558800000,0.82,ok
면적 입력,8646,화곡동,416500000,484600000,407800000,575900000,0.82,ok
면적 입력,8647,화곡동,391500000,451600000,380000000,536600000,0.82,ok
면적 입력,8648,화곡동,405500000,462800000,389400000,549900000,0.82,ok
면적 입력,8649,화곡동,416500000,476900000,401300000,566800000,0.82,ok
면적 입력,8650,화곡동,343000000,402800000,338900000,478700000,0.82,ok
면적 입력,8651,화곡동,379000000,442900000,372700000,526300000,0.82,ok
면적 입력,8652,화곡동,395500000,451000000,379500000,535900000,0.82,ok
면적 입력,8653,화곡동,276500000,350600000,295000000,416600000,0.83,ok
면적 입력,8654,화곡동,314500000,376900000,317200000,447900000,0.83,ok
면적 입력,8655,화곡동,347500000,408000000,343300000,484900000,0.82,ok
면적 입력,8657,화곡동,230000000,188100000,138700000,255100000,0.7,ok
면적 입력,8660,화곡동,328000000,268000000,225500000,318400000,0.81,ok
면적 입력,8661,화곡동,250000000,277400000,233400000,329600000,0.84,ok
면적 입력,8662,화곡동,190000000,184100000,154900000,218800000,0.87,ok
면적 입력,8664,화곡동,270000000,224300000,179700000,280100000,0.77,ok
면적 입력,8665,화곡동,145000000,167600000,134300000,209300000,0.79,ok
면적 입력,8666,화곡동,220000000,225200000,189500000,267700000,0.81,ok
면적 입력,8667,화곡동,340000000,282200000,226000000,352300000,0.78,ok
면적 입력,8668,화곡동,175000000,197500000,166200000,234700000,0.82,ok
면적 입력,8680,화곡동,90000000,102500000,67900000,154600000,0.59,ok
면적 입력,8681,화곡동,239000000,245500000,206500000,291700000,0.82,ok
면적 입력,8683,화곡동,270000000,261700000,209600000,326800000,0.75,ok
면적 입력,8687,화곡동,225000000,238100000,190700000,297300000,0.78,ok
면적 입력,8689,화곡동,210000000,221600000,177500000,276700000,0.74,ok
면적 입력,8690,화곡동,249000000,231800000,195000000,275400000,0.82,ok
면적 입력,8692,화곡동,260000000,199100000,146800000,269900000,0.68,ok
면적 입력,8693,화곡동,208000000,275600000,220700000,344100000,0.77,ok
면적 입력,8694,화곡동,375000000,360000000,302900000,427800000,0.81,ok
면적 입력,8695,화곡동,277000000,237300000,199700000,282000000,0.86,ok
면적 입력,8696,화곡동,250000000,245500000,206600000,291800000,0.81,ok
면적 입력,8698,화곡동,225000000,235200000,198000000,279600000,0.82,ok
면적 입력,8699,화곡동,285000000,240300000,177200000,325900000,0.68,ok
면적 입력,8701,화곡동,185000000,214500000,171800000,267800000,0.79,ok
면적 입력,8703,화곡동,225000000,212500000,178800000,252500000,0.82,ok
면적 입력,8706,화곡동,295000000,262700000,221000000,312200000,0.84,ok
면적 입력,8707,화곡동,130000000,204500000,163800000,255300000,0.74,ok
면적 입력,8708,화곡동,163000000,143400000,120700000,170400000,0.83,ok
면적 입력,8709,화곡동,255000000,214100000,157900000,290300000,0.65,ok
면적 입력,8710,화곡동,150000000,205600000,164700000,256700000,0.77,ok
면적 입력,8714,화곡동,365000000,376000000,316400000,446900000,0.87,ok
면적 입력,8716,화곡동,220000000,226100000,181100000,282300000,0.76,ok
면적 입력,8717,화곡동,235000000,211100000,177600000,250800000,0.83,ok
면적 입력,8719,화곡동,90000000,115700000,76700000,174600000,0.57,ok
면적 입력,8720,화곡동,100000000,156400000,125300000,195300000,0.79,ok
면적 입력,8721,화곡동,215000000,204200000,163500000,255000000,0.78,ok
면적 입력,8723,화곡동,250000000,282200000,237500000,335400000,0.84,ok
면적 입력,8724,화곡동,263000000,293100000,246700000,348400000,0.84,ok
면적 입력,8729,화곡동,270000000,242100000,203700000,287700000,0.83,ok
면적 입력,8730,화곡동,260000000,249300000,209800000,296300000,0.82,ok
면적 입력,8734,화곡동,200000000,226900000,190900000,269600000,0.8,ok
면적 입력,8737,화곡동,225000000,249700000,210100000,296700000,0.81,ok
면적 입력,8738,화곡동,220000000,233800000,196800000,277900000,0.8,ok
면적 입력,8742,화곡동,290000000,267400000,214200000,333900000,0.7,ok
면적 입력,8744,화곡동,203000000,217700000,160600000,295300000,0.68,ok
면적 입력,8747,화곡동,255000000,246400000,207300000,292800000,0.81,ok
면적 입력,8751,화곡동,142000000,155600000,124600000,194300000,0.79,ok
면적 입력,8755,화곡동,242000000,263700000,221900000,313400000,0.85,ok
면적 입력,8756,화곡동,150000000,187000000,157300000,222200000,0.84,ok
면적 입력,8757,화곡동,290000000,259200000,218100000,308100000,0.82,ok
면적 입력,8758,화곡동,285000000,291600000,245400000,346600000,0.81,ok
면적 입력,8759,화곡동,190000000,234100000,197000000,278200000,0.86,ok
면적 입력,8760,화곡동,228000000,214900000,172100000,268300000,0.8,ok
면적 입력,8762,화곡동,145000000,157900000,126400000,197100000,0.77,ok
면적 입력,8764,화곡동,122000000,146500000,97100000,221000000,0.49,ok
면적 입력,8765,화곡동,272000000,241600000,203300000,287100000,0.83,ok
면적 입력,8768,화곡동,138000000,183200000,146700000,228700000,0.77,ok
면적 입력,8769,화곡동,150000000,157600000,104500000,237700000,0.46,ok
면적 입력,8772,화곡동,287000000,286000000,240600000,339900000,0.83,ok
면적 입력,8775,화곡동,272000000,249700000,210100000,296800000,0.81,ok
면적 입력,8777,화곡동,175000000,224200000,179600000,279900000,0.74,ok
면적 입력,8778,화곡동,305000000,259500000,218400000,308400000,0.82,ok
면적 입력,8780,화곡동,197000000,185200000,148300000,231200000,0.73,ok
면적 입력,8781,화곡동,160000000,197200000,158000000,246300000,0.8,ok
면적 입력,8782,화곡동,213000000,245700000,206800000,292000000,0.84,ok
면적 입력,8783,화곡동,128000000,184400000,155100000,219100000,0.81,ok
면적 입력,8786,화곡동,269000000,304200000,256000000,361500000,0.84,ok
면적 입력,8787,화곡동,170000000,183800000,154600000,218400000,0.83,ok
면적 입력,8788,화곡동,210000000,216000000,173000000,269700000,0.71,ok
면적 입력,8790,화곡동,151000000,212500000,178800000,252500000,0.81,ok
면적 입력,8791,화곡동,159000000,195400000,144100000,265000000,0.68,ok
면적 입력,8792,화곡동,288000000,246100000,207100000,292500000,0.83,ok
면적 입력,8793,화곡동,200000000,182600000,153600000,216900000,0.87,ok
면적 입력,8794,화곡동,52000000,89300000,59200000,134700000,0.44,ok
면적 입력,8796,화곡동,170000000,189000000,151300000,235900000,0.75,ok
면적 입력,8797,화곡동,350000000,316200000,266100000,375800000,0.85,ok
면적 입력,8798,화곡동,236000000,251800000,211900000,299200000,0.82,ok
면적 입력,8802,화곡동,250000000,240000000,192200000,299700000,0.75,ok
면적 입력,8805,화곡동,310000000,276000000,232200000,327900000,0.8,ok
면적 입력,8810,화곡동,193000000,175700000,147900000,208800000,0.82,ok
면적 입력,8811,화곡동,248000000,262400000,220800000,311800000,0.86,ok
면적 입력,8814,화곡동,200000000,246700000,197600000,308000000,0.7,ok
면적 입력,8817,화곡동,250000000,265800000,223700000,315900000,0.83,ok
면적 입력,8818,화곡동,190000000,200700000,168800000,238500000,0.84,ok
면적 입력,8819,화곡동,130000000,154600000,102500000,233100000,0.59,ok
면적 입력,8824,화곡동,218000000,227400000,191300000,270200000,0.86,ok
면적 입력,8826,화곡동,153000000,149900000,126100000,178100000,0.86,ok
면적 입력,8827,화곡동,102000000,144800000,115900000,180700000,0.73,ok
면적 입력,8828,화곡동,137000000,192900000,154500000,240800000,0.79,ok
면적 입력,8829,화곡동,137000000,174200000,146600000,207000000,0.81,ok
면적 입력,8830,화곡동,188000000,189500000,159500000,225300000,0.83,ok
면적 입력,8834,화곡동,260000000,258000000,217100000,306600000,0.83,ok
면적 입력,8835,화곡동,220000000,262000000,220400000,311300000,0.81,ok
면적 입력,8836,화곡동,160000000,158000000,104800000,238400000,0.56,ok
면적 입력,8839,화곡동,220000000,199000000,167400000,236500000,0.8,ok
면적 입력,8841,화곡동,222500000,232800000,195900000,276600000,0.84,ok
면적 입력,8844,화곡동,218000000,215900000,181700000,256600000,0.85,ok
면적 입력,8847,화곡동,263000000,247900000,208600000,294600000,0.87,ok
면적 입력,8848,화곡동,200000000,293000000,246500000,348200000,0.81,ok
면적 입력,8849,화곡동,257000000,241900000,203600000,287500000,0.86,ok
면적 입력,8850,화곡동,218000000,160700000,128700000,200700000,0.74,ok
면적 입력,8852,화곡동,177000000,168500000,141800000,200300000,0.84,ok
면적 입력,8854,화곡동,400000000,396900000,334000000,471700000,0.8,ok
면적 입력,8856,화곡동,350000000,299000000,239500000,373300000,0.75,ok
면적 입력,8857,화곡동,245000000,274100000,219500000,342200000,0.71,ok
면적 입력,8858,화곡동,180000000,213000000,179200000,253100000,0.84,ok
면적 입력,8859,화곡동,171000000,194400000,155700000,242800000,0.78,ok
면적 입력,8862,화곡동,180000000,175000000,147300000,208000000,0.81,ok
면적 입력,8864,화곡동,200000000,128200000,85000000,193300000,0.41,ok
면적 입력,8866,화곡동,239000000,244400000,205700000,290500000,0.83,ok
면적 입력,8867,화곡동,237000000,279800000,224100000,349300000,0.79,ok
면적 입력,8869,화곡동,278000000,244800000,196100000,305600000,0.78,ok
면적 입력,8870,화곡동,95000000,129200000,85700000,194900000,0.49,ok
면적 입력,8872,화곡동,264000000,260800000,219400000,309900000,0.83,ok
면적 입력,8874,화곡동,185000000,187400000,150100000,234000000,0.79,ok
면적 입력,8876,화곡동,210000000,230800000,194200000,274300000,0.85,ok
면적 입력,8877,화곡동,160000000,202400000,170300000,240500000,0.82,ok
면적 입력,8880,화곡동,160000000,109100000,72300000,164600000,0.53,ok
면적 입력,8881,화곡동,235000000,280600000,224700000,350300000,0.79,ok
면적 입력,8883,화곡동,230000000,259500000,207800000,324000000,0.76,ok
면적 입력,8886,화곡동,299000000,204800000,151000000,277700000,0.62,ok
면적 입력,8887,화곡동,275000000,236600000,174500000,320900000,0.64,ok
면적 입력,8888,화곡동,210000000,230200000,184300000,287400000,0.77,ok
면적 입력,8889,화곡동,148000000,176400000,141300000,220200000,0.79,ok
면적 입력,8893,화곡동,213000000,207500000,166200000,259100000,0.75,ok
면적 입력,8896,화곡동,261500000,262300000,220700000,311700000,0.83,ok
면적 입력,8897,화곡동,50000000,109200000,72400000,164700000,0.54,ok
면적 입력,8899,화곡동,278000000,277200000,233300000,329400000,0.82,ok
면적 입력,8904,화곡동,260000000,255000000,214600000,303000000,0.88,ok
면적 입력,8905,화곡동,215000000,212400000,170100000,265200000,0.79,ok
면적 입력,8908,화곡동,170000000,247900000,182800000,336200000,0.65,ok
면적 입력,8911,화곡동,165000000,174900000,147200000,207900000,0.85,ok
면적 입력,8912,화곡동,233000000,190200000,160100000,226000000,0.85,ok
면적 입력,8913,화곡동,230000000,200000000,168300000,237700000,0.84,ok
면적 입력,8918,화곡동,240000000,236800000,189700000,295700000,0.77,ok
면적 입력,8919,화곡동,185000000,228400000,182900000,285100000,0.77,ok
면적 입력,8920,화곡동,230000000,229700000,193300000,273000000,0.84,ok
면적 입력,8921,화곡동,350000000,222100000,177900000,277300000,0.76,ok
면적 입력,8922,화곡동,445000000,315600000,232700000,427900000,0.64,ok
면적 입력,8923,화곡동,197000000,253400000,203000000,316400000,0.76,ok
면적 입력,8924,화곡동,327000000,346000000,291100000,411100000,0.84,ok
면적 입력,8925,화곡동,338000000,223400000,188000000,265400000,0.8,ok
면적 입력,8930,화곡동,113000000,133000000,88200000,200700000,0.6,ok
면적 입력,8931,화곡동,277000000,236200000,198800000,280700000,0.81,ok
면적 입력,8933,화곡동,207000000,210500000,177200000,250200000,0.83,ok
면적 입력,8934,화곡동,110000000,125400000,83100000,189100000,0.31,ok
면적 입력,8935,화곡동,185000000,194000000,155400000,242300000,0.79,ok
면적 입력,8936,화곡동,210000000,215400000,172500000,268900000,0.74,ok
면적 입력,8938,화곡동,200000000,183800000,154700000,218500000,0.82,ok
면적 입력,8939,화곡동,120000000,186000000,156500000,221000000,0.83,ok
면적 입력,8940,화곡동,220000000,223200000,187800000,265200000,0.84,ok
면적 입력,8944,화곡동,257000000,234300000,197200000,278500000,0.82,ok
면적 입력,8945,화곡동,230000000,261200000,209200000,326200000,0.8,ok
면적 입력,8947,화곡동,330000000,267300000,224900000,317600000,0.82,ok
면적 입력,8950,화곡동,175000000,211400000,177900000,251200000,0.81,ok
면적 입력,8951,화곡동,210000000,208400000,175400000,247600000,0.81,ok
면적 입력,8953,화곡동,175000000,205900000,173300000,244700000,0.82,ok
면적 입력,8962,화곡동,200000000,225700000,189900000,268200000,0.82,ok
면적 입력,8963,화곡동,93000000,109600000,72600000,165300000,0.5,ok
면적 입력,8966,화곡동,220000000,238000000,190600000,297200000,0.7,ok
면적 입력,8968,화곡동,150000000,154500000,130000000,183600000,0.81,ok
면적 입력,8969,화곡동,185000000,183200000,154200000,217800000,0.84,ok
면적 입력,8970,화곡동,195000000,244500000,205800000,290600000,0.82,ok
면적 입력,8973,화곡동,255000000,319600000,256000000,399000000,0.71,ok
면적 입력,8977,화곡동,257000000,250900000,211100000,298100000,0.83,ok
면적 입력,8978,화곡동,238000000,232200000,185900000,289900000,0.72,ok
면적 입력,8980,화곡동,115000000,169300000,135600000,211400000,0.76,ok
면적 입력,8984,화곡동,340000000,235600000,198200000,279900000,0.84,ok
면적 입력,8985,화곡동,285000000,282700000,237900000,336000000,0.82,ok
면적 입력,8986,화곡동,133000000,143100000,114600000,178700000,0.74,ok
면적 입력,8987,화곡동,270000000,247600000,198300000,309200000,0.77,ok
면적 입력,8988,화곡동,235000000,233500000,187000000,291600000,0.8,ok
면적 입력,8989,화곡동,135000000,212800000,156900000,288600000,0.63,ok
면적 입력,8992,화곡동,170000000,177600000,149400000,211100000,0.84,ok
면적 입력,8993,화곡동,210000000,190000000,159900000,225800000,0.84,ok
면적 입력,8994,화곡동,220000000,204800000,164000000,255700000,0.79,ok
면적 입력,8996,화곡동,180000000,202300000,170200000,240400000,0.83,ok
면적 입력,8999,화곡동,250000000,254000000,203400000,317100000,0.79,ok
면적 입력,9004,화곡동,210000000,184100000,154900000,218800000,0.82,ok
면적 입력,9005,화곡동,215000000,223600000,188100000,265700000,0.82,ok
면적 입력,9007,화곡동,300000000,254800000,214400000,302800000,0.83,ok
면적 입력,9009,화곡동,290000000,255400000,214900000,303600000,0.84,ok
면적 입력,9011,화곡동,290000000,266000000,223800000,316100000,0.8,ok
면적 입력,9012,화곡동,208000000,240800000,192800000,300600000,0.75,ok
면적 입력,9014,화곡동,227000000,252600000,212500000,300100000,0.86,ok
면적 입력,9016,화곡동,330000000,156600000,125400000,195500000,0.74,ok
면적 입력,9021,화곡동,213000000,283500000,238600000,337000000,0.84,ok
면적 입력,9024,화곡동,238000000,266100000,223900000,316200000,0.82,ok
면적 입력,9025,화곡동,285000000,260000000,218800000,309000000,0.84,ok
면적 입력,9026,화곡동,188000000,225800000,180900000,282000000,0.73,ok
면적 입력,9027,화곡동,375000000,196600000,130300000,296500000,0.53,ok
면적 입력,9030,화곡동,265000000,222300000,187100000,264200000,0.83,ok
면적 입력,9032,화곡동,174000000,217800000,174400000,271900000,0.74,ok
면적 입력,9033,화곡동,185000000,202800000,162400000,253200000,0.8,ok
면적 입력,9034,화곡동,240000000,214300000,180400000,254700000,0.81,ok
면적 입력,9035,화곡동,260000000,247000000,207900000,293600000,0.86,ok
면적 입력,9036,화곡동,240000000,223400000,188000000,265500000,0.85,ok
면적 입력,9041,화곡동,170000000,179800000,151300000,213700000,0.85,ok
면적 입력,9044,화곡동,200000000,198000000,158600000,247200000,0.78,ok
면적 입력,9045,화곡동,263000000,241600000,203300000,287100000,0.83,ok
면적 입력,9048,화곡동,216000000,229700000,193300000,273000000,0.81,ok
면적 입력,9049,화곡동,390000000,227600000,167800000,308600000,0.7,ok
면적 입력,9052,화곡동,220000000,219900000,145700000,331600000,0.59,ok
면적 입력,9054,화곡동,195000000,207000000,174200000,246000000,0.81,ok
면적 입력,9056,화곡동,250000000,288500000,242700000,342800000,0.84,ok
면적 입력,9058,화곡동,300000000,315900000,265800000,375400000,0.89,ok
면적 입력,9060,화곡동,179000000,193900000,163100000,230400000,0.85,ok
면적 입력,9061,화곡동,152000000,118800000,78700000,179100000,0.36,ok
면적 입력,9064,화곡동,180000000,178300000,142800000,222600000,0.8,ok
면적 입력,9065,화곡동,169000000,191600000,141300000,259800000,0.63,ok
면적 입력,9066,화곡동,171000000,191900000,161500000,228000000,0.82,ok
면적 입력,9067,화곡동,175000000,194700000,163800000,231400000,0.84,ok
면적 입력,9070,화곡동,200000000,224500000,188900000,266800000,0.8,ok
면적 입력,9071,화곡동,215000000,233100000,186700000,291000000,0.79,ok
면적 입력,9072,화곡동,185000000,197900000,145900000,268300000,0.67,ok
면적 입력,9073,화곡동,178000000,179400000,151000000,213200000,0.85,ok
면적 입력,9075,화곡동,220000000,265500000,212600000,331500000,0.79,ok
면적 입력,9076,화곡동,123000000,144700000,95900000,218200000,0.54,ok
면적 입력,9077,화곡동,249000000,203700000,171400000,242000000,0.87,ok
면적 입력,9078,화곡동,180000000,213000000,179200000,253100000,0.84,ok
면적 입력,9079,화곡동,165000000,187400000,157700000,222700000,0.82,ok
면적 입력,9080,화곡동,260000000,287700000,230500000,359300000,0.75,ok
면적 입력,9084,화곡동,359000000,316000000,253100000,394600000,0.79,ok
면적 입력,9089,화곡동,235000000,275600000,231900000,327500000,0.84,ok
면적 입력,9091,화곡동,265000000,244300000,205600000,290400000,0.84,ok
면적 입력,9095,화곡동,234000000,217700000,183200000,258800000,0.84,ok
면적 입력,9096,화곡동,250000000,215900000,181700000,256600000,0.84,ok
면적 입력,9100,화곡동,227000000,244900000,206100000,291100000,0.85,ok
면적 입력,9102,화곡동,150000000,179200000,150800000,213000000,0.82,ok
면적 입력,9104,화곡동,279000000,279200000,234900000,331800000,0.87,ok
면적 입력,9108,화곡동,180000000,145300000,96300000,219200000,0.57,ok
면적 입력,9111,화곡동,230000000,213300000,170800000,266300000,0.76,ok
면적 입력,9115,화곡동,240000000,231700000,195000000,275400000,0.8,ok
면적 입력,9119,화곡동,145000000,185700000,148700000,231900000,0.74,ok
면적 입력,9121,화곡동,420000000,310300000,228800000,420800000,0.69,ok
면적 입력,9123,화곡동,259000000,271800000,228700000,323000000,0.83,ok
면적 입력,9124,화곡동,255000000,275700000,232000000,327600000,0.84,ok
면적 입력,9125,화곡동,182000000,182500000,146100000,227800000,0.79,ok
면적 입력,9126,화곡동,260000000,205500000,164600000,256600000,0.79,ok
면적 입력,9129,화곡동,160000000,166700000,110500000,251500000,0.6,ok
면적 입력,9131,화곡동,165000000,156800000,132000000,186400000,0.82,ok
면적 입력,9133,화곡동,210000000,182400000,153500000,216700000,0.8,ok
면적 입력,9134,화곡동,430000000,317200000,254100000,396100000,0.75,ok
면적 입력,9139,화곡동,150000000,178700000,118500000,269600000,0.58,ok
면적 입력,9140,화곡동,233550000,262300000,220700000,311700000,0.85,ok
면적 입력,9141,화곡동,235940000,262300000,220700000,311700000,0.85,ok
면적 입력,9142,화곡동,235260000,265800000,223700000,315900000,0.85,ok
면적 입력,9143,화곡동,240370000,265800000,223700000,315900000,0.85,ok
면적 입력,9144,화곡동,235940000,261800000,220300000,311100000,0.85,ok
면적 입력,9145,화곡동,238440000,261800000,220300000,311100000,0.85,ok
면적 입력,9146,화곡동,237820000,265200000,223200000,315200000,0.85,ok
면적 입력,9147,화곡동,242930000,265200000,223200000,315200000,0.85,ok
면적 입력,9148,화곡동,239760000,256600000,216000000,305000000,0.85,ok
면적 입력,9149,화곡동,240950000,256600000,216000000,305000000,0.85,ok
면적 입력,9150,화곡동,239160000,260100000,218800000,309100000,0.85,ok
면적 입력,9151,화곡동,242930000,260100000,218800000,309100000,0.85,ok
면적 입력,9152,화곡동,239760000,260400000,219100000,309400000,0.85,ok
면적 입력,9153,화곡동,240950000,260400000,219100000,309400000,0.85,ok
면적 입력,9154,화곡동,242930000,263800000,222000000,313500000,0.85,ok
면적 입력,9155,화곡동,242930000,263800000,222000000,313500000,0.85,ok
면적 입력,9156,화곡동,239760000,260300000,219000000,309300000,0.85,ok
면적 입력,9157,화곡동,242270000,260300000,219000000,309300000,0.85,ok
면적 입력,9158,화곡동,242930000,263800000,222000000,313500000,0.85,ok
면적 입력,9159,화곡동,242930000,263800000,222000000,313500000,0.85,ok
면적 입력,9160,화곡동,224000000,234800000,188000000,293100000,0.74,ok
면적 입력,9162,화곡동,165000000,185600000,148600000,231700000,0.76,ok
면적 입력,9163,화곡동,198000000,253500000,213300000,301300000,0.82,ok
면적 입력,9164,화곡동,278000000,240000000,192200000,299700000,0.75,ok
면적 입력,9168,화곡동,270000000,254300000,203700000,317500000,0.73,ok
면적 입력,9175,화곡동,125000000,162800000,137000000,193500000,0.82,ok
면적 입력,9176,화곡동,200000000,222000000,177800000,277200000,0.78,ok
면적 입력,9177,화곡동,360000000,286900000,241400000,341000000,0.84,ok
면적 입력,9179,화곡동,160000000,175000000,147300000,208000000,0.82,ok
면적 입력,9180,화곡동,250000000,245600000,196700000,306700000,0.71,ok
면적 입력,9181,화곡동,120000000,142800000,114300000,178200000,0.76,ok
면적 입력,9183,화곡동,302000000,308200000,259300000,366200000,0.89,ok
면적 입력,9184,화곡동,266000000,261500000,209400000,326500000,0.76,ok
면적 입력,9188,화곡동,298000000,239100000,201200000,284200000,0.86,ok
면적 입력,9193,화곡동,449000000,345600000,276800000,431500000,0.75,ok
면적 입력,9194,화곡동,155000000,149800000,126000000,178000000,0.81,ok
면적 입력,9196,화곡동,249000000,194800000,163900000,231500000,0.82,ok
면적 입력,9197,화곡동,220000000,199200000,167600000,236700000,0.85,ok
면적 입력,9202,화곡동,270000000,233700000,172300000,316900000,0.62,ok
면적 입력,9207,화곡동,250000000,219500000,184700000,260900000,0.86,ok
면적 입력,9208,화곡동,138000000,137400000,115600000,163300000,0.8,ok
면적 입력,9214,화곡동,140000000,151100000,121000000,188700000,0.73,ok
면적 입력,9215,화곡동,100000000,108400000,71900000,163500000,0.59,ok
면적 입력,9222,화곡동,215000000,196100000,165000000,233000000,0.83,ok
면적 입력,9227,화곡동,175000000,177000000,141800000,221000000,0.78,ok
면적 입력,9228,화곡동,310000000,285000000,239900000,338700000,0.81,ok
면적 입력,9230,화곡동,159000000,184200000,155000000,218900000,0.8,ok
면적 입력,9231,화곡동,190000000,184300000,147600000,230100000,0.71,ok
면적 입력,9232,화곡동,299000000,241600000,193500000,301700000,0.79,ok
면적 입력,9239,화곡동,248000000,347000000,278000000,433300000,0.79,ok
면적 입력,9240,화곡동,550000000,355900000,262500000,482700000,0.68,ok
면적 입력,9244,화곡동,160000000,157400000,126100000,196600000,0.76,ok
면적 입력,9246,화곡동,155000000,158800000,117100000,215300000,0.69,ok
면적 입력,9248,화곡동,270000000,215900000,181700000,256600000,0.84,ok
면적 입력,9249,화곡동,180000000,175300000,140400000,218900000,0.78,ok
면적 입력,9251,화곡동,360000000,211100000,169100000,263600000,0.71,ok
면적 입력,9252,화곡동,287000000,245800000,196900000,306900000,0.78,ok
면적 입력,9254,화곡동,235000000,220900000,176900000,275800000,0.72,ok
면적 입력,9255,화곡동,350000000,363200000,305600000,431600000,0.9,ok
면적 입력,9260,화곡동,380000000,289500000,231800000,361400000,0.77,ok
면적 입력,9261,화곡동,471000000,322300000,258100000,402400000,0.77,ok
면적 입력,9263,화곡동,180000000,205300000,172700000,244000000,0.84,ok
면적 입력,9265,화곡동,250000000,214700000,180700000,255200000,0.84,ok
면적 입력,9266,화곡동,239000000,254900000,214500000,302900000,0.82,ok
면적 입력,9267,화곡동,170000000,187500000,157700000,222800000,0.83,ok
면적 입력,9268,화곡동,400000000,257200000,189600000,348700000,0.67,ok
면적 입력,9271,화곡동,183000000,216600000,182300000,257400000,0.87,ok
면적 입력,9272,화곡동,215000000,223500000,188100000,265600000,0.81,ok
면적 입력,9277,화곡동,130000000,116900000,98400000,139000000,0.85,ok
면적 입력,9278,화곡동,340000000,173700000,128100000,235500000,0.61,ok
면적 입력,9279,화곡동,140000000,146300000,97000000,220700000,0.45,ok
면적 입력,9283,화곡동,300000000,209700000,139000000,316300000,0.37,ok
면적 입력,9285,화곡동,150000000,144700000,95900000,218200000,0.56,ok
면적 입력,9286,화곡동,250000000,263800000,222000000,313500000,0.89,ok
면적 입력,9287,화곡동,100000000,146900000,97400000,221600000,0.45,ok
면적 입력,9288,화곡동,190000000,202200000,161900000,252500000,0.79,ok
면적 입력,9292,화곡동,157000000,177300000,142000000,221400000,0.77,ok
면적 입력,9294,화곡동,220000000,220000000,185100000,261400000,0.84,ok
면적 입력,9295,화곡동,230000000,249100000,209600000,296000000,0.85,ok
면적 입력,9299,화곡동,246000000,271000000,228000000,322100000,0.82,ok
면적 입력,9301,화곡동,238000000,258100000,206700000,322200000,0.79,ok
면적 입력,9302,화곡동,183000000,208500000,167000000,260400000,0.8,ok
면적 입력,9303,화곡동,310000000,309300000,260300000,367600000,0.87,ok
면적 입력,9304,화곡동,230000000,215600000,181500000,256300000,0.81,ok
면적 입력,9305,화곡동,225000000,220600000,185600000,262100000,0.85,ok
면적 입력,9307,화곡동,251000000,257400000,216600000,305900000,0.85,ok
면적 입력,9308,화곡동,165000000,178400000,150100000,212000000,0.81,ok
면적 입력,9309,화곡동,90000000,93500000,62000000,141000000,0.55,ok
면적 입력,9310,화곡동,264000000,249400000,209900000,296400000,0.81,ok
면적 입력,9316,화곡동,250000000,265600000,223500000,315600000,0.89,ok
면적 입력,9317,화곡동,290000000,238200000,200400000,283000000,0.84,ok
면적 입력,9320,화곡동,195000000,177400000,149300000,210800000,0.84,ok
면적 입력,9326,화곡동,190000000,183800000,147200000,229500000,0.79,ok
면적 입력,9328,화곡동,210000000,236100000,174100000,320200000,0.69,ok
면적 입력,9329,화곡동,215000000,227600000,182300000,284100000,0.79,ok
면적 입력,9330,화곡동,215000000,227600000,182300000,284100000,0.79,ok
면적 입력,9331,화곡동,255000000,214500000,180500000,254900000,0.81,ok
면적 입력,9332,화곡동,185000000,179100000,150700000,212800000,0.82,ok
면적 입력,9334,화곡동,104000000,132000000,111100000,156900000,0.82,ok
면적 입력,9336,화곡동,230000000,219600000,184700000,260900000,0.87,ok
면적 입력,9339,화곡동,420000000,322500000,258300000,402700000,0.72,ok
면적 입력,9340,화곡동,265000000,233000000,186600000,290900000,0.73,ok
면적 입력,9344,화곡동,150000000,215800000,143100000,325600000,0.57,ok
면적 입력,9345,화곡동,120000000,195100000,156300000,243600000,0.76,ok
면적 입력,9346,화곡동,194000000,193700000,163000000,230200000,0.84,ok
면적 입력,9347,화곡동,250000000,239100000,191500000,298500000,0.74,ok
면적 입력,9348,화곡동,173000000,197900000,166600000,235200000,0.83,ok
면적 입력,9349,화곡동,131000000,219200000,184400000,260500000,0.81,ok
면적 입력,9351,화곡동,212000000,211000000,177600000,250800000,0.83,ok
면적 입력,9352,화곡동,255000000,262100000,220500000,311500000,0.83,ok
면적 입력,9354,화곡동,307000000,268600000,215100000,335400000,0.79,ok
면적 입력,9355,화곡동,220000000,225100000,189400000,267500000,0.82,ok
면적 입력,9357,화곡동,285000000,227600000,191500000,270500000,0.84,ok
면적 입력,9358,화곡동,90000000,110600000,73300000,166800000,0.56,ok
면적 입력,9360,화곡동,169000000,175500000,140500000,219100000,0.74,ok
면적 입력,9361,화곡동,135000000,129500000,103700000,161700000,0.79,ok
면적 입력,9362,화곡동,105000000,125100000,92200000,169600000,0.69,ok
면적 입력,9364,화곡동,235000000,213000000,170600000,266000000,0.8,ok
면적 입력,9368,화곡동,187000000,201600000,169600000,239600000,0.81,ok
면적 입력,9369,화곡동,203000000,163600000,137600000,194400000,0.83,ok
면적 입력,9373,화곡동,270000000,233000000,196100000,276900000,0.83,ok
면적 입력,9374,화곡동,206000000,251400000,211500000,298700000,0.82,ok
면적 입력,9375,화곡동,140000000,113400000,75200000,171100000,0.54,ok
면적 입력,9377,화곡동,222000000,210200000,176900000,249800000,0.85,ok
면적 입력,9379,화곡동,240000000,189200000,151500000,236200000,0.76,ok
면적 입력,9382,화곡동,310000000,238600000,200800000,283500000,0.81,ok
면적 입력,9383,화곡동,258000000,246500000,207400000,293000000,0.86,ok
면적 입력,9384,화곡동,90000000,115900000,97500000,137700000,0.81,ok
면적 입력,9385,화곡동,272000000,228200000,192000000,271200000,0.81,ok
면적 입력,9390,화곡동,208000000,220800000,185800000,262400000,0.84,ok
면적 입력,9391,화곡동,285000000,277100000,233200000,329400000,0.83,ok
면적 입력,9392,화곡동,200000000,279400000,235100000,332000000,0.83,ok
면적 입력,9395,화곡동,430000000,352900000,282600000,440600000,0.7,ok
면적 입력,9397,화곡동,250000000,182100000,145800000,227300000,0.76,ok
면적 입력,9398,화곡동,247000000,212100000,169900000,264800000,0.74,ok
면적 입력,9401,화곡동,240000000,265500000,212600000,331500000,0.79,ok
면적 입력,9405,화곡동,230000000,200500000,147800000,271900000,0.66,ok
면적 입력,9406,화곡동,153000000,158600000,105200000,239300000,0.51,ok
면적 입력,9409,화곡동,160000000,162300000,130000000,202600000,0.74,ok
면적 입력,9417,화곡동,160000000,192200000,161800000,228500000,0.83,ok
면적 입력,9420,화곡동,300000000,242800000,204300000,288600000,0.8,ok
면적 입력,9421,화곡동,170000000,180400000,151800000,214400000,0.84,ok
면적 입력,9423,화곡동,200000000,241400000,203100000,286900000,0.81,ok
면적 입력,9425,화곡동,232000000,285600000,240300000,339400000,0.85,ok
면적 입력,9427,화곡동,290000000,244300000,195600000,305000000,0.77,ok
면적 입력,9428,화곡동,398000000,257900000,206600000,322100000,0.77,ok
면적 입력,9430,화곡동,245000000,206100000,173500000,245000000,0.81,ok
면적 입력,9431,화곡동,330000000,271200000,217200000,338600000,0.78,ok
면적 입력,9432,화곡동,205000000,207900000,166500000,259600000,0.78,ok
면적 입력,9434,화곡동,175000000,169300000,124900000,229600000,0.7,ok
면적 입력,9437,화곡동,228000000,220100000,185200000,261500000,0.86,ok
면적 입력,9440,화곡동,198000000,215600000,181400000,256200000,0.8,ok
면적 입력,9441,화곡동,400000000,243900000,205200000,289800000,0.83,ok
면적 입력,9443,화곡동,227000000,255100000,204300000,318500000,0.77,ok
면적 입력,9444,화곡동,298000000,265700000,223500000,315700000,0.81,ok
면적 입력,9450,화곡동,220000000,214400000,180400000,254800000,0.82,ok
면적 입력,9451,화곡동,113000000,177500000,149400000,211000000,0.81,ok
면적 입력,9452,화곡동,150000000,163900000,131200000,204600000,0.74,ok
면적 입력,9453,화곡동,165000000,201300000,161200000,251400000,0.75,ok
면적 입력,9455,화곡동,160000000,163900000,137900000,194800000,0.83,ok
면적 입력,9458,화곡동,223000000,227500000,191400000,270400000,0.87,ok
면적 입력,9460,화곡동,175000000,187500000,157700000,222800000,0.83,ok
면적 입력,9463,화곡동,240000000,207600000,174700000,246700000,0.83,ok
면적 입력,9464,화곡동,260000000,247900000,208600000,294500000,0.86,ok
면적 입력,9468,화곡동,164000000,177200000,149100000,210600000,0.82,ok
면적 입력,9469,화곡동,283500000,293100000,246600000,348300000,0.82,ok
면적 입력,9471,화곡동,110000000,116200000,77100000,175300000,0.57,ok
면적 입력,9473,화곡동,135000000,132700000,97900000,180000000,0.61,ok
면적 입력,9475,화곡동,175000000,163300000,137400000,194000000,0.81,ok
면적 입력,9477,화곡동,120960000,189600000,151800000,236700000,0.75,ok
면적 입력,9478,화곡동,123650000,188200000,150700000,235000000,0.74,ok
면적 입력,9479,화곡동,134400000,245800000,206800000,292100000,0.85,ok
면적 입력,9480,화곡동,151000000,165200000,132300000,206300000,0.7,ok
면적 입력,9483,화곡동,490000000,421300000,354500000,500700000,0.8,ok
면적 입력,9484,화곡동,242000000,220800000,176900000,275700000,0.72,ok
면적 입력,9485,화곡동,230000000,230400000,193900000,273800000,0.81,ok
면적 입력,9487,화곡동,280000000,245800000,196900000,306900000,0.78,ok
면적 입력,9488,화곡동,160000000,161300000,129200000,201500000,0.77,ok
면적 입력,9489,화곡동,250000000,231200000,194600000,274800000,0.83,ok
면적 입력,9491,화곡동,194000000,214700000,171900000,268000000,0.78,ok
면적 입력,9492,화곡동,230000000,240400000,192600000,300200000,0.75,ok
면적 입력,9493,화곡동,267000000,190700000,160500000,226600000,0.83,ok
면적 입력,9494,화곡동,296000000,265000000,223000000,314900000,0.8,ok
면적 입력,9499,화곡동,350000000,293300000,234900000,366200000,0.79,ok
면적 입력,9501,화곡동,260000000,292700000,246300000,347900000,0.86,ok
면적 입력,9502,화곡동,200000000,217900000,174500000,272100000,0.79,ok
면적 입력,9503,화곡동,105000000,159700000,117700000,216500000,0.7,ok
면적 입력,9506,화곡동,250000000,252100000,212200000,299600000,0.86,ok
면적 입력,9507,화곡동,250000000,263000000,221300000,312500000,0.9,ok
면적 입력,9508,화곡동,250000000,268900000,226300000,319500000,0.89,ok
면적 입력,9509,화곡동,250000000,269900000,227100000,320700000,0.89,ok
면적 입력,9510,화곡동,250000000,269900000,227100000,320800000,0.89,ok
면적 입력,9511,화곡동,250000000,265400000,223300000,315400000,0.89,ok
면적 입력,9512,화곡동,250000000,267400000,225000000,317700000,0.89,ok
면적 입력,9513,화곡동,250000000,262700000,221000000,312200000,0.89,ok
면적 입력,9514,화곡동,158000000,175100000,116100000,264100000,0.57,ok
면적 입력,9515,화곡동,270000000,223600000,188100000,265700000,0.85,ok
면적 입력,9517,화곡동,265000000,254000000,213800000,301900000,0.85,ok
면적 입력,9519,화곡동,153000000,107400000,71200000,162000000,0.47,ok
면적 입력,9521,화곡동,430000000,232400000,186100000,290200000,0.72,ok
면적 입력,9526,화곡동,183000000,232400000,186100000,290200000,0.72,ok
면적 입력,9527,화곡동,385000000,314500000,264600000,373700000,0.81,ok
면적 입력,9528,화곡동,214000000,218000000,174600000,272100000,0.72,ok
면적 입력,9529,화곡동,248000000,211900000,169700000,264500000,0.78,ok
면적 입력,9530,화곡동,261000000,241600000,203300000,287100000,0.86,ok
면적 입력,9531,화곡동,350000000,301500000,253700000,358300000,0.81,ok
면적 입력,9532,화곡동,165000000,214600000,171800000,267900000,0.73,ok
면적 입력,9533,화곡동,143000000,150800000,120700000,188200000,0.75,ok
면적 입력,9534,화곡동,155000000,208900000,154000000,283300000,0.62,ok
면적 입력,9535,화곡동,210000000,214600000,180600000,255100000,0.81,ok
면적 입력,9539,화곡동,309500000,299500000,252000000,355900000,0.89,ok
면적 입력,9540,화곡동,280000000,226500000,190600000,269200000,0.84,ok
면적 입력,9541,화곡동,259000000,380000000,319800000,451600000,0.85,ok
면적 입력,9542,화곡동,230000000,232400000,195600000,276200000,0.84,ok
면적 입력,9543,화곡동,167000000,240800000,177600000,326500000,0.67,ok
면적 입력,9545,화곡동,97000000,127700000,94100000,173100000,0.65,ok
면적 입력,9550,화곡동,210000000,197000000,165800000,234100000,0.86,ok
면적 입력,9551,화곡동,258000000,222500000,178200000,277800000,0.77,ok
면적 입력,9554,화곡동,129000000,154600000,123800000,193100000,0.72,ok
면적 입력,9556,화곡동,136000000,183500000,154400000,218100000,0.82,ok
면적 입력,9557,화곡동,136000000,102200000,67700000,154100000,0.51,ok
면적 입력,9558,화곡동,180000000,208800000,175700000,248100000,0.84,ok
면적 입력,9559,화곡동,225000000,229000000,183400000,285900000,0.78,ok
면적 입력,9560,화곡동,388000000,310800000,261600000,369400000,0.81,ok
면적 입력,9561,화곡동,265000000,219200000,184400000,260500000,0.82,ok
면적 입력,9562,화곡동,340000000,268500000,225900000,319000000,0.84,ok
면적 입력,9564,화곡동,309000000,246300000,197300000,307500000,0.76,ok
면적 입력,9566,화곡동,350000000,330200000,264400000,412200000,0.8,ok
면적 입력,9569,화곡동,180000000,179800000,144000000,224500000,0.74,ok
면적 입력,9570,화곡동,320000000,280300000,235900000,333100000,0.86,ok
면적 입력,9572,화곡동,158500000,162400000,130100000,202800000,0.73,ok
면적 입력,9574,화곡동,288000000,258000000,217100000,306700000,0.82,ok
면적 입력,9577,화곡동,280000000,264500000,222600000,314300000,0.84,ok
면적 입력,9579,화곡동,200000000,175500000,140600000,219100000,0.78,ok
면적 입력,9580,화곡동,185000000,187700000,158000000,223100000,0.84,ok
면적 입력,9587,화곡동,320000000,307300000,258600000,365200000,0.87,ok
면적 입력,9588,화곡동,225000000,234200000,197000000,278300000,0.84,ok
면적 입력,9589,화곡동,183000000,166400000,122700000,225600000,0.64,ok
면적 입력,9591,화곡동,450000000,374500000,299900000,467600000,0.78,ok
면적 입력,9595,화곡동,300000000,282400000,237600000,335600000,0.82,ok
면적 입력,9596,화곡동,300000000,276000000,232200000,328000000,0.85,ok
면적 입력,9597,화곡동,198000000,229200000,192900000,272400000,0.84,ok
면적 입력,9598,화곡동,249000000,294300000,247600000,349700000,0.85,ok
면적 입력,9599,화곡동,248000000,273800000,230400000,325400000,0.82,ok
면적 입력,9600,화곡동,100000000,145200000,96300000,219100000,0.56,ok
면적 입력,9601,화곡동,195000000,236900000,199300000,281500000,0.85,ok
면적 입력,9603,화곡동,210000000,219000000,175400000,273400000,0.77,ok
면적 입력,9604,화곡동,253000000,245700000,196800000,306800000,0.8,ok
면적 입력,9605,화곡동,150000000,169800000,125200000,230200000,0.68,ok
면적 입력,9606,화곡동,200000000,234600000,197400000,278800000,0.83,ok
면적 입력,9609,화곡동,290000000,254500000,214200000,302500000,0.82,ok
면적 입력,9610,화곡동,240000000,270900000,217000000,338300000,0.73,ok
면적 입력,9611,화곡동,180000000,196400000,165200000,233400000,0.86,ok
면적 입력,9614,화곡동,300000000,286800000,229700000,358100000,0.8,ok
면적 입력,9615,화곡동,153000000,167300000,140800000,198800000,0.8,ok
면적 입력,9618,화곡동,299000000,283700000,238800000,337200000,0.84,ok
면적 입력,9619,화곡동,297000000,241100000,193100000,301100000,0.8,ok
면적 입력,9620,화곡동,297000000,241100000,193100000,301100000,0.8,ok
면적 입력,9621,화곡동,165000000,159800000,128000000,199500000,0.72,ok
면적 입력,9622,화곡동,270000000,226700000,190800000,269400000,0.82,ok
면적 입력,9624,화곡동,210000000,314600000,232000000,426600000,0.69,ok
면적 입력,9626,화곡동,385000000,414000000,348400000,492000000,0.81,ok
면적 입력,9627,화곡동,315000000,299500000,252000000,355900000,0.89,ok
면적 입력,9631,화곡동,258000000,235000000,197800000,279300000,0.82,ok
면적 입력,9634,화곡동,260000000,300200000,252600000,356800000,0.81,ok
면적 입력,9635,화곡동,232000000,188500000,125000000,284400000,0.43,ok
면적 입력,9637,화곡동,190000000,181000000,152300000,215100000,0.87,ok
면적 입력,9638,화곡동,210000000,224500000,179800000,280300000,0.75,ok
면적 입력,9639,화곡동,203000000,210500000,177200000,250200000,0.83,ok
면적 입력,9640,화곡동,268000000,209800000,139100000,316400000,0.59,ok
면적 입력,9641,화곡동,200000000,187900000,158100000,223300000,0.84,ok
면적 입력,9642,화곡동,65200000,113700000,75400000,171500000,0.57,ok
면적 입력,9643,화곡동,190000000,219800000,185000000,261300000,0.82,ok
면적 입력,9645,화곡동,185000000,155400000,130800000,184700000,0.84,ok
면적 입력,9647,화곡동,195000000,169600000,125000000,230000000,0.67,ok
면적 입력,9648,화곡동,200000000,214800000,180800000,255300000,0.82,ok
면적 입력,9649,화곡동,160000000,172500000,145100000,205000000,0.81,ok
면적 입력,9650,화곡동,256000000,244900000,196200000,305800000,0.77,ok
면적 입력,9651,화곡동,129000000,158500000,116900000,214900000,0.69,ok
면적 입력,9655,화곡동,105000000,116400000,77200000,175600000,0.33,ok
면적 입력,9656,화곡동,455000000,344300000,275700000,429800000,0.77,ok
면적 입력,9657,화곡동,370000000,278800000,234600000,331300000,0.85,ok
면적 입력,9658,화곡동,71000000,78000000,51700000,117600000,0.5,ok
면적 입력,9659,화곡동,245000000,235600000,198300000,280000000,0.8,ok
면적 입력,9667,화곡동,460000000,328900000,263400000,410600000,0.76,ok
면적 입력,9668,화곡동,220000000,195200000,164200000,231900000,0.85,ok
면적 입력,9670,화곡동,235000000,237200000,199600000,281800000,0.83,ok
면적 입력,9672,화곡동,255000000,231800000,185600000,289400000,0.72,ok
면적 입력,9675,화곡동,300000000,297500000,250400000,353600000,0.82,ok
면적 입력,9676,화곡동,135000000,150200000,126400000,178500000,0.81,ok
면적 입력,9677,화곡동,245000000,213700000,179800000,253900000,0.86,ok
면적 입력,9678,화곡동,225000000,267500000,214300000,334000000,0.77,ok
면적 입력,9679,화곡동,330000000,321800000,270800000,382400000,0.83,ok
면적 입력,9680,화곡동,209000000,177200000,149100000,210600000,0.82,ok
면적 입력,9681,화곡동,110000000,161000000,129000000,201100000,0.79,ok
면적 입력,9688,화곡동,200000000,198000000,166600000,235300000,0.84,ok
면적 입력,9690,화곡동,249000000,280700000,236200000,333600000,0.83,ok
면적 입력,9692,화곡동,315000000,327000000,275100000,388600000,0.81,ok
면적 입력,9693,화곡동,195000000,214300000,171600000,267500000,0.73,ok
면적 입력,9694,화곡동,265000000,296900000,249900000,352900000,0.88,ok
면적 입력,9695,화곡동,119000000,105600000,70000000,159300000,0.53,ok
면적 입력,9696,화곡동,290000000,259000000,217900000,307800000,0.81,ok
면적 입력,9699,화곡동,330000000,155600000,114800000,211000000,0.69,ok
면적 입력,9700,화곡동,190910000,233700000,196700000,277800000,0.81,ok
면적 입력,9702,화곡동,320000000,251900000,211900000,299300000,0.81,ok
면적 입력,9703,화곡동,245000000,238400000,200600000,283400000,0.82,ok
면적 입력,9704,화곡동,100000000,114000000,75600000,172000000,0.46,ok
면적 입력,9705,화곡동,228000000,242800000,204300000,288500000,0.84,ok
면적 입력,9706,화곡동,330000000,155600000,114800000,211000000,0.69,ok
면적 입력,9708,화곡동,310000000,260700000,219400000,309900000,0.85,ok
면적 입력,9709,화곡동,210000000,246100000,207100000,292500000,0.82,ok
면적 입력,9713,화곡동,145000000,146800000,108300000,199100000,0.67,ok
면적 입력,9715,화곡동,146000000,194600000,143500000,263900000,0.64,ok
면적 입력,9716,화곡동,117000000,116400000,77200000,175600000,0.47,ok
면적 입력,9718,화곡동,230000000,289900000,232200000,361900000,0.8,ok
면적 입력,9719,화곡동,220000000,206400000,173700000,245300000,0.83,ok
면적 입력,9720,화곡동,270000000,219100000,175500000,273600000,0.79,ok
면적 입력,9721,화곡동,195000000,235400000,188500000,293900000,0.79,ok
면적 입력,9723,화곡동,348000000,229100000,183500000,286100000,0.73,ok
면적 입력,9726,화곡동,263000000,234700000,197500000,278900000,0.82,ok
면적 입력,9727,화곡동,138000000,172800000,138400000,215800000,0.79,ok
면적 입력,9731,화곡동,233000000,248300000,208900000,295100000,0.85,ok
면적 입력,9734,화곡동,180000000,187100000,149900000,233600000,0.73,ok
면적 입력,9735,화곡동,242000000,240500000,202400000,285800000,0.85,ok
면적 입력,9736,화곡동,245000000,243600000,205000000,289500000,0.8,ok
면적 입력,9737,화곡동,126000000,143600000,115000000,179300000,0.71,ok
면적 입력,9738,화곡동,236000000,179300000,150900000,213100000,0.82,ok
면적 입력,9739,화곡동,210000000,220700000,176800000,275600000,0.77,ok
면적 입력,9740,화곡동,210000000,177500000,149300000,210900000,0.8,ok
면적 입력,9742,화곡동,225000000,266000000,213000000,332100000,0.73,ok
면적 입력,9746,화곡동,130000000,158600000,133400000,188500000,0.84,ok
면적 입력,9747,화곡동,268000000,221300000,186300000,263000000,0.86,ok
면적 입력,9750,화곡동,116000000,127700000,84700000,192700000,0.47,ok
면적 입력,9751,화곡동,350000000,334300000,281300000,397300000,0.9,ok
면적 입력,9752,화곡동,305000000,310100000,261000000,368600000,0.85,ok
면적 입력,9753,화곡동,299000000,261200000,209200000,326200000,0.8,ok
면적 입력,9755,화곡동,170000000,169600000,135900000,211800000,0.75,ok
면적 입력,9756,화곡동,330000000,275400000,231800000,327300000,0.85,ok
면적 입력,9758,화곡동,91000000,129400000,103600000,161600000,0.75,ok
면적 입력,9759,화곡동,185000000,184700000,148000000,230700000,0.76,ok
면적 입력,9760,화곡동,198360000,272700000,229500000,324100000,0.82,ok
면적 입력,9762,화곡동,188000000,163600000,137600000,194400000,0.83,ok
면적 입력,9766,화곡동,141000000,245500000,206600000,291700000,0.87,ok
면적 입력,9767,화곡동,140000000,171900000,137600000,214600000,0.77,ok
면적 입력,9768,화곡동,263000000,230100000,193600000,273400000,0.84,ok
면적 입력,9773,화곡동,210000000,220700000,185700000,262300000,0.82,ok
면적 입력,9774,화곡동,140000000,133100000,106600000,166200000,0.8,ok
면적 입력,9775,화곡동,140000000,169900000,125300000,230400000,0.69,ok
면적 입력,9777,화곡동,250000000,196300000,165200000,233300000,0.83,ok
면적 입력,9784,화곡동,240000000,195400000,144100000,265000000,0.69,ok
면적 입력,9785,화곡동,168000000,156800000,132000000,186400000,0.82,ok
면적 입력,9790,화곡동,345000000,343800000,289300000,408600000,0.85,ok
면적 입력,9791,화곡동,305000000,307000000,258300000,364800000,0.89,ok
면적 입력,9793,화곡동,260000000,286500000,241100000,340500000,0.83,ok
면적 입력,9794,화곡동,275000000,284200000,239200000,337800000,0.87,ok
면적 입력,9796,화곡동,155000000,187700000,138400000,254500000,0.69,ok
면적 입력,9798,화곡동,292500000,202400000,134200000,305300000,0.49,ok
면적 입력,9804,화곡동,368000000,378700000,318700000,450100000,0.87,ok
면적 입력,9807,화곡동,330000000,306900000,226300000,416200000,0.62,ok
면적 입력,9809,화곡동,155000000,175000000,147300000,208000000,0.83,ok
면적 입력,9811,화곡동,232000000,303700000,255600000,360900000,0.82,ok
면적 입력,9813,화곡동,170000000,315200000,252500000,393600000,0.76,ok
면적 입력,9814,화곡동,236000000,202500000,170400000,240600000,0.85,ok
면적 입력,9818,화곡동,185000000,197800000,166400000,235000000,0.82,ok
면적 입력,15480,관악구,650000000,514100000,340800000,775600000,0.21,ok
면적 입력,15481,관악구,440000000,429600000,361500000,510600000,0.86,ok
면적 입력,15484,관악구,195000000,213800000,171200000,266900000,0.71,ok
면적 입력,15486,관악구,230000000,231700000,185600000,289300000,0.78,ok
면적 입력,15488,관악구,440000000,490900000,413000000,583300000,0.86,ok
면적 입력,15490,관악구,590000000,808500000,647500000,1009400000,0.79,ok
면적 입력,15492,관악구,410000000,388200000,310900000,484700000,0.8,ok
면적 입력,15497,관악구,297500000,265600000,212700000,331700000,0.72,ok
면적 입력,15499,관악구,270000000,265100000,223100000,315000000,0.84,ok
면적 입력,15505,관악구,370000000,427600000,359800000,508200000,0.84,ok
면적 입력,15506,관악구,700000000,781800000,518300000,1179400000,0.38,ok
면적 입력,15511,관악구,126000000,144200000,95600000,217500000,0.4,ok
면적 입력,15515,관악구,360000000,376100000,277300000,510000000,0.62,ok
면적 입력,15516,관악구,355000000,542500000,434500000,677400000,0.72,ok
면적 입력,15518,관악구,210000000,245600000,162800000,370500000,0.6,ok
면적 입력,15522,관악구,122000000,242500000,160800000,365800000,0.57,ok
면적 입력,15525,관악구,200000000,348200000,293000000,413700000,0.8,ok
면적 입력,15527,관악구,290000000,324500000,259900000,405200000,0.79,ok
면적 입력,15529,관악구,330000000,358200000,301400000,425700000,0.88,ok
면적 입력,15532,관악구,260000000,325100000,239700000,440800000,0.65,ok
면적 입력,15536,관악구,350000000,315100000,265100000,374400000,0.81,ok
면적 입력,15537,관악구,620000000,500000000,331400000,754200000,0.57,ok
면적 입력,15543,관악구,315000000,335600000,268800000,419000000,0.79,ok
면적 입력,15544,관악구,438000000,470900000,396200000,559600000,0.87,ok
면적 입력,15545,관악구,200000000,251300000,201200000,313700000,0.79,ok
면적 입력,15546,관악구,253000000,312100000,250000000,389700000,0.8,ok
면적 입력,15547,관악구,100000000,198400000,131500000,299200000,0.25,ok
면적 입력,15550,관악구,390000000,372000000,313100000,442100000,0.81,ok
면적 입력,15553,관악구,670000000,734700000,541800000,996400000,0.69,ok
면적 입력,15556,관악구,294000000,331200000,265300000,413500000,0.75,ok
면적 입력,15559,관악구,950000000,1079200000,795800000,1463500000,0.7,ok
면적 입력,15560,관악구,225000000,254500000,214100000,302400000,0.83,ok
면적 입력,15561,관악구,267500000,328000000,241800000,444700000,0.62,ok
면적 입력,15562,관악구,415000000,426400000,358800000,506700000,0.82,ok
면적 입력,15563,관악구,900000000,1114400000,821800000,1511300000,0.67,ok
면적 입력,15564,관악구,300000000,321500000,270600000,382100000,0.87,ok
면적 입력,15566,관악구,280000000,335000000,247100000,454300000,0.61,ok
면적 입력,15567,관악구,385000000,422000000,355100000,501500000,0.86,ok
면적 입력,15570,관악구,280000000,173300000,114900000,261400000,0.51,ok
면적 입력,15571,관악구,298000000,268600000,215100000,335400000,0.71,ok
면적 입력,15573,관악구,320000000,404900000,340700000,481200000,0.86,ok
면적 입력,15574,관악구,265000000,325500000,273900000,386900000,0.85,ok
면적 입력,15576,관악구,560000000,566100000,476300000,672700000,0.84,ok
면적 입력,15578,관악구,200000000,162800000,107900000,245600000,0.42,ok
면적 입력,15584,관악구,430000000,463900000,390400000,551300000,0.81,ok
면적 입력,15586,관악구,278000000,322000000,257900000,402000000,0.77,ok
면적 입력,15589,관악구,325000000,315600000,252800000,394000000,0.78,ok
면적 입력,15590,관악구,172000000,180200000,119500000,271900000,0.42,ok
면적 입력,15591,관악구,360000000,328700000,263300000,410500000,0.79,ok
면적 입력,15594,관악구,353000000,292300000,234100000,365000000,0.77,ok
면적 입력,15596,관악구,230000000,260600000,219300000,309700000,0.81,ok
면적 입력,15597,관악구,617500000,554900000,367800000,837000000,0.46,ok
면적 입력,15599,관악구,420000000,449900000,331800000,610100000,0.65,ok
면적 입력,15601,관악구,815000000,949000000,760100000,1184900000,0.73,ok
면적 입력,15602,관악구,249000000,229900000,184100000,287000000,0.75,ok
면적 입력,15605,관악구,100000000,120100000,79600000,181200000,0.56,ok
면적 입력,15613,관악구,345000000,352400000,296500000,418700000,0.87,ok
면적 입력,15615,관악구,325000000,344500000,275900000,430100000,0.72,ok
면적 입력,15616,관악구,260000000,306700000,245700000,383000000,0.7,ok
면적 입력,15617,관악구,170000000,237700000,157600000,358600000,0.49,ok
면적 입력,15619,관악구,487500000,492100000,394100000,614400000,0.74,ok
면적 입력,15622,관악구,450000000,438000000,350800000,546800000,0.79,ok
면적 입력,15623,관악구,545000000,540500000,454800000,642300000,0.82,ok
면적 입력,15625,관악구,275000000,306800000,258100000,364600000,0.88,ok
면적 입력,15627,관악구,278000000,289800000,243900000,344400000,0.89,ok
면적 입력,15629,관악구,350000000,370900000,273500000,502900000,0.7,ok
면적 입력,15630,관악구,140000000,202400000,162100000,252700000,0.73,ok
면적 입력,15637,관악구,358000000,298700000,198000000,450600000,0.49,ok
면적 입력,15638,관악구,309000000,317200000,266900000,377000000,0.86,ok
면적 입력,15640,관악구,440000000,366000000,269900000,496300000,0.7,ok
면적 입력,15641,관악구,560000000,569900000,420200000,772800000,0.69,ok
면적 입력,15642,관악구,311000000,331600000,219800000,500200000,0.6,ok
면적 입력,15645,관악구,290000000,343400000,289000000,408100000,0.82,ok
면적 입력,15648,관악구,100000000,169000000,112000000,255000000,0.41,ok
면적 입력,15650,관악구,360000000,293500000,235100000,366400000,0.74,ok
면적 입력,15652,관악구,340000000,327900000,275900000,389700000,0.85,ok
면적 입력,15656,관악구,783000000,666400000,491400000,903700000,0.67,ok
면적 입력,15657,관악구,415000000,455100000,383000000,540800000,0.86,ok
면적 입력,15663,관악구,305000000,328900000,276800000,390900000,0.9,ok
면적 입력,15665,관악구,445000000,437400000,368000000,519800000,0.81,ok
면적 입력,15666,관악구,105000000,121800000,80700000,183700000,0.48,ok
면적 입력,15671,관악구,830000000,1002800000,803100000,1252000000,0.8,ok
면적 입력,15672,관악구,300000000,285300000,228500000,356200000,0.72,ok
면적 입력,15673,관악구,70000000,85300000,56500000,128600000,0.51,ok
면적 입력,15675,관악구,429000000,403100000,339200000,479000000,0.85,ok
면적 입력,15678,관악구,220000000,311600000,262200000,370300000,0.83,ok
면적 입력,15681,관악구,97000000,132300000,87700000,199600000,0.51,ok
면적 입력,15683,관악구,195000000,225800000,180900000,282000000,0.79,ok
면적 입력,15684,관악구,292000000,315000000,232300000,427200000,0.68,ok
면적 입력,15686,관악구,350000000,365400000,242300000,551300000,0.35,ok
면적 입력,15688,관악구,270000000,352000000,259600000,477400000,0.67,ok
면적 입력,15689,관악구,760000000,1005300000,741300000,1363300000,0.65,ok
면적 입력,15691,관악구,560000000,561500000,449700000,701000000,0.78,ok
면적 입력,15693,관악구,237500000,276100000,221200000,344800000,0.78,ok
면적 입력,15695,관악구,160000000,231500000,170700000,313900000,0.7,ok
면적 입력,15697,관악구,305000000,316100000,266000000,375700000,0.81,ok
면적 입력,15698,관악구,430000000,438600000,369100000,521200000,0.83,ok
면적 입력,15701,관악구,365000000,378000000,318000000,449200000,0.9,ok
면적 입력,15702,관악구,309000000,314800000,252100000,393100000,0.72,ok
면적 입력,15703,관악구,445000000,482600000,355900000,654400000,0.61,ok
면적 입력,15704,관악구,380000000,386600000,325300000,459400000,0.82,ok
면적 입력,15705,관악구,255000000,252900000,202600000,315800000,0.75,ok
면적 입력,15707,관악구,145000000,269500000,178600000,406500000,0.57,ok
면적 입력,15708,관악구,170000000,235500000,156100000,355300000,0.58,ok
면적 입력,15711,관악구,190000000,214000000,171400000,267200000,0.73,ok
면적 입력,15712,관악구,257000000,295500000,236700000,368900000,0.79,ok
면적 입력,15713,관악구,290000000,382400000,306300000,477500000,0.74,ok
면적 입력,15717,관악구,150000000,130300000,86400000,196600000,0.48,ok
면적 입력,15721,관악구,270000000,243800000,179800000,330600000,0.68,ok
면적 입력,15722,관악구,340000000,331600000,265600000,414000000,0.79,ok
면적 입력,15726,관악구,185000000,215000000,142500000,324300000,0.45,ok
면적 입력,15728,관악구,250000000,274400000,219800000,342700000,0.74,ok
면적 입력,15729,관악구,645000000,1130000000,749100000,1704600000,0.52,ok
면적 입력,15731,관악구,368000000,447700000,358500000,558900000,0.78,ok
면적 입력,15734,관악구,100000000,252800000,167600000,381400000,0.14,ok
면적 입력,15751,관악구,160000000,258800000,207300000,323200000,0.75,ok
면적 입력,15752,관악구,199000000,310700000,248800000,387900000,0.77,ok
면적 입력,15753,관악구,300000000,362800000,267500000,491900000,0.69,ok
면적 입력,15754,관악구,135000000,188700000,125100000,284600000,0.41,ok
면적 입력,15755,관악구,750000000,1006300000,742100000,1364600000,0.65,ok
면적 입력,15757,관악구,243000000,326700000,240900000,443100000,0.69,ok
면적 입력,15760,관악구,380000000,387600000,310400000,483900000,0.76,ok
면적 입력,15761,관악구,870000000,964700000,772700000,1204500000,0.77,ok
면적 입력,15764,관악구,288000000,300500000,221600000,407500000,0.65,ok
면적 입력,15765,관악구,410000000,353000000,297000000,419500000,0.82,ok
면적 입력,15768,관악구,230000000,234500000,197400000,278700000,0.82,ok
면적 입력,15774,관악구,105000000,233300000,196300000,277300000,0.81,ok
면적 입력,15775,관악구,167000000,197600000,166300000,234900000,0.8,ok
면적 입력,15776,관악구,284000000,331800000,244700000,450000000,0.65,ok
면적 입력,15777,관악구,170000000,219100000,175500000,273600000,0.8,ok
면적 입력,15778,관악구,160000000,152800000,101300000,230500000,0.44,ok
면적 입력,15779,관악구,300000000,344100000,289600000,408900000,0.83,ok
면적 입력,15782,관악구,347000000,324500000,273000000,385600000,0.81,ok
면적 입력,15789,관악구,180000000,169900000,125300000,230300000,0.62,ok
면적 입력,15792,관악구,400000000,407200000,326100000,508400000,0.71,ok
면적 입력,15793,관악구,640000000,572400000,422100000,776200000,0.65,ok
면적 입력,15794,관악구,146000000,211900000,156300000,287400000,0.67,ok
면적 입력,15795,관악구,440000000,440500000,370600000,523400000,0.81,ok
면적 입력,15796,관악구,330000000,389000000,311600000,485800000,0.72,ok
면적 입력,15797,관악구,295000000,332100000,265900000,414600000,0.77,ok
면적 입력,15798,관악구,340000000,355200000,262000000,481700000,0.69,ok
면적 입력,15801,관악구,175000000,211400000,155900000,286700000,0.7,ok
면적 입력,15802,관악구,342000000,238600000,175900000,323500000,0.7,ok
면적 입력,15803,관악구,162000000,240800000,192900000,300700000,0.71,ok
면적 입력,15804,관악구,180000000,234000000,155100000,352900000,0.53,ok
면적 입력,15824,관악구,360000000,313400000,263700000,372500000,0.83,ok
면적 입력,15825,관악구,340000000,312000000,249900000,389600000,0.72,ok
면적 입력,15826,관악구,320000000,415200000,349400000,493400000,0.86,ok
면적 입력,15827,관악구,160000000,223600000,179100000,279200000,0.74,ok
면적 입력,15828,관악구,250000000,202400000,149300000,274500000,0.68,ok
면적 입력,15830,관악구,230000000,226300000,190400000,268900000,0.82,ok
면적 입력,15833,관악구,220000000,256100000,205100000,319700000,0.72,ok
면적 입력,15836,관악구,380000000,386400000,325100000,459200000,0.85,ok
면적 입력,15838,관악구,280000000,265600000,195900000,360200000,0.62,ok
면적 입력,15840,관악구,300000000,321100000,270200000,381600000,0.88,ok
면적 입력,15842,관악구,425000000,425200000,357800000,505300000,0.81,ok
면적 입력,15843,관악구,450000000,404000000,267800000,609400000,0.53,ok
면적 입력,15844,관악구,228000000,301400000,241400000,376300000,0.77,ok
면적 입력,15846,관악구,400000000,346400000,277500000,432500000,0.79,ok
면적 입력,15848,관악구,578420000,629800000,530000000,748400000,0.87,ok
면적 입력,15849,관악구,573720000,611900000,514900000,727200000,0.87,ok
면적 입력,15850,관악구,587190000,624900000,525900000,742700000,0.87,ok
면적 입력,15851,관악구,580170000,629600000,529800000,748200000,0.87,ok
면적 입력,15852,관악구,583670000,629600000,529800000,748200000,0.87,ok
면적 입력,15853,관악구,575220000,611800000,514800000,727000000,0.87,ok
면적 입력,15854,관악구,588690000,624800000,525800000,742500000,0.87,ok
면적 입력,15855,관악구,581670000,629400000,529600000,748000000,0.87,ok
면적 입력,15856,관악구,585170000,629400000,529600000,748000000,0.87,ok
면적 입력,15857,관악구,576970000,611700000,514700000,726900000,0.87,ok
면적 입력,15858,관악구,590690000,624700000,525700000,742400000,0.87,ok
면적 입력,15859,관악구,583420000,629100000,529400000,747700000,0.87,ok
면적 입력,15860,관악구,586920000,629100000,529400000,747700000,0.87,ok
면적 입력,15861,관악구,576970000,611700000,514700000,726900000,0.87,ok
면적 입력,15862,관악구,590690000,626400000,527100000,744400000,0.87,ok
면적 입력,15863,관악구,556070000,629100000,529400000,747600000,0.87,ok
면적 입력,15864,관악구,583420000,631200000,531200000,750200000,0.87,ok
면적 입력,15866,관악구,503000000,580700000,465100000,725000000,0.79,ok
면적 입력,15868,관악구,450000000,511600000,430500000,608000000,0.82,ok
면적 입력,15873,관악구,300000000,414000000,331500000,516900000,0.73,ok
면적 입력,15874,관악구,260000000,262700000,210400000,328000000,0.77,ok
면적 입력,15876,관악구,190000000,248600000,209200000,295400000,0.83,ok
면적 입력,15878,관악구,198000000,193600000,128300000,292100000,0.49,ok
면적 입력,15879,관악구,250000000,340800000,225900000,514100000,0.58,ok
면적 입력,15883,관악구,660000000,582700000,386300000,879000000,0.57,ok
면적 입력,15888,관악구,247000000,239400000,191700000,298900000,0.77,ok
면적 입력,15889,관악구,350000000,391500000,329400000,465300000,0.83,ok
면적 입력,15890,관악구,225000000,291200000,245000000,346000000,0.81,ok
면적 입력,15891,관악구,285000000,336800000,248300000,456700000,0.69,ok
면적 입력,15898,관악구,370000000,419000000,335600000,523100000,0.74,ok
면적 입력,15899,관악구,130000000,151100000,100200000,228000000,0.59,ok
면적 입력,15900,관악구,380000000,371500000,312600000,441500000,0.83,ok
면적 입력,15903,관악구,260000000,278300000,234200000,330800000,0.82,ok
면적 입력,15906,관악구,350000000,394800000,332200000,469200000,0.88,ok
면적 입력,15911,관악구,340000000,314900000,252200000,393100000,0.76,ok
면적 입력,15912,관악구,180000000,211600000,169500000,264300000,0.75,ok
면적 입력,15914,관악구,623510000,324400000,215100000,489400000,0.28,ok
면적 입력,15915,관악구,370000000,414300000,305500000,561800000,0.69,ok
면적 입력,15916,관악구,230000000,273800000,219300000,341800000,0.74,ok
면적 입력,15918,관악구,590000000,640100000,538700000,760700000,0.86,ok
면적 입력,15920,관악구,700000000,462200000,306400000,697300000,0.32,ok
면적 입력,15931,관악구,440000000,411600000,346300000,489100000,0.82,ok
면적 입력,15932,관악구,220000000,269000000,215400000,335800000,0.73,ok
면적 입력,15933,관악구,260000000,296300000,237300000,369900000,0.8,ok
면적 입력,15935,관악구,200000000,175600000,116400000,264900000,0.4,ok
면적 입력,15936,관악구,200000000,175600000,116400000,264900000,0.4,ok
면적 입력,15939,관악구,290000000,256600000,215900000,304900000,0.81,ok
면적 입력,15940,관악구,290000000,234400000,155400000,353500000,0.42,ok
면적 입력,15941,관악구,310000000,311700000,262300000,370500000,0.81,ok
면적 입력,15944,관악구,348000000,356900000,300300000,424100000,0.87,ok
면적 입력,15946,관악구,380000000,405300000,324600000,506100000,0.79,ok
면적 입력,15947,관악구,820000000,821300000,691100000,976100000,0.8,ok
면적 입력,15949,관악구,460000000,394900000,316300000,493100000,0.76,ok
면적 입력,15950,관악구,438000000,403900000,297900000,547800000,0.63,ok
면적 입력,15952,관악구,300000000,314100000,251500000,392100000,0.79,ok
면적 입력,15953,관악구,240000000,248500000,209100000,295400000,0.8,ok
면적 입력,15956,관악구,420000000,393900000,331500000,468100000,0.86,ok
면적 입력,15957,관악구,450000000,513400000,432100000,610200000,0.85,ok
면적 입력,15961,관악구,670000000,530400000,391200000,719300000,0.62,ok
면적 입력,15963,관악구,565000000,598800000,503900000,711600000,0.85,ok
면적 입력,15964,관악구,508000000,509400000,428600000,605400000,0.9,ok
면적 입력,15968,관악구,299000000,291100000,244900000,345900000,0.84,ok
면적 입력,15969,관악구,900000000,963800000,772000000,1203400000,0.7,ok
면적 입력,15976,관악구,380000000,356900000,300300000,424100000,0.84,ok
면적 입력,15981,관악구,300000000,451900000,361900000,564200000,0.72,ok
면적 입력,15982,관악구,690000000,725900000,535300000,984300000,0.62,ok
면적 입력,15985,관악구,439000000,342400000,288100000,406900000,0.84,ok
면적 입력,15989,관악구,385000000,353100000,297100000,419600000,0.8,ok
면적 입력,15990,관악구,130000000,201400000,133500000,303900000,0.48,ok
면적 입력,15992,관악구,150000000,182100000,120700000,274700000,0.58,ok
면적 입력,15996,관악구,193000000,295500000,236700000,369000000,0.74,ok
면적 입력,15997,관악구,820000000,839800000,556700000,1266900000,0.58,ok
면적 입력,15998,관악구,920000000,944000000,756100000,1178700000,0.77,ok
면적 입력,16000,관악구,240000000,254200000,213900000,302000000,0.87,ok
면적 입력,16001,관악구,340000000,308800000,247300000,385600000,0.75,ok
면적 입력,16003,관악구,150000000,130300000,86400000,196600000,0.48,ok
면적 입력,16005,관악구,230000000,223400000,178900000,278900000,0.79,ok
면적 입력,16007,관악구,395000000,418800000,308800000,568000000,0.65,ok
면적 입력,16010,관악구,335000000,361800000,266800000,490700000,0.65,ok
면적 입력,16012,관악구,205000000,199200000,159500000,248700000,0.7,ok
면적 입력,16017,관악구,398000000,454900000,364300000,567900000,0.77,ok
면적 입력,16019,관악구,195000000,202700000,162400000,253100000,0.72,ok
면적 입력,16020,관악구,220000000,209800000,168000000,261900000,0.77,ok
면적 입력,16022,관악구,375000000,388700000,327100000,462000000,0.87,ok
면적 입력,16023,관악구,237000000,253100000,213000000,300800000,0.83,ok
면적 입력,16024,관악구,200000000,220200000,176400000,274900000,0.73,ok
면적 입력,16026,관악구,220000000,265200000,175800000,400000000,0.33,ok
면적 입력,16027,관악구,180000000,306400000,226000000,415600000,0.67,ok
면적 입력,16028,관악구,320000000,297500000,238300000,371500000,0.78,ok
면적 입력,16029,관악구,750000000,778100000,623200000,971500000,0.72,ok
면적 입력,16030,관악구,155000000,187800000,124500000,283300000,0.46,ok
면적 입력,16031,관악구,280000000,344000000,253700000,466500000,0.65,ok
면적 입력,16036,관악구,425000000,386000000,284600000,523400000,0.62,ok
면적 입력,16037,관악구,375000000,382900000,322200000,455100000,0.9,ok
면적 입력,16039,관악구,340000000,343500000,289000000,408200000,0.85,ok
면적 입력,16040,관악구,290000000,284900000,239700000,338600000,0.82,ok
면적 입력,16041,관악구,248500000,299200000,239600000,373600000,0.76,ok
면적 입력,16042,관악구,270000000,270500000,227600000,321500000,0.85,ok
면적 입력,16044,관악구,305000000,349000000,279500000,435700000,0.77,ok
면적 입력,16046,관악구,270000000,368000000,309700000,437400000,0.83,ok
면적 입력,16047,관악구,339000000,347800000,292700000,413300000,0.88,ok
면적 입력,16048,관악구,345000000,346900000,291900000,412200000,0.86,ok
면적 입력,16051,관악구,410000000,454800000,382700000,540400000,0.86,ok
면적 입력,16052,관악구,382000000,382700000,322000000,454800000,0.81,ok
면적 입력,16054,관악구,195000000,227000000,191100000,269800000,0.84,ok
면적 입력,16055,관악구,390000000,366700000,308600000,435800000,0.9,ok
면적 입력,16061,관악구,295000000,282900000,238000000,336200000,0.84,ok
면적 입력,16064,관악구,355000000,363700000,306000000,432200000,0.83,ok
면적 입력,16069,관악구,250000000,226800000,150300000,342100000,0.36,ok
면적 입력,16071,관악구,310000000,305600000,225300000,414400000,0.67,ok
면적 입력,16077,관악구,185000000,197100000,130600000,297200000,0.49,ok
면적 입력,16078,관악구,328000000,338500000,284900000,402300000,0.8,ok
면적 입력,16079,관악구,340000000,370800000,297000000,463000000,0.73,ok
면적 입력,16080,관악구,380000000,315600000,252800000,394100000,0.77,ok
면적 입력,16083,관악구,425000000,490900000,362000000,665600000,0.61,ok
면적 입력,16085,관악구,200000000,218700000,175200000,273100000,0.72,ok
면적 입력,16086,관악구,395000000,348000000,292900000,413600000,0.82,ok
면적 입력,16087,관악구,160000000,202300000,149100000,274300000,0.64,ok
면적 입력,16093,관악구,295000000,320600000,256700000,400200000,0.74,ok
면적 입력,16094,관악구,450000000,502700000,402600000,627700000,0.78,ok
면적 입력,16107,관악구,250000000,226700000,167100000,307400000,0.6,ok
면적 입력,16108,관악구,635000000,571000000,378500000,861400000,0.59,ok
면적 입력,16109,관악구,80000000,209600000,154600000,284300000,0.6,ok
면적 입력,16110,관악구,308000000,279400000,223800000,348900000,0.73,ok
면적 입력,16111,관악구,410000000,357200000,286100000,445900000,0.73,ok
면적 입력,16112,관악구,240000000,275300000,203000000,373300000,0.66,ok
면적 입력,16114,관악구,300000000,236700000,189600000,295600000,0.78,ok
면적 입력,16115,관악구,160000000,245400000,181000000,332800000,0.67,ok
면적 입력,16116,관악구,220000000,233800000,187200000,291900000,0.78,ok
면적 입력,16117,관악구,234000000,244700000,205900000,290800000,0.83,ok
면적 입력,16118,관악구,234000000,244700000,205900000,290800000,0.83,ok
면적 입력,16121,관악구,400000000,345000000,276400000,430800000,0.74,ok
면적 입력,16122,관악구,315000000,323100000,271900000,384000000,0.85,ok
면적 입력,16123,관악구,315000000,323100000,271900000,384000000,0.85,ok
면적 입력,16128,관악구,137000000,344900000,276200000,430600000,0.78,ok
면적 입력,16129,관악구,335000000,317000000,266700000,376700000,0.84,ok
면적 입력,16130,관악구,120000000,183900000,121900000,277400000,0.46,ok
면적 입력,16131,관악구,175000000,192400000,154100000,240200000,0.74,ok
면적 입력,16133,관악구,213000000,267900000,214600000,334500000,0.76,ok
면적 입력,16134,관악구,263500000,249600000,199900000,311600000,0.71,ok
면적 입력,16136,관악구,232000000,277000000,221900000,345900000,0.73,ok
면적 입력,16137,관악구,470000000,532800000,392900000,722500000,0.69,ok
면적 입력,16138,관악구,455000000,438400000,351100000,547300000,0.72,ok
면적 입력,16141,관악구,273700000,365500000,307600000,434400000,0.85,ok
면적 입력,16144,관악구,630000000,431700000,345800000,539000000,0.73,ok
면적 입력,16146,관악구,248000000,254200000,213900000,302100000,0.87,ok
면적 입력,16149,관악구,313000000,322700000,258500000,403000000,0.8,ok
면적 입력,16151,관악구,198000000,190200000,140300000,257900000,0.69,ok
면적 입력,16152,관악구,250000000,318900000,235200000,432500000,0.63,ok
면적 입력,16153,관악구,395000000,404300000,340200000,480500000,0.81,ok
면적 입력,16154,관악구,350000000,333700000,280800000,396600000,0.82,ok
면적 입력,16155,관악구,435000000,403400000,339400000,479400000,0.83,ok
면적 입력,16156,관악구,760000000,663700000,489400000,900000000,0.69,ok
면적 입력,16157,관악구,985000000,971900000,778400000,1213500000,0.78,ok
면적 입력,16168,관악구,300000000,314800000,252100000,393000000,0.74,ok
면적 입력,16173,관악구,365000000,338600000,284900000,402400000,0.81,ok
면적 입력,16174,관악구,269000000,273800000,219300000,341900000,0.76,ok
면적 입력,16177,관악구,170000000,245400000,181000000,332800000,0.67,ok
면적 입력,16178,관악구,285000000,270200000,227400000,321100000,0.81,ok
면적 입력,16179,관악구,307000000,306400000,257900000,364200000,0.84,ok
면적 입력,16180,관악구,185000000,184300000,147600000,230200000,0.71,ok
면적 입력,16183,관악구,320000000,318800000,268200000,378800000,0.89,ok
면적 입력,16185,관악구,250000000,267900000,225400000,318300000,0.85,ok
면적 입력,16186,관악구,250000000,293500000,235100000,366500000,0.74,ok
면적 입력,16189,관악구,470000000,479000000,403100000,569200000,0.82,ok
면적 입력,16191,관악구,526000000,888600000,711700000,1109500000,0.79,ok
면적 입력,16192,관악구,860000000,859900000,634100000,1166100000,0.66,ok
면적 입력,16193,관악구,260000000,235400000,198100000,279700000,0.81,ok
면적 입력,16196,관악구,400000000,431100000,362700000,512300000,0.86,ok
면적 입력,16198,관악구,210000000,234600000,173000000,318200000,0.68,ok
면적 입력,16199,관악구,290000000,296900000,237800000,370700000,0.78,ok
면적 입력,16204,관악구,110000000,136700000,90600000,206200000,0.36,ok
면적 입력,16208,관악구,515000000,393700000,261000000,593800000,0.5,ok
면적 입력,16213,관악구,305000000,268300000,214900000,335100000,0.71,ok
면적 입력,16214,관악구,305000000,268300000,214900000,335100000,0.71,ok
면적 입력,16216,관악구,700000000,722800000,533000000,980200000,0.67,ok
면적 입력,16217,관악구,112000000,315800000,252900000,394300000,0.71,ok
면적 입력,16218,관악구,160000000,151700000,100500000,228800000,0.31,ok
면적 입력,16220,관악구,320000000,296000000,249100000,351700000,0.81,ok
면적 입력,16221,관악구,365000000,377400000,302300000,471200000,0.75,ok
면적 입력,16223,관악구,455000000,465900000,373100000,581600000,0.78,ok
면적 입력,16226,관악구,250000000,346100000,255200000,469300000,0.66,ok
면적 입력,16229,관악구,400000000,363400000,305800000,431900000,0.83,ok
면적 입력,16230,관악구,440000000,416600000,350600000,495100000,0.85,ok
면적 입력,16233,관악구,400000000,382200000,321600000,454200000,0.8,ok
면적 입력,16234,관악구,427000000,500300000,400700000,624600000,0.8,ok
면적 입력,16236,관악구,340000000,371700000,312700000,441700000,0.83,ok
면적 입력,16237,관악구,320000000,365000000,292400000,455800000,0.72,ok
면적 입력,16238,관악구,190000000,224800000,149000000,339000000,0.49,ok
면적 입력,16246,관악구,475000000,407600000,326400000,508900000,0.77,ok
면적 입력,16247,관악구,148000000,273800000,230400000,325400000,0.85,ok
면적 입력,16248,관악구,280000000,277300000,233400000,329600000,0.86,ok
면적 입력,16249,관악구,355000000,331800000,279200000,394300000,0.85,ok
면적 입력,16250,관악구,180000000,285500000,228700000,356500000,0.74,ok
면적 입력,16251,관악구,350000000,414100000,331600000,517000000,0.74,ok
면적 입력,16252,관악구,175000000,175100000,116100000,264100000,0.44,ok
면적 입력,16257,관악구,340000000,295800000,248900000,351600000,0.83,ok
면적 입력,16259,관악구,247000000,327800000,262500000,409200000,0.75,ok
면적 입력,16260,관악구,350000000,379600000,319400000,451100000,0.86,ok
면적 입력,16263,관악구,330000000,435000000,320800000,589900000,0.64,ok
면적 입력,16265,관악구,227000000,231200000,185100000,288600000,0.8,ok
면적 입력,16266,관악구,340000000,347400000,292300000,412800000,0.87,ok
면적 입력,16270,관악구,345000000,310500000,261200000,369000000,0.81,ok
면적 입력,16272,관악구,440000000,344100000,275600000,429600000,0.75,ok
면적 입력,16273,관악구,282000000,330500000,278100000,392800000,0.83,ok
면적 입력,16274,관악구,383000000,419900000,353300000,499000000,0.81,ok
면적 입력,16278,관악구,460000000,464600000,390900000,552100000,0.86,ok
면적 입력,16279,관악구,155000000,209600000,167800000,261600000,0.75,ok
면적 입력,16280,관악구,187000000,200800000,160800000,250700000,0.78,ok
면적 입력,16281,관악구,400000000,457800000,337600000,620800000,0.64,ok
면적 입력,16283,관악구,270000000,310100000,248400000,387200000,0.76,ok
면적 입력,16286,관악구,285000000,305100000,202300000,460200000,0.58,ok
면적 입력,16287,관악구,598000000,609500000,512800000,724300000,0.88,ok
면적 입력,16290,관악구,215000000,285900000,240600000,339800000,0.86,ok
면적 입력,16292,관악구,190000000,336400000,248100000,456200000,0.69,ok
면적 입력,16296,관악구,410000000,418400000,335100000,522400000,0.73,ok
면적 입력,16298,관악구,140000000,166900000,133700000,208400000,0.75,ok
면적 입력,16300,관악구,215000000,255000000,204300000,318400000,0.73,ok
면적 입력,16303,관악구,275000000,297000000,237800000,370800000,0.71,ok
면적 입력,16305,관악구,130000000,138600000,91900000,209000000,0.42,ok
면적 입력,16306,관악구,368000000,434800000,365900000,516700000,0.88,ok
면적 입력,16307,관악구,225000000,252200000,167200000,380500000,0.41,ok
면적 입력,16315,관악구,323000000,317800000,267400000,377600000,0.86,ok
면적 입력,16318,관악구,370000000,369500000,310900000,439100000,0.8,ok
면적 입력,16319,관악구,420000000,393900000,331500000,468100000,0.81,ok
면적 입력,16329,관악구,240000000,246900000,207800000,293400000,0.84,ok
면적 입력,16330,관악구,290000000,347600000,278400000,434000000,0.73,ok
면적 입력,16331,관악구,249000000,307900000,259100000,366000000,0.86,ok
면적 입력,16332,관악구,455000000,569200000,479000000,676500000,0.83,ok
면적 입력,16333,관악구,280000000,289400000,243500000,343900000,0.85,ok
면적 입력,16341,관악구,230000000,236100000,198600000,280500000,0.8,ok
면적 입력,16342,관악구,215000000,242200000,203800000,287800000,0.88,ok
면적 입력,16345,관악구,237000000,274200000,219600000,342400000,0.73,ok
면적 입력,16350,관악구,188000000,167000000,140500000,198500000,0.81,ok
면적 입력,16352,관악구,530000000,508500000,407300000,635000000,0.78,ok
면적 입력,16354,관악구,203000000,230000000,184200000,287100000,0.74,ok
면적 입력,16356,관악구,253000000,243400000,194900000,303900000,0.73,ok
면적 입력,16357,관악구,300000000,327100000,261900000,408400000,0.77,ok
면적 입력,16358,관악구,200000000,275800000,220900000,344300000,0.75,ok
면적 입력,16359,관악구,262000000,306100000,245200000,382200000,0.79,ok
면적 입력,16360,관악구,155000000,207600000,137600000,313200000,0.51,ok
면적 입력,16363,관악구,300000000,316600000,266400000,376200000,0.84,ok
면적 입력,16364,관악구,243000000,256000000,188800000,347200000,0.67,ok
면적 입력,16366,관악구,715000000,513300000,340300000,774300000,0.48,ok
면적 입력,16372,관악구,247000000,287500000,212000000,389900000,0.68,ok
면적 입력,16374,관악구,203000000,255800000,188700000,346900000,0.7,ok
면적 입력,16375,관악구,500000000,497900000,367100000,675200000,0.68,ok
면적 입력,16376,관악구,200000000,210000000,168200000,262300000,0.76,ok
면적 입력,16387,관악구,345000000,431900000,345900000,539300000,0.79,ok
면적 입력,16388,관악구,208000000,247000000,207800000,293500000,0.85,ok
면적 입력,16389,관악구,378000000,344900000,254300000,467700000,0.69,ok
면적 입력,16392,관악구,330000000,289800000,243800000,344300000,0.81,ok
면적 입력,16393,관악구,310000000,314500000,251900000,392700000,0.76,ok
면적 입력,16396,관악구,380000000,368300000,295000000,459900000,0.79,ok
면적 입력,16397,관악구,740000000,710600000,524000000,963700000,0.62,ok
면적 입력,16400,관악구,259000000,256000000,205000000,319600000,0.71,ok
면적 입력,16401,관악구,140000000,160000000,106100000,241400000,0.43,ok
면적 입력,16402,관악구,540000000,499000000,399700000,623000000,0.79,ok
면적 입력,16405,관악구,360000000,321800000,270800000,382400000,0.82,ok
면적 입력,16406,관악구,380000000,402800000,297000000,546200000,0.7,ok
면적 입력,16409,관악구,420000000,351300000,281400000,438600000,0.74,ok
면적 입력,16410,관악구,350000000,246900000,197800000,308300000,0.8,ok
면적 입력,16413,관악구,710000000,705000000,564700000,880300000,0.8,ok
면적 입력,16415,관악구,335000000,360600000,265900000,489000000,0.69,ok
면적 입력,16417,관악구,292000000,258500000,207100000,322800000,0.77,ok
면적 입력,16422,관악구,190000000,239800000,192100000,299400000,0.72,ok
면적 입력,16424,관악구,200000000,212200000,178600000,252200000,0.85,ok
면적 입력,16425,관악구,475000000,374600000,315200000,445200000,0.82,ok
면적 입력,16429,관악구,350000000,345600000,290800000,410700000,0.88,ok
면적 입력,16434,관악구,202000000,190400000,160200000,226200000,0.85,ok
면적 입력,16438,관악구,628000000,431300000,285900000,650600000,0.53,ok
면적 입력,16441,관악구,395000000,393800000,331400000,468000000,0.85,ok
면적 입력,16443,관악구,285000000,298000000,250700000,354100000,0.81,ok
면적 입력,16445,관악구,225000000,244100000,205400000,290100000,0.84,ok
면적 입력,16450,관악구,183000000,253900000,203400000,317100000,0.75,ok
면적 입력,16451,관악구,305000000,322600000,271500000,383400000,0.85,ok
면적 입력,16453,관악구,226000000,246600000,197500000,307900000,0.71,ok
면적 입력,16454,관악구,349000000,371300000,312400000,441200000,0.87,ok
면적 입력,16456,관악구,345000000,317700000,267300000,377500000,0.88,ok
면적 입력,16459,관악구,463000000,416000000,333200000,519400000,0.78,ok
면적 입력,16461,관악구,445000000,445700000,328600000,604400000,0.64,ok
면적 입력,16463,관악구,297000000,332200000,279600000,394800000,0.86,ok
면적 입력,16465,관악구,372000000,397200000,318100000,496000000,0.79,ok
면적 입력,16467,관악구,338000000,380300000,304600000,474900000,0.78,ok
면적 입력,16468,관악구,390000000,387500000,285800000,525500000,0.63,ok
면적 입력,16469,관악구,247000000,264300000,211700000,330000000,0.76,ok
면적 입력,16475,관악구,470000000,498700000,399400000,622700000,0.72,ok
면적 입력,16476,관악구,400000000,415000000,349200000,493200000,0.85,ok
면적 입력,16479,관악구,310000000,333800000,280900000,396700000,0.81,ok
면적 입력,16480,관악구,240000000,289200000,213300000,392200000,0.7,ok
면적 입력,16483,관악구,298000000,243800000,179800000,330600000,0.68,ok
면적 입력,16485,관악구,330000000,340700000,272900000,425400000,0.78,ok
면적 입력,16488,관악구,315000000,320500000,256700000,400100000,0.76,ok
면적 입력,16492,관악구,600000000,640300000,538800000,761000000,0.86,ok
면적 입력,16494,관악구,290000000,355000000,261800000,481500000,0.6,ok
면적 입력,16498,관악구,375000000,345200000,290500000,410300000,0.81,ok
면적 입력,16500,관악구,377000000,344900000,276200000,430600000,0.72,ok
면적 입력,16501,관악구,370000000,368300000,271600000,499500000,0.65,ok
면적 입력,16502,관악구,140000000,160600000,118500000,217800000,0.67,ok
면적 입력,16503,관악구,400000000,291700000,233600000,364200000,0.77,ok
면적 입력,16504,관악구,770000000,669300000,443700000,1009600000,0.59,ok
면적 입력,16505,관악구,785000000,753200000,603200000,940400000,0.72,ok
면적 입력,16506,관악구,305000000,337900000,270600000,421900000,0.77,ok
면적 입력,16507,관악구,439000000,299700000,198700000,452200000,0.51,ok
면적 입력,16508,관악구,250000000,286700000,211400000,388800000,0.7,ok
면적 입력,16509,관악구,205500000,218400000,161100000,296200000,0.68,ok
면적 입력,16510,관악구,250000000,254800000,204100000,318100000,0.8,ok
면적 입력,16513,관악구,376000000,509300000,428600000,605300000,0.82,ok
면적 입력,16516,관악구,410000000,453600000,381700000,539000000,0.9,ok
면적 입력,16517,관악구,315000000,312100000,250000000,389700000,0.73,ok
면적 입력,16521,관악구,260000000,498600000,399300000,622500000,0.79,ok
면적 입력,16522,관악구,335000000,312500000,250300000,390200000,0.78,ok
면적 입력,16524,관악구,240000000,286700000,229700000,358000000,0.78,ok
면적 입력,16527,관악구,278000000,280100000,235700000,332800000,0.88,ok
면적 입력,16528,관악구,299000000,366800000,293700000,457900000,0.76,ok
면적 입력,16530,관악구,340000000,368500000,310100000,437900000,0.81,ok
면적 입력,16533,관악구,204500000,254700000,187800000,345400000,0.63,ok
면적 입력,16534,관악구,465000000,484500000,407700000,575800000,0.9,ok
면적 입력,16535,관악구,190000000,157600000,104500000,237800000,0.49,ok
면적 입력,16536,관악구,200000000,337300000,270200000,421200000,0.73,ok
면적 입력,16539,관악구,162000000,154000000,102100000,232300000,0.49,ok
면적 입력,16540,관악구,300000000,346200000,291300000,411500000,0.83,ok
면적 입력,16541,관악구,378000000,378900000,318800000,450300000,0.9,ok
면적 입력,16542,관악구,220000000,356000000,236000000,537000000,0.57,ok
면적 입력,16544,관악구,182500000,196600000,157500000,245500000,0.75,ok
면적 입력,16546,관악구,232000000,297500000,238300000,371400000,0.79,ok
면적 입력,16547,관악구,375000000,424700000,357400000,504700000,0.83,ok
면적 입력,16550,관악구,670000000,589300000,390600000,888900000,0.56,ok
면적 입력,16552,관악구,410000000,430700000,345000000,537800000,0.8,ok
면적 입력,16555,관악구,200000000,330100000,243400000,447600000,0.69,ok
면적 입력,16556,관악구,550000000,709400000,523100000,962000000,0.67,ok
면적 입력,16557,관악구,530000000,770900000,648700000,916200000,0.87,ok
면적 입력,16558,관악구,290000000,341400000,273400000,426300000,0.76,ok
면적 입력,16559,관악구,360000000,368700000,295300000,460400000,0.73,ok
면적 입력,16566,관악구,465000000,419000000,335600000,523100000,0.73,ok
면적 입력,16567,관악구,905000000,932800000,747100000,1164600000,0.76,ok
면적 입력,16569,관악구,180000000,263200000,194100000,357000000,0.65,ok
면적 입력,16573,관악구,275000000,369500000,310900000,439100000,0.8,ok
면적 입력,16574,관악구,340000000,360100000,303000000,427900000,0.89,ok
면적 입력,16575,관악구,480000000,512400000,431200000,608900000,0.87,ok
면적 입력,16577,관악구,180000000,210000000,154800000,284700000,0.62,ok
면적 입력,16579,관악구,150000000,195500000,129600000,294900000,0.47,ok
면적 입력,16580,관악구,280000000,250500000,210800000,297700000,0.83,ok
면적 입력,16583,관악구,300000000,406100000,341700000,482600000,0.83,ok
면적 입력,16584,관악구,215000000,244100000,205400000,290100000,0.84,ok
면적 입력,16585,관악구,290000000,286500000,241100000,340400000,0.82,ok
면적 입력,16586,관악구,380000000,371700000,312800000,441700000,0.89,ok
면적 입력,16589,관악구,345000000,338400000,271000000,422500000,0.78,ok
면적 입력,16591,관악구,370000000,341500000,287400000,405900000,0.82,ok
면적 입력,16593,관악구,285000000,316500000,266300000,376100000,0.82,ok
면적 입력,16594,관악구,160000000,218800000,184100000,260000000,0.82,ok
면적 입력,16599,관악구,365000000,398600000,294000000,540600000,0.7,ok
면적 입력,16602,관악구,500000000,403900000,297800000,547700000,0.61,ok
면적 입력,16603,관악구,290000000,319200000,268600000,379300000,0.85,ok
면적 입력,16607,관악구,300000000,362700000,267500000,491900000,0.69,ok
면적 입력,16613,관악구,435000000,468200000,394000000,556400000,0.81,ok
면적 입력,16614,관악구,219000000,294100000,216900000,398900000,0.69,ok
면적 입력,16616,관악구,320000000,309900000,248200000,386900000,0.7,ok
면적 입력,16625,관악구,350000000,433900000,347500000,541800000,0.77,ok
면적 입력,16627,관악구,190000000,241700000,178300000,327800000,0.62,ok
면적 입력,16629,관악구,380000000,372000000,297900000,464500000,0.7,ok
면적 입력,16633,관악구,450000000,379900000,304200000,474300000,0.76,ok
면적 입력,16637,관악구,455000000,458000000,385400000,544300000,0.8,ok
면적 입력,16638,관악구,280000000,278400000,223000000,347700000,0.75,ok
면적 입력,16640,관악구,300000000,311100000,249200000,388500000,0.74,ok
면적 입력,16642,관악구,280000000,279500000,235200000,332200000,0.89,ok
면적 입력,16644,관악구,250000000,261800000,220300000,311100000,0.82,ok
면적 입력,16645,관악구,370000000,348300000,293100000,413900000,0.83,ok
면적 입력,16647,관악구,180000000,239000000,158400000,360500000,0.25,ok
면적 입력,16648,관악구,460000000,454500000,382500000,540200000,0.85,ok
면적 입력,16649,관악구,390000000,440300000,370500000,523300000,0.81,ok
면적 입력,16650,관악구,462000000,385100000,324100000,457700000,0.82,ok
면적 입력,16651,관악구,162000000,316800000,233600000,429600000,0.6,ok
면적 입력,16652,관악구,325000000,286900000,190200000,432800000,0.53,ok
면적 입력,16653,관악구,330000000,312700000,263100000,371600000,0.85,ok
면적 입력,16654,관악구,435000000,420100000,353500000,499200000,0.85,ok
면적 입력,16656,관악구,343200000,409000000,327600000,510600000,0.76,ok
면적 입력,16659,관악구,297000000,210700000,155400000,285700000,0.62,ok
면적 입력,16660,관악구,290000000,337300000,270100000,421100000,0.7,ok
면적 입력,16662,관악구,285000000,287900000,190900000,434300000,0.48,ok
면적 입력,16663,관악구,425000000,420300000,353700000,499500000,0.82,ok
면적 입력,16665,관악구,210000000,285400000,228600000,356400000,0.74,ok
면적 입력,16666,관악구,350000000,341300000,287200000,405600000,0.87,ok
면적 입력,16667,관악구,379000000,421300000,354500000,500600000,0.81,ok
면적 입력,16668,관악구,810000000,860200000,634300000,1166500000,0.67,ok
면적 입력,16669,관악구,198000000,220400000,162600000,298900000,0.63,ok
면적 입력,16671,관악구,300000000,321000000,270100000,381500000,0.87,ok
면적 입력,16672,관악구,127000000,145200000,96300000,219100000,0.42,ok
면적 입력,16674,관악구,352000000,330200000,277900000,392400000,0.82,ok
면적 입력,16675,관악구,258000000,316300000,253400000,395000000,0.7,ok
면적 입력,16681,관악구,350000000,351400000,281500000,438800000,0.77,ok
면적 입력,16682,관악구,429000000,347500000,256300000,471300000,0.63,ok
면적 입력,16683,관악구,338000000,336900000,283500000,400400000,0.81,ok
면적 입력,16685,관악구,730000000,631600000,531500000,750600000,0.81,ok
면적 입력,16686,관악구,350000000,350800000,281000000,438000000,0.8,ok
면적 입력,16688,관악구,310000000,326100000,261200000,407200000,0.79,ok
면적 입력,16689,관악구,288000000,273600000,201800000,371100000,0.68,ok
면적 입력,16701,관악구,685000000,655000000,551200000,778400000,0.84,ok
면적 입력,16705,관악구,480000000,447400000,296600000,674800000,0.59,ok
면적 입력,16706,관악구,500000000,473700000,314000000,714500000,0.57,ok
면적 입력,16710,관악구,350000000,275400000,220600000,343900000,0.79,ok
면적 입력,16718,관악구,670000000,665900000,560300000,791300000,0.83,ok
면적 입력,16719,관악구,389000000,340900000,286900000,405100000,0.81,ok
면적 입력,16721,관악구,388000000,379400000,303900000,473700000,0.77,ok
면적 입력,16723,관악구,307000000,304000000,243500000,379600000,0.8,ok
면적 입력,16724,관악구,348000000,268900000,178200000,405600000,0.38,ok
면적 입력,16725,관악구,463500000,542500000,456500000,644700000,0.82,ok
면적 입력,16726,관악구,471500000,548300000,461400000,651600000,0.82,ok
면적 입력,16727,관악구,488500000,559200000,470500000,664500000,0.82,ok
면적 입력,16728,관악구,471500000,541500000,455600000,643500000,0.82,ok
면적 입력,16729,관악구,479000000,547400000,460600000,650500000,0.82,ok
면적 입력,16730,관악구,496000000,558300000,469800000,663400000,0.82,ok
면적 입력,16731,관악구,503500000,561100000,472100000,666800000,0.82,ok
면적 입력,16732,관악구,547500000,576900000,485500000,685600000,0.82,ok
면적 입력,16733,관악구,501000000,579800000,487900000,689100000,0.82,ok
면적 입력,16734,관악구,506500000,593000000,499000000,704800000,0.82,ok
면적 입력,16737,관악구,419000000,433100000,346900000,540700000,0.8,ok
면적 입력,16738,관악구,691000000,333300000,220900000,502700000,0.41,ok
면적 입력,16739,관악구,820000000,618200000,495100000,771800000,0.79,ok
면적 입력,16743,관악구,255000000,256100000,215500000,304300000,0.8,ok
면적 입력,16744,관악구,230000000,296700000,237600000,370400000,0.73,ok
면적 입력,16746,관악구,115000000,300000000,240300000,374600000,0.76,ok
면적 입력,16748,관악구,385000000,390100000,328300000,463600000,0.9,ok
면적 입력,16749,관악구,167000000,168600000,124400000,228700000,0.69,ok
면적 입력,16750,관악구,800000000,692100000,510300000,938500000,0.67,ok
면적 입력,16751,관악구,570000000,383100000,306800000,478300000,0.71,ok
면적 입력,16755,관악구,257000000,228300000,182900000,285100000,0.79,ok
면적 입력,16756,관악구,185000000,166900000,133700000,208400000,0.75,ok
면적 입력,16757,관악구,170000000,189300000,125500000,285500000,0.45,ok
면적 입력,16758,관악구,210000000,189800000,152000000,237000000,0.75,ok
면적 입력,16759,관악구,395000000,372100000,298000000,464600000,0.8,ok
면적 입력,16761,관악구,320000000,338800000,271400000,423000000,0.75,ok
면적 입력,16762,관악구,460000000,486000000,408900000,577500000,0.83,ok
면적 입력,16763,관악구,170000000,206900000,165700000,258300000,0.76,ok
면적 입력,16766,관악구,120000000,157800000,104600000,238000000,0.38,ok
면적 입력,16769,관악구,599500000,585900000,493100000,696300000,0.88,ok
면적 입력,16773,관악구,121000000,189300000,125500000,285600000,0.21,ok
면적 입력,16775,관악구,260000000,294500000,247800000,350000000,0.8,ok
면적 입력,16777,관악구,580000000,633900000,533400000,753400000,0.86,ok
면적 입력,16778,관악구,665000000,821000000,605400000,1113300000,0.61,ok
면적 입력,16783,관악구,280000000,259300000,191200000,351600000,0.68,ok
면적 입력,16784,관악구,364500000,354900000,284300000,443100000,0.77,ok
면적 입력,16787,관악구,235000000,219300000,161700000,297400000,0.68,ok
면적 입력,16788,관악구,535000000,412100000,346700000,489700000,0.85,ok
면적 입력,16789,관악구,430000000,509300000,428600000,605300000,0.82,ok
면적 입력,16792,관악구,350000000,404700000,340600000,481000000,0.8,ok
면적 입력,16793,관악구,243000000,246000000,197000000,307200000,0.78,ok
면적 입력,16796,관악구,320000000,335500000,268700000,418900000,0.8,ok
면적 입력,16806,관악구,370000000,382200000,306100000,477300000,0.79,ok
면적 입력,16807,관악구,880000000,810500000,649200000,1012000000,0.78,ok
면적 입력,16808,관악구,100000000,179700000,119100000,271000000,0.34,ok
면적 입력,16809,관악구,390000000,429900000,361700000,510900000,0.86,ok
면적 입력,16810,관악구,330000000,258300000,190500000,350300000,0.7,ok
면적 입력,16813,관악구,353000000,408200000,326900000,509600000,0.79,ok
면적 입력,16816,관악구,185000000,292600000,215800000,396800000,0.66,ok
면적 입력,16817,관악구,325000000,306800000,245800000,383100000,0.76,ok
면적 입력,16818,관악구,295000000,271900000,217800000,339500000,0.78,ok
면적 입력,16819,관악구,350000000,406200000,325300000,507100000,0.77,ok
면적 입력,16820,관악구,390000000,338500000,249600000,459100000,0.69,ok
면적 입력,16822,관악구,185000000,206900000,165700000,258400000,0.72,ok
면적 입력,16824,관악구,300000000,421900000,337900000,526800000,0.73,ok
면적 입력,16827,관악구,850000000,789800000,632500000,986100000,0.8,ok
면적 입력,16828,관악구,180000000,229400000,152100000,346100000,0.5,ok
면적 입력,16829,관악구,430000000,386000000,309100000,481900000,0.78,ok
면적 입력,16830,관악구,430000000,386000000,309100000,481900000,0.78,ok
면적 입력,16835,관악구,235000000,276000000,221000000,344600000,0.75,ok
면적 입력,16837,관악구,230000000,241000000,193000000,300900000,0.73,ok
면적 입력,16838,관악구,385000000,392700000,330400000,466600000,0.9,ok
면적 입력,16840,관악구,300000000,279000000,185000000,420900000,0.56,ok
면적 입력,16841,관악구,380000000,274300000,181800000,413800000,0.56,ok
면적 입력,16842,관악구,580000000,633900000,533400000,753400000,0.86,ok
면적 입력,16844,관악구,250000000,291800000,215200000,395700000,0.7,ok
면적 입력,16846,관악구,280000000,260300000,191900000,353000000,0.68,ok
면적 입력,16849,관악구,299000000,208400000,138200000,314400000,0.36,ok
면적 입력,16851,관악구,160000000,232600000,186300000,290500000,0.76,ok
면적 입력,16852,관악구,805000000,839800000,556700000,1266900000,0.58,ok
면적 입력,16853,관악구,480000000,543800000,457600000,646200000,0.83,ok
면적 입력,16855,관악구,255000000,272400000,229200000,323700000,0.89,ok
면적 입력,16856,관악구,185000000,201300000,161200000,251300000,0.72,ok
면적 입력,16857,관악구,300000000,363200000,305600000,431600000,0.82,ok
면적 입력,16860,관악구,340000000,336300000,269300000,419900000,0.7,ok
면적 입력,16861,관악구,215000000,319900000,269100000,380100000,0.83,ok
면적 입력,16864,관악구,283000000,277700000,233700000,330100000,0.88,ok
면적 입력,16865,관악구,905000000,605500000,401400000,913400000,0.52,ok
면적 입력,16871,관악구,320000000,296200000,237300000,369900000,0.72,ok
면적 입력,16874,관악구,850000000,789600000,632400000,985900000,0.8,ok
면적 입력,16876,관악구,160000000,225700000,149600000,340400000,0.51,ok
면적 입력,16877,관악구,245000000,237500000,157400000,358300000,0.48,ok
면적 입력,16884,관악구,250000000,263500000,211100000,329100000,0.72,ok
면적 입력,16889,관악구,255000000,206500000,165400000,257800000,0.78,ok
면적 입력,16890,관악구,280000000,266400000,213400000,332700000,0.8,ok
면적 입력,16892,관악구,377000000,390900000,329000000,464600000,0.9,ok
면적 입력,16895,관악구,380000000,447900000,376900000,532200000,0.81,ok
면적 입력,16898,관악구,260000000,292700000,234400000,365400000,0.72,ok
면적 입력,16899,관악구,300000000,364600000,306800000,433300000,0.82,ok
면적 입력,16903,관악구,305000000,295300000,217800000,400500000,0.67,ok
면적 입력,16905,관악구,420000000,406600000,342200000,483200000,0.84,ok
면적 입력,16909,관악구,165000000,191000000,140800000,258900000,0.61,ok
면적 입력,16910,관악구,267000000,317100000,253900000,395900000,0.79,ok
면적 입력,16916,관악구,350000000,340100000,272400000,424600000,0.78,ok
면적 입력,16917,관악구,255000000,242500000,160700000,365700000,0.32,ok
면적 입력,16920,관악구,170000000,287500000,241900000,341700000,0.86,ok
면적 입력,16921,관악구,300000000,360500000,303400000,428400000,0.81,ok
면적 입력,16925,관악구,720000000,656500000,484100000,890300000,0.6,ok
면적 입력,16926,관악구,360000000,314900000,252200000,393200000,0.7,ok
면적 입력,16928,관악구,320000000,316800000,266600000,376500000,0.84,ok
면적 입력,16930,관악구,368000000,433500000,364800000,515100000,0.88,ok
면적 입력,16931,관악구,450000000,483200000,387000000,603300000,0.76,ok
면적 입력,16933,관악구,315000000,332700000,266500000,415400000,0.77,ok
면적 입력,16935,관악구,197000000,190500000,152600000,237800000,0.73,ok
면적 입력,16937,관악구,410000000,379300000,319200000,450800000,0.85,ok
면적 입력,16939,관악구,230000000,328300000,263000000,410000000,0.71,ok
면적 입력,16940,관악구,250000000,343500000,289000000,408200000,0.8,ok
면적 입력,16941,관악구,283000000,240200000,202100000,285400000,0.85,ok
면적 입력,16942,관악구,245000000,248100000,198700000,309800000,0.75,ok
면적 입력,16943,관악구,265000000,259300000,207600000,323700000,0.79,ok
면적 입력,16944,관악구,190000000,198500000,131600000,299400000,0.39,ok
면적 입력,16945,관악구,485000000,405800000,299200000,550300000,0.66,ok
면적 입력,16948,관악구,630000000,608000000,511700000,722600000,0.83,ok
면적 입력,16950,관악구,238000000,278800000,205600000,378100000,0.69,ok
면적 입력,16951,관악구,470000000,426300000,314300000,578100000,0.67,ok
면적 입력,16953,관악구,230000000,238100000,200400000,283000000,0.86,ok
면적 입력,16954,관악구,510000000,481000000,404800000,571600000,0.9,ok
면적 입력,16957,관악구,220000000,318900000,255400000,398200000,0.72,ok
면적 입력,16960,관악구,185000000,189600000,125700000,286000000,0.56,ok
면적 입력,16962,관악구,230000000,163600000,120600000,221800000,0.63,ok
면적 입력,16963,관악구,530000000,398200000,319000000,497200000,0.78,ok
면적 입력,16965,관악구,275000000,247100000,207900000,293600000,0.83,ok
면적 입력,16966,관악구,320000000,240000000,159100000,362000000,0.46,ok
면적 입력,16967,관악구,298000000,404800000,340600000,481000000,0.84,ok
면적 입력,16970,관악구,260000000,387100000,310000000,483300000,0.73,ok
면적 입력,16972,관악구,235000000,267300000,214100000,333700000,0.7,ok
면적 입력,16973,관악구,325000000,321100000,257200000,400900000,0.75,ok
면적 입력,16974,관악구,375000000,345400000,290600000,410400000,0.9,ok
면적 입력,16976,관악구,445000000,392500000,314400000,490100000,0.72,ok
면적 입력,16978,관악구,260000000,285200000,210300000,386800000,0.66,ok
면적 입력,16979,관악구,180000000,166900000,133700000,208400000,0.75,ok
면적 입력,16980,관악구,310000000,256400000,205400000,320200000,0.79,ok
면적 입력,16981,관악구,265000000,321300000,236900000,435700000,0.68,ok
면적 입력,16982,관악구,193000000,228400000,182900000,285200000,0.73,ok
면적 입력,16984,관악구,445000000,545600000,402300000,739900000,0.62,ok
면적 입력,16985,관악구,240000000,238100000,190700000,297300000,0.7,ok
면적 입력,16986,관악구,240000000,215400000,142800000,324900000,0.36,ok
면적 입력,16987,관악구,760000000,794900000,668900000,944600000,0.81,ok
면적 입력,16991,관악구,185000000,264200000,175200000,398600000,0.41,ok
면적 입력,16992,관악구,295000000,396500000,317500000,495000000,0.76,ok
면적 입력,16995,관악구,280000000,314500000,251900000,392700000,0.79,ok
면적 입력,16996,관악구,300000000,261200000,209200000,326100000,0.77,ok
면적 입력,16998,관악구,450000000,412800000,304400000,559800000,0.69,ok
면적 입력,16999,관악구,145000000,216600000,159700000,293700000,0.61,ok
면적 입력,17000,관악구,329000000,406400000,342000000,483000000,0.82,ok
면적 입력,17004,관악구,240000000,280900000,224900000,350700000,0.72,ok
면적 입력,17008,관악구,507500000,499500000,420300000,593600000,0.9,ok
면적 입력,17009,관악구,360000000,335700000,268900000,419100000,0.77,ok
면적 입력,17010,관악구,353000000,375400000,315900000,446100000,0.88,ok
면적 입력,17012,관악구,395000000,352600000,296700000,419000000,0.83,ok
면적 입력,17013,관악구,270000000,277500000,222200000,346400000,0.71,ok
면적 입력,17015,관악구,509000000,495700000,417200000,589100000,0.87,ok
면적 입력,17016,관악구,173000000,284500000,188600000,429200000,0.37,ok
면적 입력,17017,관악구,287000000,365400000,292700000,456300000,0.75,ok
면적 입력,17018,관악구,328000000,281400000,225300000,351300000,0.79,ok
면적 입력,17020,관악구,100000000,191700000,127100000,289200000,0.47,ok
면적 입력,17024,관악구,345000000,343700000,289200000,408400000,0.82,ok
면적 입력,17025,관악구,320000000,326400000,274600000,387800000,0.82,ok
면적 입력,17028,관악구,195000000,171200000,137200000,213800000,0.74,ok
면적 입력,17029,관악구,300000000,293900000,235400000,366900000,0.8,ok
면적 입력,17031,관악구,264500000,274500000,219800000,342700000,0.77,ok
면적 입력,17034,관악구,435000000,500400000,421100000,594700000,0.86,ok
면적 입력,17037,관악구,226000000,244100000,205400000,290100000,0.84,ok
면적 입력,17039,관악구,330000000,339100000,271600000,423300000,0.75,ok
면적 입력,17051,관악구,237000000,227500000,182200000,284100000,0.79,ok
면적 입력,17054,관악구,820000000,696800000,461900000,1051000000,0.43,ok
면적 입력,17057,관악구,294000000,263400000,221600000,313000000,0.81,ok
면적 입력,17060,관악구,192000000,205300000,136100000,309700000,0.54,ok
면적 입력,17063,관악구,360000000,344600000,276000000,430300000,0.72,ok
면적 입력,17064,관악구,170000000,164000000,108700000,247400000,0.37,ok
면적 입력,17068,관악구,300000000,334300000,246500000,453300000,0.63,ok
면적 입력,17069,관악구,125000000,182500000,121000000,275300000,0.39,ok
면적 입력,17070,관악구,158000000,151700000,100500000,228800000,0.31,ok
면적 입력,17071,관악구,300000000,292900000,246500000,348100000,0.84,ok
면적 입력,17072,관악구,370000000,392300000,289300000,531900000,0.68,ok
면적 입력,17074,관악구,250000000,258400000,190500000,350400000,0.64,ok
면적 입력,17075,관악구,175000000,237300000,175000000,321800000,0.62,ok
면적 입력,17081,관악구,195000000,223200000,178800000,278700000,0.79,ok
면적 입력,17101,관악구,530000000,366500000,308400000,435600000,0.85,ok
면적 입력,17114,관악구,265000000,233700000,187200000,291800000,0.78,ok
면적 입력,17116,관악구,130000000,129600000,85900000,195600000,0.49,ok
면적 입력,17118,관악구,380000000,400300000,320600000,499800000,0.8,ok
면적 입력,17119,관악구,410000000,381800000,305800000,476700000,0.72,ok
면적 입력,17120,관악구,360000000,350500000,280800000,437700000,0.73,ok
면적 입력,17121,관악구,350000000,297300000,238100000,371200000,0.79,ok
면적 입력,17129,관악구,325000000,316300000,266100000,375900000,0.8,ok
면적 입력,17130,관악구,585000000,380500000,252300000,574000000,0.48,ok
면적 입력,17131,관악구,395000000,399600000,336300000,474900000,0.83,ok
면적 입력,17132,관악구,275000000,282600000,187300000,426300000,0.54,ok
면적 입력,17134,관악구,295000000,221800000,177700000,277000000,0.73,ok
면적 입력,17135,관악구,280000000,291100000,193000000,439200000,0.51,ok
면적 입력,17136,관악구,750000000,796900000,670600000,947100000,0.81,ok
면적 입력,17138,관악구,405000000,408400000,327100000,510000000,0.76,ok
면적 입력,17141,관악구,343000000,359300000,302400000,427000000,0.81,ok
면적 입력,17142,관악구,324000000,456600000,384200000,542600000,0.86,ok
면적 입력,17143,관악구,690000000,817200000,602600000,1108200000,0.69,ok
면적 입력,17146,관악구,290000000,301400000,199800000,454600000,0.59,ok
면적 입력,17148,관악구,147000000,119400000,79100000,180100000,0.51,ok
면적 입력,17150,관악구,298000000,306700000,245700000,383000000,0.72,ok
면적 입력,17151,관악구,635000000,552200000,442300000,689500000,0.77,ok
면적 입력,17152,관악구,398500000,451700000,380100000,536800000,0.82,ok
면적 입력,17154,관악구,397000000,393300000,315000000,491000000,0.77,ok
면적 입력,17155,관악구,360000000,264600000,195100000,358800000,0.62,ok
면적 입력,17157,관악구,230000000,224800000,180100000,280700000,0.77,ok
면적 입력,17158,관악구,180000000,151000000,100100000,227700000,0.43,ok
면적 입력,17160,관악구,348000000,396400000,333600000,471100000,0.83,ok
면적 입력,17169,관악구,232000000,255000000,169100000,384700000,0.51,ok
면적 입력,17171,관악구,378000000,326000000,261100000,407000000,0.75,ok
면적 입력,17172,관악구,250000000,276600000,221600000,345400000,0.78,ok
면적 입력,17175,관악구,400000000,418600000,352300000,497500000,0.87,ok
면적 입력,17176,관악구,230000000,248600000,164800000,375000000,0.33,ok
면적 입력,17177,관악구,228000000,226000000,181000000,282200000,0.75,ok
면적 입력,17180,관악구,215000000,244100000,205400000,290100000,0.84,ok
면적 입력,17182,관악구,470000000,370400000,311700000,440100000,0.83,ok
면적 입력,17183,관악구,580000000,592300000,498400000,703900000,0.86,ok
면적 입력,17185,관악구,300000000,325300000,260600000,406200000,0.75,ok
면적 입력,17189,관악구,365000000,275200000,231600000,327100000,0.88,ok
면적 입력,17191,관악구,365000000,355800000,299400000,422900000,0.85,ok
면적 입력,17192,관악구,230000000,232900000,186600000,290800000,0.71,ok
면적 입력,17198,관악구,282000000,321400000,237000000,435800000,0.64,ok
면적 입력,17199,관악구,428000000,402000000,296400000,545100000,0.65,ok
면적 입력,17201,관악구,720000000,583200000,386600000,879800000,0.58,ok
면적 입력,17202,관악구,598000000,640100000,538700000,760700000,0.86,ok
면적 입력,17203,관악구,290000000,278400000,234200000,330800000,0.89,ok
면적 입력,17208,관악구,300000000,301100000,222000000,408300000,0.61,ok
면적 입력,17210,관악구,635000000,552200000,442300000,689500000,0.77,ok
면적 입력,17211,관악구,279000000,276400000,221400000,345100000,0.75,ok
면적 입력,17213,관악구,235000000,247300000,208100000,293900000,0.82,ok
면적 입력,17215,관악구,710000000,836500000,670000000,1044400000,0.73,ok
면적 입력,17216,관악구,357000000,413500000,347900000,491400000,0.89,ok
면적 입력,17217,관악구,180000000,248200000,183000000,336500000,0.7,ok
면적 입력,17219,관악구,360000000,372000000,313000000,442100000,0.89,ok
면적 입력,17220,관악구,445000000,327100000,275200000,388700000,0.83,ok
면적 입력,17222,관악구,182000000,212900000,157000000,288800000,0.68,ok
면적 입력,17223,관악구,380000000,456300000,365400000,569700000,0.72,ok
면적 입력,17224,관악구,700000000,783900000,627800000,978700000,0.77,ok
면적 입력,17231,관악구,528000000,577200000,462300000,720600000,0.78,ok
면적 입력,17233,관악구,260000000,297700000,250500000,353800000,0.88,ok
면적 입력,17239,관악구,350000000,319900000,235900000,433800000,0.69,ok
면적 입력,17243,관악구,300000000,261200000,209200000,326100000,0.77,ok
면적 입력,17245,관악구,328000000,375500000,300700000,468800000,0.74,ok
면적 입력,17247,관악구,257000000,446300000,375500000,530400000,0.84,ok
면적 입력,17248,관악구,190000000,204300000,163700000,255100000,0.73,ok
면적 입력,17249,관악구,200000000,251300000,166600000,379100000,0.54,ok
면적 입력,17251,관악구,265000000,291000000,244900000,345900000,0.87,ok
면적 입력,17253,관악구,495000000,461900000,388700000,548900000,0.8,ok
면적 입력,17254,관악구,295000000,352400000,296500000,418800000,0.84,ok
면적 입력,17256,관악구,147000000,234600000,187900000,292900000,0.73,ok
면적 입력,17258,관악구,567000000,619800000,521500000,736500000,0.84,ok
면적 입력,17259,관악구,185000000,249200000,183700000,337900000,0.62,ok
면적 입력,17261,관악구,275000000,304000000,243500000,379600000,0.76,ok
면적 입력,17265,관악구,555000000,477500000,401800000,567400000,0.8,ok
면적 입력,17269,관악구,198000000,205700000,164800000,256900000,0.78,ok
면적 입력,17270,관악구,300000000,304700000,256400000,362100000,0.81,ok
면적 입력,17276,관악구,810000000,488800000,324100000,737400000,0.2,ok
면적 입력,17277,관악구,475000000,467000000,393000000,555000000,0.81,ok
면적 입력,17279,관악구,335000000,348600000,293300000,414200000,0.83,ok
면적 입력,17281,관악구,360000000,382300000,321700000,454300000,0.89,ok
면적 입력,17283,관악구,355000000,377400000,317600000,448500000,0.88,ok
면적 입력,17288,관악구,225000000,327400000,217000000,493800000,0.44,ok
면적 입력,17289,관악구,310000000,235300000,156000000,355000000,0.45,ok
면적 입력,17292,관악구,380000000,357200000,286100000,446000000,0.76,ok
면적 입력,17293,관악구,193000000,237600000,175200000,322200000,0.66,ok
면적 입력,17295,관악구,268000000,262200000,210000000,327400000,0.74,ok
면적 입력,17297,관악구,198000000,191400000,153300000,238900000,0.77,ok
면적 입력,17298,관악구,380000000,379300000,303800000,473600000,0.72,ok
면적 입력,17299,관악구,282000000,314500000,251900000,392700000,0.79,ok
면적 입력,17300,관악구,600000000,500400000,421000000,594600000,0.86,ok
면적 입력,17302,관악구,170000000,138600000,91900000,209000000,0.42,ok
면적 입력,17304,관악구,900000000,922100000,738500000,1151300000,0.77,ok
면적 입력,17306,관악구,265000000,307500000,258700000,365400000,0.84,ok
면적 입력,17309,관악구,573000000,616700000,519000000,732900000,0.84,ok
면적 입력,17310,관악구,350000000,375600000,316100000,446400000,0.88,ok
면적 입력,17311,관악구,340000000,375600000,300800000,468900000,0.77,ok
면적 입력,17312,관악구,340000000,375600000,300800000,468900000,0.77,ok
면적 입력,17314,관악구,290000000,298800000,239300000,373000000,0.76,ok
면적 입력,17319,관악구,449000000,352700000,282500000,440300000,0.78,ok
면적 입력,17330,관악구,390000000,281300000,225300000,351300000,0.72,ok
면적 입력,17331,관악구,450000000,413800000,348200000,491800000,0.85,ok
면적 입력,17334,관악구,333000000,315000000,265100000,374400000,0.84,ok
면적 입력,17335,관악구,405000000,391200000,288500000,530600000,0.67,ok
면적 입력,17338,관악구,358000000,345200000,290500000,410300000,0.86,ok
면적 입력,17339,관악구,120000000,232200000,154000000,350300000,0.39,ok
면적 입력,17344,관악구,155000000,142000000,94100000,214200000,0.42,ok
면적 입력,17345,관악구,245000000,247300000,208100000,293900000,0.85,ok
면적 입력,17346,관악구,675000000,598400000,441300000,811400000,0.64,ok
면적 입력,20047,강남구,1240000000,1296600000,1091100000,1540900000,0.89,ok
면적 입력,20049,강남구,730000000,689500000,580200000,819400000,0.82,ok
면적 입력,20054,강남구,660000000,950700000,701000000,1289200000,0.69,ok
면적 입력,20055,강남구,295000000,340100000,286200000,404200000,0.8,ok
면적 입력,20060,강남구,521000000,543300000,435100000,678400000,0.74,ok
면적 입력,20062,강남구,1250000000,1299700000,1093700000,1544600000,0.89,ok
면적 입력,20063,강남구,650000000,719500000,530600000,975700000,0.68,ok
면적 입력,20067,강남구,340000000,368100000,309800000,437500000,0.83,ok
면적 입력,20069,강남구,1750000000,1445500000,1157700000,1804800000,0.71,ok
면적 입력,20075,강남구,535000000,584500000,491800000,694600000,0.89,ok
면적 입력,20076,강남구,295000000,371600000,297600000,464000000,0.75,ok
면적 입력,20078,강남구,700000000,811100000,598100000,1099900000,0.61,ok
면적 입력,20079,강남구,510000000,486100000,409000000,577700000,0.85,ok
면적 입력,20083,강남구,1600000000,1707900000,1367900000,2132400000,0.78,ok
면적 입력,20084,강남구,800000000,799400000,640200000,998100000,0.77,ok
면적 입력,20087,강남구,870000000,1028600000,865600000,1222400000,0.87,ok
면적 입력,20090,강남구,750000000,769400000,616200000,960600000,0.76,ok
면적 입력,20091,강남구,634000000,843400000,559100000,1272200000,0.53,ok
면적 입력,20094,강남구,910000000,876400000,737500000,1041500000,0.81,ok
면적 입력,20095,강남구,1200000000,1299700000,1093700000,1544600000,0.89,ok
면적 입력,20096,강남구,1200000000,1380200000,1161400000,1640200000,0.9,ok
면적 입력,20097,강남구,760000000,756100000,636200000,898600000,0.81,ok
면적 입력,20099,강남구,780000000,833200000,667300000,1040300000,0.74,ok
면적 입력,20100,강남구,1830000000,1795300000,1323900000,2434600000,0.62,ok
면적 입력,20101,강남구,707500000,932500000,746800000,1164300000,0.74,ok
면적 입력,20103,강남구,499000000,502700000,333200000,758300000,0.36,ok
면적 입력,20106,강남구,1245000000,1299700000,1093700000,1544600000,0.89,ok
면적 입력,20118,강남구,880000000,945100000,795300000,1123200000,0.8,ok
면적 입력,20119,강남구,890000000,1097400000,878900000,1370200000,0.7,ok
면적 입력,20121,강남구,700000000,646300000,543800000,768000000,0.86,ok
면적 입력,20123,강남구,1530000000,1296600000,859600000,1955900000,0.57,ok
면적 입력,20124,강남구,170000000,252800000,202500000,315700000,0.74,ok
면적 입력,20125,강남구,480000000,551600000,464200000,655600000,0.87,ok
면적 입력,20126,강남구,625000000,554900000,444400000,692800000,0.79,ok
면적 입력,20131,강남구,1255000000,1299700000,1093700000,1544600000,0.89,ok
면적 입력,20132,강남구,1400000000,1126300000,746600000,1699000000,0.53,ok
면적 입력,20133,강남구,280000000,314100000,264300000,373200000,0.82,ok
면적 입력,20134,강남구,550000000,493600000,415400000,586600000,0.8,ok
면적 입력,20135,강남구,505000000,471600000,377700000,588800000,0.75,ok
면적 입력,20136,강남구,550000000,709800000,523400000,962500000,0.64,ok
면적 입력,20140,강남구,870000000,751400000,601800000,938200000,0.73,ok
면적 입력,20146,강남구,740000000,544100000,457800000,646600000,0.81,ok
면적 입력,20147,강남구,900000000,781400000,625900000,975700000,0.73,ok
면적 입력,20148,강남구,650000000,706500000,594500000,839600000,0.89,ok
면적 입력,20156,강남구,1345000000,1028800000,682000000,1551900000,0.55,ok
면적 입력,20158,강남구,855000000,635100000,508600000,792900000,0.79,ok
면적 입력,20159,강남구,240000000,324500000,273100000,385700000,0.9,ok
면적 입력,20162,강남구,1200000000,1305700000,962800000,1770600000,0.69,ok
면적 입력,20163,강남구,1600000000,1527800000,1126600000,2071800000,0.68,ok
면적 입력,20164,강남구,725000000,886600000,710100000,1106900000,0.73,ok
면적 입력,20165,강남구,540000000,402900000,339000000,478800000,0.81,ok
면적 입력,20172,강남구,407000000,472400000,378400000,589800000,0.74,ok
면적 입력,20175,강남구,700000000,716700000,603100000,851700000,0.83,ok
면적 입력,20176,강남구,599000000,591100000,497400000,702400000,0.83,ok
면적 입력,20177,강남구,145000000,184600000,155300000,219400000,0.84,ok
면적 입력,20178,강남구,750000000,1100800000,881700000,1374400000,0.71,ok
면적 입력,20179,강남구,375000000,434800000,348300000,542900000,0.75,ok
면적 입력,20181,강남구,1200000000,947300000,628000000,1428900000,0.13,ok
면적 입력,20184,강남구,466500000,1036000000,686800000,1562800000,0.58,ok
면적 입력,20186,강남구,870000000,978000000,823000000,1162300000,0.86,ok
면적 입력,20187,강남구,325000000,301900000,254000000,358700000,0.87,ok
면적 입력,20188,강남구,310000000,311600000,262200000,370300000,0.88,ok
면적 입력,20189,강남구,2520000000,1711500000,1370800000,2136900000,0.77,ok
면적 입력,20190,강남구,450000000,582400000,490100000,692100000,0.85,ok
면적 입력,20192,강남구,1350000000,1274500000,1072400000,1514600000,0.9,ok
면적 입력,20193,강남구,330000000,385700000,324600000,458400000,0.81,ok
면적 입력,20195,강남구,485000000,588600000,495300000,699400000,0.87,ok
면적 입력,20196,강남구,750000000,917300000,771900000,1090100000,0.81,ok
면적 입력,20199,강남구,283400000,310600000,261400000,369100000,0.82,ok
면적 입력,20200,강남구,283470000,311900000,262400000,370600000,0.82,ok
면적 입력,20201,강남구,283480000,312600000,263000000,371500000,0.82,ok
면적 입력,20202,강남구,283480000,312600000,263000000,371500000,0.82,ok
면적 입력,20203,강남구,288470000,323600000,272300000,384500000,0.84,ok
면적 입력,20204,강남구,283400000,310600000,261400000,369100000,0.82,ok
면적 입력,20205,강남구,283470000,311900000,262400000,370600000,0.82,ok
면적 입력,20206,강남구,283480000,312600000,263000000,371500000,0.82,ok
면적 입력,20207,강남구,283480000,312600000,263000000,371500000,0.82,ok
면적 입력,20208,강남구,283450000,323900000,272500000,384900000,0.84,ok
면적 입력,20209,강남구,283420000,308200000,259300000,366200000,0.83,ok
면적 입력,20210,강남구,283480000,310100000,260900000,368500000,0.83,ok
면적 입력,20211,강남구,283480000,310100000,260900000,368500000,0.83,ok
면적 입력,20212,강남구,430000000,557000000,468700000,661900000,0.85,ok
면적 입력,20213,강남구,403490000,491700000,413700000,584300000,0.84,ok
면적 입력,20214,강남구,419500000,544400000,458100000,647000000,0.85,ok
면적 입력,20215,강남구,421000000,551300000,463900000,655100000,0.85,ok
면적 입력,20216,강남구,475000000,451700000,299400000,681400000,0.39,ok
면적 입력,20217,강남구,530000000,603000000,482900000,752900000,0.74,ok
면적 입력,20218,강남구,865000000,834300000,615200000,1131400000,0.69,ok
면적 입력,20219,강남구,465000000,471500000,377600000,588700000,0.79,ok
면적 입력,20220,강남구,1180000000,1083200000,911400000,1287200000,0.87,ok
면적 입력,20221,강남구,970000000,797900000,639100000,996200000,0.74,ok
면적 입력,20223,강남구,950000000,972600000,779000000,1214400000,0.74,ok
면적 입력,20224,강남구,300000000,443800000,373400000,527400000,0.88,ok
면적 입력,20225,강남구,295000000,322400000,271300000,383100000,0.9,ok
면적 입력,20226,강남구,730000000,798300000,639400000,996800000,0.73,ok
면적 입력,20238,강남구,870000000,1011200000,850900000,1201700000,0.87,ok
면적 입력,20239,강남구,2580000000,1711500000,1370800000,2136900000,0.77,ok
면적 입력,20241,강남구,750000000,882400000,742500000,1048700000,0.87,ok
면적 입력,20243,강남구,570000000,717100000,603400000,852200000,0.89,ok
면적 입력,20244,강남구,430000000,940300000,623300000,1418400000,0.28,ok
면적 입력,20245,강남구,740000000,774600000,651800000,920600000,0.86,ok
면적 입력,20249,강남구,740000000,749400000,600200000,935700000,0.72,ok
면적 입력,20251,강남구,590000000,583000000,466900000,727900000,0.79,ok
면적 입력,20252,강남구,710000000,670300000,494300000,909000000,0.61,ok
면적 입력,20254,강남구,450000000,497700000,418800000,591500000,0.83,ok
면적 입력,20255,강남구,940000000,1126000000,901800000,1405900000,0.75,ok
면적 입력,20258,강남구,650000000,700700000,589600000,832700000,0.88,ok
면적 입력,20261,강남구,1100000000,1452300000,962800000,2190800000,0.51,ok
면적 입력,20263,강남구,243000000,348800000,231200000,526200000,0.32,ok
면적 입력,20264,강남구,340000000,314100000,264300000,373300000,0.88,ok
면적 입력,20265,강남구,920000000,1346400000,992900000,1825800000,0.65,ok
면적 입력,20266,강남구,350000000,422300000,279900000,637000000,0.33,ok
면적 입력,20268,강남구,750000000,775200000,513900000,1169400000,0.6,ok
면적 입력,20270,강남구,1075000000,1008800000,668700000,1521700000,0.48,ok
면적 입력,20272,강남구,550000000,504600000,424600000,599600000,0.86,ok
면적 입력,20273,강남구,312000000,363200000,305600000,431600000,0.88,ok
면적 입력,20274,강남구,388000000,447200000,376300000,531400000,0.88,ok
면적 입력,20275,강남구,690000000,672100000,565600000,798700000,0.87,ok
면적 입력,20276,강남구,350000000,381600000,253000000,575700000,0.44,ok
면적 입력,20278,강남구,1100000000,1743100000,1396100000,2176400000,0.71,ok
면적 입력,20279,강남구,137750000,210300000,177000000,249900000,0.89,ok
면적 입력,20280,강남구,430000000,442000000,325900000,599400000,0.68,ok
면적 입력,20282,강남구,430000000,369700000,311100000,439400000,0.82,ok
면적 입력,20286,강남구,640000000,799300000,672600000,949900000,0.85,ok
면적 입력,20288,강남구,784000000,851500000,682000000,1063200000,0.71,ok
면적 입력,20289,강남구,320000000,436900000,367700000,519200000,0.88,ok
면적 입력,20290,강남구,280000000,381500000,321000000,453400000,0.87,ok
면적 입력,20292,강남구,560000000,308400000,204500000,465300000,0.33,ok
면적 입력,20293,강남구,215000000,353800000,260900000,479700000,0.61,ok
면적 입력,20294,강남구,780000000,986600000,727500000,1337900000,0.63,ok
면적 입력,20295,강남구,360000000,459700000,304700000,693400000,0.37,ok
면적 입력,20299,강남구,950000000,694600000,556300000,867300000,0.79,ok
면적 입력,20300,강남구,578000000,478800000,383500000,597800000,0.77,ok
면적 입력,20304,강남구,830000000,669500000,536200000,836000000,0.71,ok
면적 입력,20307,강남구,775000000,878700000,648000000,1191600000,0.62,ok
면적 입력,20308,강남구,780000000,876300000,646200000,1188400000,0.68,ok
면적 입력,20309,강남구,515000000,614800000,517300000,730600000,0.83,ok
면적 입력,20311,강남구,1700000000,3100000000,2055000000,4676300000,0.52,ok
면적 입력,20312,강남구,416000000,551000000,365300000,831200000,0.54,ok
면적 입력,20313,강남구,349000000,318600000,211200000,480600000,0.53,ok
면적 입력,20314,강남구,6500000000,5703500000,4568000000,7121200000,0.7,ok
면적 입력,20315,강남구,550000000,492500000,414400000,585200000,0.86,ok
면적 입력,20317,강남구,360000000,385500000,324400000,458100000,0.9,ok
면적 입력,20318,강남구,380000000,404400000,340300000,480600000,0.9,ok
면적 입력,20321,강남구,490000000,546000000,402600000,740400000,0.68,ok
면적 입력,20323,강남구,500000000,503200000,423500000,598000000,0.83,ok
면적 입력,20324,강남구,410000000,433800000,365000000,515500000,0.9,ok
면적 입력,20325,강남구,1380000000,1299300000,1093300000,1544100000,0.89,ok
면적 입력,20327,강남구,359000000,371700000,312800000,441700000,0.84,ok
면적 입력,20328,강남구,640000000,588200000,495000000,699100000,0.84,ok
면적 입력,20330,강남구,390000000,400800000,321000000,500500000,0.74,ok
면적 입력,20331,강남구,767000000,770400000,648300000,915500000,0.83,ok
면적 입력,20332,강남구,690000000,580300000,488300000,689600000,0.87,ok
면적 입력,20334,강남구,179500000,198200000,158700000,247500000,0.74,ok
면적 입력,20339,강남구,810000000,809600000,681300000,962100000,0.81,ok
면적 입력,20340,강남구,380000000,317900000,254600000,396900000,0.78,ok
면적 입력,20341,강남구,410000000,390100000,312400000,487100000,0.79,ok
면적 입력,20344,강남구,365000000,396700000,333800000,471400000,0.85,ok
면적 입력,20345,강남구,595000000,574700000,483600000,683000000,0.84,ok
면적 입력,20346,강남구,750000000,647100000,544500000,769000000,0.82,ok
면적 입력,20351,강남구,950000000,888800000,711900000,1109800000,0.75,ok
면적 입력,20353,강남구,389000000,383500000,322700000,455700000,0.9,ok
면적 입력,20355,강남구,350000000,412500000,347100000,490300000,0.86,ok
면적 입력,20356,강남구,450000000,448400000,377300000,532800000,0.9,ok
면적 입력,20357,강남구,750000000,820500000,690400000,975000000,0.8,ok
면적 입력,20360,강남구,250000000,302100000,241900000,377200000,0.8,ok
면적 입력,20363,강남구,705000000,881200000,649800000,1195000000,0.69,ok
면적 입력,20366,강남구,635000000,748400000,629800000,889400000,0.82,ok
면적 입력,20367,강남구,427000000,415500000,349700000,493800000,0.88,ok
면적 입력,20369,강남구,1070000000,832200000,700200000,988900000,0.82,ok
면적 입력,20373,강남구,525000000,492500000,414400000,585200000,0.86,ok
면적 입력,20374,강남구,360000000,358400000,287000000,447500000,0.75,ok
면적 입력,20376,강남구,830000000,974900000,718900000,1322000000,0.68,ok
면적 입력,20377,강남구,690000000,543700000,457500000,646100000,0.86,ok
면적 입력,20378,강남구,480000000,504100000,424200000,599100000,0.88,ok
면적 입력,20379,강남구,488000000,538000000,452700000,639300000,0.88,ok
면적 입력,20380,강남구,470000000,506100000,425900000,601500000,0.88,ok
면적 입력,20381,강남구,485000000,537400000,452200000,638700000,0.88,ok
면적 입력,20383,강남구,270000000,290500000,244400000,345200000,0.87,ok
면적 입력,20384,강남구,270000000,287900000,242300000,342200000,0.87,ok
면적 입력,20385,강남구,275000000,300100000,252500000,356600000,0.87,ok
면적 입력,20386,강남구,305000000,381500000,321000000,453400000,0.87,ok
면적 입력,20390,강남구,690000000,670500000,564200000,796800000,0.87,ok
면적 입력,20391,강남구,590000000,544500000,436100000,679900000,0.73,ok
면적 입력,20392,강남구,600000000,690000000,457400000,1040900000,0.57,ok
면적 입력,20395,강남구,580000000,595800000,477200000,744000000,0.77,ok
면적 입력,20396,강남구,290000000,331400000,278900000,393900000,0.83,ok
면적 입력,20398,강남구,700000000,425600000,340800000,531300000,0.7,ok
면적 입력,20399,강남구,440000000,465300000,391600000,553000000,0.88,ok
면적 입력,20403,강남구,410000000,447900000,296900000,675600000,0.44,ok
면적 입력,20408,강남구,205000000,218100000,183500000,259200000,0.86,ok
면적 입력,20409,강남구,585000000,620900000,497300000,775200000,0.76,ok
면적 입력,20410,강남구,360000000,369200000,310600000,438700000,0.8,ok
면적 입력,20423,강남구,780000000,753600000,634100000,895500000,0.86,ok
면적 입력,20424,강남구,380000000,350500000,294900000,416500000,0.88,ok
면적 입력,20428,강남구,1030000000,778700000,574200000,1056000000,0.64,ok
면적 입력,20431,강남구,300000000,286800000,241400000,340900000,0.87,ok
면적 입력,20432,강남구,270000000,312300000,262800000,371200000,0.87,ok
면적 입력,20433,강남구,280000000,319800000,269100000,380000000,0.81,ok
면적 입력,20434,강남구,260000000,306100000,257500000,363700000,0.85,ok
면적 입력,20436,강남구,2950000000,3229300000,2381400000,4379300000,0.67,ok
면적 입력,20439,강남구,290000000,278000000,233900000,330400000,0.87,ok
면적 입력,20440,강남구,825000000,1285900000,852400000,1939700000,0.38,ok
면적 입력,20441,강남구,766200000,461200000,305700000,695700000,0.57,ok
면적 입력,20443,강남구,740000000,654800000,524500000,817600000,0.7,ok
면적 입력,20444,강남구,403000000,544700000,458300000,647300000,0.83,ok
면적 입력,20445,강남구,405000000,404400000,340300000,480600000,0.9,ok
면적 입력,20446,강남구,810000000,671600000,537900000,838600000,0.75,ok
면적 입력,20448,강남구,870000000,927900000,780800000,1102700000,0.82,ok
면적 입력,20449,강남구,358000000,345800000,291000000,410900000,0.85,ok
면적 입력,20452,강남구,480000000,581100000,465400000,725500000,0.79,ok
면적 입력,20453,강남구,865000000,728500000,583500000,909600000,0.77,ok
면적 입력,20459,강남구,285000000,546700000,362400000,824600000,0.34,ok
면적 입력,20460,강남구,750000000,698100000,587400000,829600000,0.87,ok
면적 입력,20461,강남구,440000000,433500000,364800000,515200000,0.9,ok
면적 입력,20462,강남구,430000000,466200000,392300000,554000000,0.88,ok
면적 입력,20464,강남구,468000000,504300000,403900000,629600000,0.77,ok
면적 입력,20465,강남구,425000000,542300000,399900000,735300000,0.68,ok
면적 입력,20467,강남구,425000000,433700000,365000000,515400000,0.9,ok
면적 입력,20468,강남구,580000000,484800000,408000000,576200000,0.8,ok
면적 입력,20469,강남구,2680000000,1711500000,1370800000,2136900000,0.77,ok
면적 입력,20470,강남구,345000000,446700000,357800000,557800000,0.79,ok
면적 입력,20473,강남구,1440000000,1274100000,1072100000,1514100000,0.9,ok
면적 입력,20474,강남구,499000000,536000000,451000000,637000000,0.84,ok
면적 입력,20477,강남구,990000000,718500000,529900000,974400000,0.66,ok
면적 입력,20479,강남구,480000000,551400000,464000000,655300000,0.89,ok
면적 입력,20481,강남구,880000000,1036200000,829900000,1293800000,0.78,ok
면적 입력,20483,강남구,660000000,715300000,601900000,850000000,0.87,ok
면적 입력,20484,강남구,780000000,753500000,634100000,895500000,0.86,ok
면적 입력,20486,강남구,650000000,583800000,491200000,693800000,0.81,ok
면적 입력,20487,강남구,215000000,208400000,175400000,247700000,0.87,ok
면적 입력,20490,강남구,930000000,951500000,800600000,1130700000,0.87,ok
면적 입력,20491,강남구,420000000,421700000,337700000,526500000,0.77,ok
면적 입력,20492,강남구,570000000,565000000,475400000,671500000,0.83,ok
면적 입력,20494,강남구,1075000000,871400000,733300000,1035600000,0.86,ok
면적 입력,20495,강남구,395000000,417000000,307500000,565500000,0.69,ok
면적 입력,20496,강남구,1300000000,1564100000,1153400000,2121100000,0.7,ok
면적 입력,20497,강남구,680000000,922300000,611400000,1391300000,0.29,ok
면적 입력,20498,강남구,443000000,434700000,365800000,516600000,0.81,ok
면적 입력,20499,강남구,1170000000,948100000,797800000,1126700000,0.81,ok
면적 입력,20500,강남구,870000000,1156700000,926400000,1444300000,0.76,ok
면적 입력,20501,강남구,550000000,546700000,362400000,824600000,0.34,ok
면적 입력,20502,강남구,170000000,232300000,186000000,290000000,0.72,ok
면적 입력,20506,강남구,320000000,436900000,367700000,519200000,0.88,ok
면적 입력,20509,강남구,495000000,580100000,384600000,875100000,0.59,ok
면적 입력,20510,강남구,425000000,417500000,351300000,496200000,0.9,ok
면적 입력,20511,강남구,730000000,732800000,586900000,915000000,0.79,ok
면적 입력,20516,강남구,700000000,825400000,694600000,980900000,0.81,ok
면적 입력,20521,강남구,300000000,437700000,368300000,520200000,0.84,ok
면적 입력,20522,강남구,292000000,315700000,265700000,375200000,0.84,ok
면적 입력,20525,강남구,202000000,291000000,244900000,345800000,0.84,ok
면적 입력,20526,강남구,435000000,820100000,656800000,1023900000,0.72,ok
면적 입력,20528,강남구,582000000,848100000,679300000,1058900000,0.77,ok
면적 입력,20531,강남구,790000000,470800000,377000000,587800000,0.74,ok
면적 입력,20532,강남구,820000000,1042500000,877300000,1238900000,0.8,ok
면적 입력,20534,강남구,835000000,470800000,377000000,587800000,0.74,ok
면적 입력,20536,강남구,320000000,625600000,461300000,848300000,0.63,ok
면적 입력,20538,강남구,1440000000,1274100000,1072100000,1514100000,0.9,ok
면적 입력,20539,강남구,950000000,1031600000,683900000,1556100000,0.5,ok
면적 입력,20540,강남구,800000000,645900000,543500000,767500000,0.81,ok
면적 입력,20541,강남구,640000000,708700000,567600000,884800000,0.78,ok
면적 입력,20543,강남구,495000000,619100000,456500000,839500000,0.67,ok
면적 입력,20544,강남구,300000000,285100000,239900000,338800000,0.81,ok
면적 입력,20545,강남구,580000000,308400000,204500000,465300000,0.33,ok
면적 입력,20546,강남구,370000000,409200000,327700000,510900000,0.79,ok
면적 입력,20548,강남구,470000000,472000000,397200000,560900000,0.83,ok
면적 입력,20550,강남구,735000000,568800000,478600000,675900000,0.84,ok
면적 입력,20551,강남구,300000000,309600000,260500000,367900000,0.87,ok
면적 입력,20552,강남구,1390000000,1039800000,689300000,1568500000,0.56,ok
면적 입력,20553,강남구,1570000000,1486000000,985100000,2241600000,0.49,ok
면적 입력,20555,강남구,535000000,548600000,461600000,651900000,0.89,ok
면적 입력,20556,강남구,720000000,626000000,526800000,744000000,0.81,ok
면적 입력,20559,강남구,845000000,910200000,765900000,1081600000,0.86,ok
면적 입력,20560,강남구,505000000,508700000,407400000,635100000,0.79,ok
면적 입력,20561,강남구,600000000,808000000,535600000,1218800000,0.36,ok
면적 입력,20567,강남구,600000000,474700000,399500000,564100000,0.85,ok
면적 입력,20568,강남구,446000000,432100000,286400000,651800000,0.41,ok
면적 입력,20569,강남구,330000000,370400000,296700000,462500000,0.76,ok
면적 입력,20573,강남구,320000000,374000000,314700000,444500000,0.83,ok
면적 입력,20574,강남구,1110000000,1480600000,981500000,2233400000,0.59,ok
면적 입력,20575,강남구,845000000,527700000,422700000,658900000,0.74,ok
면적 입력,20577,강남구,400000000,376400000,316700000,447300000,0.83,ok
면적 입력,20578,강남구,1600000000,1600400000,1061000000,2414200000,0.57,ok
면적 입력,20579,강남구,800000000,868600000,730900000,1032200000,0.82,ok
면적 입력,20581,강남구,390000000,382000000,321500000,454000000,0.81,ok
면적 입력,20582,강남구,815000000,664600000,559300000,789800000,0.81,ok
면적 입력,20589,강남구,290000000,284500000,239400000,338100000,0.87,ok
면적 입력,20591,강남구,400000000,377200000,250100000,569000000,0.5,ok
면적 입력,20592,강남구,515000000,469900000,346500000,637300000,0.61,ok
면적 입력,20594,강남구,370000000,385700000,324600000,458400000,0.83,ok
면적 입력,20598,강남구,410000000,451600000,380000000,536700000,0.88,ok
면적 입력,20604,강남구,800000000,740400000,623000000,879900000,0.82,ok
면적 입력,20605,강남구,450000000,408400000,343700000,485400000,0.84,ok
면적 입력,20607,강남구,800000000,561200000,372000000,846600000,0.48,ok
면적 입력,20608,강남구,837000000,811100000,598100000,1099900000,0.7,ok
면적 입력,20609,강남구,800000000,743900000,625900000,884000000,0.8,ok
면적 입력,20610,강남구,650000000,474800000,380200000,592800000,0.76,ok
면적 입력,20616,강남구,690000000,710700000,569200000,887300000,0.73,ok
면적 입력,20617,강남구,1400000000,1321500000,974500000,1792100000,0.63,ok
면적 입력,20618,강남구,800000000,679300000,571600000,807200000,0.84,ok
면적 입력,20620,강남구,899000000,828600000,697200000,984700000,0.82,ok
면적 입력,20624,강남구,630000000,759500000,639100000,902600000,0.8,ok
면적 입력,20627,강남구,520000000,517300000,414300000,645900000,0.78,ok
면적 입력,20629,강남구,550000000,950500000,700900000,1289000000,0.7,ok
면적 입력,20630,강남구,720000000,839700000,672500000,1048400000,0.74,ok
면적 입력,20631,강남구,400000000,1724700000,1143300000,2601600000,0.6,ok
면적 입력,20634,강남구,665000000,720600000,531400000,977100000,0.65,ok
면적 입력,20635,강남구,335000000,364100000,306400000,432700000,0.82,ok
면적 입력,20637,강남구,890000000,615800000,518200000,731900000,0.83,ok
면적 입력,20638,강남구,800000000,745300000,494100000,1124300000,0.4,ok
면적 입력,20640,강남구,750000000,1119900000,742400000,1689300000,0.2,ok
면적 입력,20641,강남구,1450000000,1594100000,1276700000,1990300000,0.71,ok
면적 입력,20642,강남구,745000000,803100000,592200000,1089000000,0.61,ok
면적 입력,20646,강남구,355000000,374600000,276300000,508000000,0.69,ok
면적 입력,20653,강남구,179000000,204300000,171900000,242800000,0.83,ok
면적 입력,20654,강남구,1900000000,1855000000,1229700000,2798200000,0.59,ok
면적 입력,20656,강남구,750000000,1119900000,742400000,1689300000,0.2,ok
면적 입력,20657,강남구,700000000,1240500000,993500000,1548900000,0.79,ok
면적 입력,20658,강남구,630000000,1026300000,680300000,1548100000,0.55,ok
면적 입력,20659,강남구,910000000,918300000,735500000,1146500000,0.74,ok
면적 입력,20660,강남구,135000000,149000000,109900000,202000000,0.68,ok
면적 입력,20661,강남구,200000000,555000000,367900000,837200000,0.45,ok
면적 입력,20663,강남구,348000000,565400000,452800000,705900000,0.7,ok
면적 입력,20664,강남구,330000000,376900000,317200000,447900000,0.84,ok
면적 입력,20669,강남구,370000000,411600000,346400000,489200000,0.82,ok
면적 입력,20671,강남구,2430000000,2668500000,1769000000,4025400000,0.33,ok
면적 입력,20672,강남구,650000000,564700000,475200000,671100000,0.86,ok
면적 입력,20673,강남구,820000000,904300000,760900000,1074600000,0.82,ok
면적 입력,20676,강남구,192000000,203300000,171100000,241700000,0.84,ok
면적 입력,20680,강남구,320000000,385500000,324400000,458200000,0.9,ok
면적 입력,20683,강남구,805000000,750800000,553600000,1018100000,0.67,ok
면적 입력,20684,강남구,300000000,331200000,265200000,413500000,0.76,ok
면적 입력,20686,강남구,550000000,797900000,529000000,1203600000,0.52,ok
면적 입력,20688,강남구,679000000,700500000,589400000,832500000,0.88,ok
면적 입력,20692,강남구,525000000,487700000,390600000,608900000,0.7,ok
면적 입력,20693,강남구,150000000,360600000,239000000,543900000,0.54,ok
면적 입력,20694,강남구,220000000,239600000,201600000,284700000,0.87,ok
면적 입력,20695,강남구,1220000000,1123800000,945600000,1335500000,0.81,ok
면적 입력,20698,강남구,173000000,185100000,148200000,231100000,0.72,ok
면적 입력,20700,강남구,330000000,420500000,336800000,525000000,0.77,ok
면적 입력,20704,강남구,235000000,438000000,290400000,660700000,0.26,ok
면적 입력,20707,강남구,235000000,228300000,182800000,285000000,0.77,ok
면적 입력,20708,강남구,446000000,508500000,427900000,604300000,0.81,ok
면적 입력,20709,강남구,446000000,508500000,427900000,604300000,0.81,ok
면적 입력,20710,강남구,462000000,524500000,441400000,623300000,0.81,ok
면적 입력,20711,강남구,462000000,524500000,441400000,623300000,0.81,ok
면적 입력,20712,강남구,980000000,949100000,760200000,1185000000,0.7,ok
면적 입력,20714,강남구,650000000,841200000,620300000,1140700000,0.69,ok
면적 입력,20715,강남구,950000000,1190400000,877800000,1614300000,0.64,ok
면적 입력,20717,강남구,580000000,567400000,477400000,674200000,0.84,ok
면적 입력,20718,강남구,1000000000,1249800000,921600000,1694800000,0.67,ok
면적 입력,20721,강남구,705000000,760300000,639800000,903500000,0.84,ok
면적 입력,20723,강남구,420000000,449900000,378500000,534600000,0.9,ok
면적 입력,20725,강남구,350000000,392500000,330300000,466500000,0.86,ok
면적 입력,20727,강남구,510000000,551900000,442000000,689100000,0.76,ok
면적 입력,20728,강남구,194460000,217400000,183000000,258400000,0.88,ok
면적 입력,20729,강남구,194460000,217400000,183000000,258400000,0.88,ok
면적 입력,20730,강남구,236860000,281700000,237000000,334800000,0.88,ok
면적 입력,20731,강남구,194460000,217400000,183000000,258400000,0.88,ok
면적 입력,20732,강남구,194460000,217400000,183000000,258400000,0.88,ok
면적 입력,20733,강남구,236860000,281700000,237000000,334800000,0.88,ok
면적 입력,20734,강남구,191540000,215800000,181600000,256500000,0.88,ok
면적 입력,20735,강남구,191540000,215800000,181600000,256500000,0.88,ok
면적 입력,20736,강남구,232480000,279500000,235200000,332200000,0.88,ok
면적 입력,20738,강남구,780000000,669600000,493800000,908000000,0.69,ok
면적 입력,20739,강남구,240000000,271600000,228500000,322700000,0.87,ok
면적 입력,20740,강남구,495000000,542300000,456300000,644500000,0.87,ok
면적 입력,20743,강남구,525000000,478800000,402900000,568900000,0.86,ok
면적 입력,20746,강남구,650000000,824700000,660500000,1029700000,0.71,ok
면적 입력,20747,강남구,348000000,391900000,313900000,489300000,0.75,ok
면적 입력,20762,강남구,210000000,370700000,296900000,462800000,0.8,ok
면적 입력,20764,강남구,594000000,597400000,478500000,745900000,0.72,ok
면적 입력,20768,강남구,1570000000,1901600000,1523100000,2374300000,0.75,ok
면적 입력,20769,강남구,950000000,868700000,695800000,1084700000,0.75,ok
면적 입력,20771,강남구,222000000,224400000,179800000,280200000,0.78,ok
면적 입력,20772,강남구,2900000000,3548300000,2985800000,4216800000,0.81,ok
면적 입력,20773,강남구,200000000,243700000,205100000,289600000,0.87,ok
면적 입력,20775,강남구,450000000,475400000,400000000,565000000,0.88,ok
면적 입력,20776,강남구,1330000000,1612700000,1357100000,1916600000,0.85,ok
면적 입력,20778,강남구,385000000,359500000,302500000,427200000,0.82,ok
면적 입력,20782,강남구,310000000,364600000,306800000,433300000,0.81,ok
면적 입력,20793,강남구,1650000000,1896300000,1518800000,2367700000,0.76,ok
면적 입력,20794,강남구,210000000,238800000,191300000,298200000,0.79,ok
면적 입력,20796,강남구,1200000000,1291100000,1034100000,1612100000,0.79,ok
면적 입력,20799,강남구,380000000,436200000,349300000,544600000,0.79,ok
면적 입력,20803,강남구,815000000,722200000,578400000,901700000,0.79,ok
면적 입력,20804,강남구,310000000,708500000,522500000,960800000,0.65,ok
면적 입력,20805,강남구,220000000,239800000,201800000,285000000,0.87,ok
면적 입력,20806,강남구,349000000,383500000,307100000,478800000,0.75,ok
면적 입력,20808,강남구,175000000,173400000,145900000,206100000,0.84,ok
면적 입력,20810,강남구,600000000,791500000,666000000,940600000,0.84,ok
면적 입력,20816,강남구,540000000,570800000,420900000,774000000,0.61,ok
면적 입력,20818,강남구,249000000,366800000,308700000,435900000,0.84,ok
면적 입력,20820,강남구,515000000,343300000,227600000,517800000,0.35,ok
면적 입력,20822,강남구,690000000,556600000,410400000,754700000,0.7,ok
면적 입력,20823,강남구,367000000,439800000,291600000,663500000,0.57,ok
면적 입력,20824,강남구,660000000,699900000,560600000,873900000,0.78,ok
면적 입력,20825,강남구,585000000,419400000,309200000,568700000,0.69,ok
면적 입력,20829,강남구,345000000,330600000,264800000,412800000,0.8,ok
면적 입력,20831,강남구,1330000000,1190400000,877800000,1614200000,0.62,ok
면적 입력,20832,강남구,655000000,556600000,410400000,754700000,0.7,ok
면적 입력,20834,강남구,175000000,203700000,171400000,242000000,0.86,ok
면적 입력,20835,강남구,339000000,371600000,297600000,464000000,0.75,ok
면적 입력,20837,강남구,266830000,351200000,295600000,417400000,0.86,ok
면적 입력,20838,강남구,330870000,422700000,355700000,502300000,0.86,ok
면적 입력,20839,강남구,341540000,377400000,317600000,448500000,0.88,ok
면적 입력,20840,강남구,458950000,489200000,411600000,581300000,0.88,ok
면적 입력,20841,강남구,752470000,746100000,627800000,886700000,0.88,ok
면적 입력,20842,강남구,341540000,377400000,317600000,448500000,0.88,ok
면적 입력,20843,강남구,458950000,489200000,411600000,581300000,0.88,ok
면적 입력,20844,강남구,752470000,746100000,627800000,886700000,0.88,ok
면적 입력,20845,강남구,1686380000,1655900000,1393400000,1967900000,0.88,ok
면적 입력,20846,강남구,163000000,210300000,177000000,249900000,0.89,ok
면적 입력,20847,강남구,330000000,395500000,332800000,470000000,0.81,ok
면적 입력,20849,강남구,845000000,1687600000,1118800000,2545700000,0.56,ok
면적 입력,20850,강남구,680000000,453900000,363500000,566700000,0.77,ok
면적 입력,20853,강남구,445000000,450500000,379100000,535400000,0.85,ok
면적 입력,20854,강남구,750000000,692200000,582400000,822600000,0.83,ok
면적 입력,20856,강남구,550000000,489900000,392400000,611700000,0.78,ok
면적 입력,20859,강남구,440000000,451700000,380100000,536800000,0.85,ok
면적 입력,20863,강남구,940000000,1061200000,893000000,1261100000,0.83,ok
면적 입력,20867,강남구,505000000,447700000,376700000,532100000,0.8,ok
면적 입력,20871,강남구,740000000,715000000,527300000,969600000,0.66,ok
면적 입력,20873,강남구,570000000,622300000,498400000,777000000,0.73,ok
면적 입력,20875,강남구,770000000,908000000,727300000,1133800000,0.77,ok
면적 입력,20877,강남구,295000000,371000000,297200000,463200000,0.79,ok
면적 입력,20878,강남구,447500000,494900000,416400000,588100000,0.82,ok
면적 입력,20879,강남구,390000000,389600000,312000000,486400000,0.71,ok
면적 입력,20881,강남구,3190000000,3178700000,2674800000,3777500000,0.83,ok
면적 입력,20883,강남구,2370000000,3297900000,2432000000,4472300000,0.65,ok
면적 입력,20888,강남구,590000000,564300000,374100000,851300000,0.53,ok
면적 입력,20892,강남구,400000000,399000000,319600000,498200000,0.8,ok
면적 입력,20894,강남구,420000000,304200000,243700000,379900000,0.71,ok
면적 입력,20911,강남구,600000000,601700000,481900000,751300000,0.77,ok
면적 입력,20912,강남구,440000000,432400000,363800000,513800000,0.83,ok
면적 입력,20913,강남구,480000000,763700000,563200000,1035700000,0.64,ok
면적 입력,20919,강남구,400000000,358900000,302000000,426500000,0.8,ok
면적 입력,20924,강남구,730000000,690000000,457400000,1040900000,0.34,ok
면적 입력,20926,강남구,385000000,374900000,315400000,445500000,0.89,ok
면적 입력,20931,강남구,195000000,223700000,188300000,265900000,0.82,ok
면적 입력,20933,강남구,690000000,723300000,608600000,859500000,0.89,ok
면적 입력,20935,강남구,545000000,622300000,498400000,777000000,0.73,ok
면적 입력,20937,강남구,310000000,291500000,245200000,346400000,0.86,ok
면적 입력,20939,강남구,480000000,585400000,431700000,793900000,0.68,ok
면적 입력,20940,강남구,647000000,420200000,309900000,569900000,0.65,ok
면적 입력,20941,강남구,195000000,189200000,159200000,224800000,0.85,ok
면적 입력,20942,강남구,200000000,194500000,163600000,231100000,0.85,ok
면적 입력,20943,강남구,310000000,339800000,285900000,403800000,0.8,ok
면적 입력,20944,강남구,390000000,358700000,301800000,426300000,0.88,ok
면적 입력,20947,강남구,695000000,661400000,529700000,825800000,0.79,ok
면적 입력,20948,강남구,190000000,205300000,172800000,244000000,0.84,ok
면적 입력,20949,강남구,320000000,267200000,224800000,317500000,0.83,ok
면적 입력,20951,강남구,480000000,492300000,414300000,585000000,0.88,ok
면적 입력,20953,강남구,500000000,470200000,376600000,587000000,0.79,ok
면적 입력,20954,강남구,1460000000,1520500000,1279500000,1807000000,0.84,ok
면적 입력,20955,강남구,470000000,437700000,368300000,520200000,0.84,ok
면적 입력,20956,강남구,229000000,286200000,240800000,340100000,0.86,ok
면적 입력,20957,강남구,430000000,414900000,349100000,493100000,0.84,ok
면적 입력,20958,강남구,427000000,400100000,336700000,475400000,0.81,ok
면적 입력,20959,강남구,600000000,596500000,439900000,808900000,0.6,ok
면적 입력,20960,강남구,220000000,216500000,182200000,257300000,0.87,ok
면적 입력,20964,강남구,504000000,574000000,459700000,716700000,0.75,ok
면적 입력,20967,강남구,330000000,360900000,303700000,428900000,0.86,ok
면적 입력,20970,강남구,720000000,786000000,629500000,981400000,0.74,ok
면적 입력,20972,강남구,300000000,318700000,268100000,378700000,0.81,ok
면적 입력,20973,강남구,990000000,798400000,588800000,1082700000,0.61,ok
면적 입력,20974,강남구,295000000,289000000,243200000,343400000,0.85,ok
면적 입력,20975,강남구,479000000,525600000,442200000,624600000,0.81,ok
면적 입력,20976,강남구,700000000,608500000,448700000,825100000,0.62,ok
면적 입력,20977,강남구,1180000000,1405000000,1125300000,1754200000,0.76,ok
면적 입력,20978,강남구,350000000,356400000,299900000,423600000,0.82,ok
면적 입력,20979,강남구,701000000,671100000,564700000,797500000,0.89,ok
면적 입력,20989,강남구,525000000,603000000,482900000,752900000,0.74,ok
면적 입력,20990,강남구,1700000000,1402400000,1034200000,1901800000,0.64,ok
면적 입력,20991,강남구,410000000,514300000,432800000,611200000,0.84,ok
면적 입력,20992,강남구,540000000,502600000,402500000,627500000,0.8,ok
면적 입력,20993,강남구,532000000,566000000,476300000,672700000,0.84,ok
면적 입력,20994,강남구,320000000,263500000,221700000,313100000,0.82,ok
면적 입력,20996,강남구,1019000000,760500000,639900000,903800000,0.82,ok
면적 입력,20998,강남구,165000000,185100000,148200000,231100000,0.72,ok
면적 입력,20999,강남구,210000000,205400000,172800000,244000000,0.82,ok
면적 입력,21002,강남구,530000000,558300000,469800000,663500000,0.89,ok
면적 입력,21004,강남구,2600000000,1711500000,1370800000,2136900000,0.77,ok
면적 입력,21007,강남구,360000000,270000000,179000000,407300000,0.24,ok
면적 입력,21010,강남구,370000000,420900000,354200000,500200000,0.84,ok
면적 입력,21012,강남구,350000000,381500000,305500000,476300000,0.78,ok
면적 입력,21013,강남구,340000000,357400000,300700000,424700000,0.8,ok
면적 입력,21017,강남구,675000000,776900000,572900000,1053500000,0.66,ok
면적 입력,21018,강남구,1180000000,1151700000,763500000,1737400000,0.4,ok
면적 입력,21020,강남구,580000000,546700000,437800000,682600000,0.76,ok
면적 입력,21021,강남구,590000000,587200000,433000000,796300000,0.67,ok
면적 입력,21023,강남구,900000000,844100000,676100000,1054000000,0.76,ok
면적 입력,21031,강남구,240000000,433500000,364800000,515200000,0.8,ok
면적 입력,21035,강남구,920000000,921900000,738400000,1151100000,0.75,ok
면적 입력,21036,강남구,1070000000,939100000,752200000,1172600000,0.8,ok
면적 입력,21037,강남구,310000000,361100000,303800000,429100000,0.81,ok
면적 입력,21041,강남구,660000000,596300000,501800000,708700000,0.87,ok
면적 입력,21042,강남구,380000000,234800000,188000000,293100000,0.78,ok
면적 입력,21044,강남구,945000000,1163200000,978800000,1382400000,0.83,ok
면적 입력,21046,강남구,310000000,528600000,350400000,797400000,0.35,ok
면적 입력,21047,강남구,386000000,379100000,319000000,450500000,0.87,ok
면적 입력,21048,강남구,590000000,668100000,442900000,1007800000,0.39,ok
면적 입력,21049,강남구,500000000,406800000,342300000,483400000,0.82,ok
면적 입력,21050,강남구,529000000,332800000,280100000,395500000,0.84,ok
면적 입력,21053,강남구,570000000,734000000,587900000,916500000,0.71,ok
면적 입력,21056,강남구,690000000,447800000,376800000,532100000,0.8,ok
면적 입력,21058,강남구,1090000000,1319400000,874600000,1990200000,0.58,ok
면적 입력,21059,강남구,550000000,419700000,353100000,498700000,0.85,ok
면적 입력,21060,강남구,360000000,389200000,327500000,462600000,0.84,ok
면적 입력,21063,강남구,2080000000,2043000000,1354400000,3081900000,0.31,ok
면적 입력,21067,강남구,760000000,720800000,606600000,856600000,0.8,ok
면적 입력,21069,강남구,899000000,669000000,535800000,835300000,0.79,ok
면적 입력,21070,강남구,750000000,818500000,655500000,1021900000,0.79,ok
면적 입력,21073,강남구,500000000,482400000,405900000,573200000,0.86,ok
면적 입력,21074,강남구,500000000,465400000,391600000,553100000,0.86,ok
면적 입력,21075,강남구,610000000,631100000,531100000,750000000,0.81,ok
면적 입력,21077,강남구,510000000,593000000,499000000,704700000,0.87,ok
면적 입력,21078,강남구,340000000,327800000,275900000,389600000,0.83,ok
면적 입력,21082,강남구,548000000,545300000,361500000,822600000,0.55,ok
면적 입력,21084,강남구,6400000000,4844100000,3211200000,7307200000,0.36,ok
면적 입력,21085,강남구,800000000,647700000,429300000,977000000,0.41,ok
면적 입력,21087,강남구,545000000,572000000,481300000,679700000,0.8,ok
면적 입력,21091,강남구,380000000,409800000,344900000,487000000,0.82,ok
면적 입력,21093,강남구,620000000,385300000,324200000,457900000,0.83,ok
면적 입력,21099,강남구,370000000,425200000,357800000,505300000,0.82,ok
면적 입력,21100,강남구,840000000,1086700000,870400000,1356800000,0.78,ok
면적 입력,21103,강남구,960000000,741900000,594200000,926300000,0.77,ok
면적 입력,21105,강남구,550000000,499500000,420300000,593500000,0.87,ok
면적 입력,21106,강남구,407000000,419800000,336300000,524200000,0.79,ok
면적 입력,21107,강남구,890000000,852200000,682500000,1064000000,0.78,ok
면적 입력,21108,강남구,970000000,1086400000,870100000,1356500000,0.77,ok
면적 입력,21109,강남구,300000000,377900000,302700000,471800000,0.75,ok
면적 입력,21111,강남구,1840000000,2362000000,1741800000,3203100000,0.63,ok
면적 입력,21113,강남구,335000000,332600000,279900000,395300000,0.87,ok
면적 입력,21115,강남구,163000000,185100000,148200000,231100000,0.72,ok
면적 입력,21117,강남구,490000000,575900000,424700000,781000000,0.65,ok
면적 입력,21118,강남구,890000000,846900000,678300000,1057400000,0.78,ok
면적 입력,21120,강남구,360000000,210200000,176800000,249800000,0.87,ok
면적 입력,21121,강남구,500000000,497800000,398700000,621500000,0.79,ok
면적 입력,21127,강남구,450000000,525100000,441900000,624000000,0.81,ok
면적 입력,21131,강남구,585000000,646300000,517700000,807000000,0.75,ok
면적 입력,21133,강남구,230000000,255500000,215000000,303700000,0.88,ok
면적 입력,21137,강남구,775000000,694100000,584100000,824900000,0.89,ok
면적 입력,21138,강남구,315000000,304700000,256400000,362100000,0.88,ok
면적 입력,21139,강남구,482000000,519900000,437500000,617900000,0.84,ok
면적 입력,21142,강남구,215000000,193300000,162700000,229800000,0.88,ok
면적 입력,21143,강남구,550000000,451900000,380300000,537000000,0.82,ok
면적 입력,21148,강남구,550000000,499300000,420100000,593400000,0.87,ok
면적 입력,21152,강남구,420000000,321600000,257600000,401600000,0.72,ok
면적 입력,21161,강남구,225000000,203700000,171400000,242000000,0.86,ok
면적 입력,21162,강남구,372000000,407500000,342900000,484200000,0.87,ok
면적 입력,21163,강남구,800000000,702800000,562900000,877600000,0.78,ok
면적 입력,21164,강남구,1250000000,912400000,730700000,1139200000,0.72,ok
면적 입력,21165,강남구,210000000,207300000,174500000,246400000,0.86,ok
면적 입력,21167,강남구,805000000,537700000,396500000,729100000,0.65,ok
면적 입력,21170,강남구,480000000,481700000,405300000,572400000,0.84,ok
면적 입력,21174,강남구,325000000,322200000,237600000,436900000,0.68,ok
면적 입력,21177,강남구,379000000,392000000,329900000,465900000,0.87,ok
면적 입력,21178,강남구,830000000,711100000,569500000,887800000,0.76,ok
면적 입력,21180,강남구,980000000,873500000,699600000,1090600000,0.72,ok
면적 입력,21181,강남구,1000000000,873500000,699600000,1090600000,0.72,ok
면적 입력,21185,강남구,522560000,953400000,763600000,1190400000,0.75,ok
면적 입력,21186,강남구,793000000,886700000,746100000,1053700000,0.84,ok
면적 입력,21188,강남구,377000000,407800000,343200000,484700000,0.88,ok
면적 입력,21190,강남구,1800000000,1729000000,1384800000,2158800000,0.72,ok
면적 입력,21195,강남구,706000000,516800000,434800000,614100000,0.84,ok
면적 입력,21197,강남구,830000000,947300000,758700000,1182800000,0.76,ok
면적 입력,21198,강남구,890000000,835800000,703300000,993300000,0.87,ok
면적 입력,21199,강남구,1160000000,1403400000,1124000000,1752300000,0.76,ok
면적 입력,21200,강남구,350000000,334000000,281000000,396900000,0.9,ok
면적 입력,21201,강남구,950000000,941200000,792000000,1118600000,0.86,ok
면적 입력,21202,강남구,420000000,321600000,257600000,401600000,0.72,ok
면적 입력,21206,강남구,550000000,496100000,417500000,589600000,0.83,ok
면적 입력,21207,강남구,365000000,319800000,269100000,380100000,0.88,ok
면적 입력,21208,강남구,500000000,795200000,669200000,945000000,0.85,ok
면적 입력,21213,강남구,190000000,193300000,162700000,229800000,0.88,ok
면적 입력,21214,강남구,705000000,660000000,555400000,784300000,0.87,ok
면적 입력,21216,강남구,645000000,459000000,367600000,573100000,0.72,ok
면적 입력,21219,강남구,235000000,336200000,269200000,419700000,0.76,ok
면적 입력,21220,강남구,350000000,365400000,307400000,434200000,0.85,ok
면적 없음,8006,화곡동,198000000,187100000,138000000,253700000,0.66,ok
면적 없음,8007,화곡동,161000000,163300000,120400000,221400000,0.67,ok
면적 없음,8009,화곡동,200000000,219800000,184900000,261200000,0.81,ok
면적 없음,8012,화곡동,79000000,123600000,82000000,186500000,0.4,ok
면적 없음,8013,화곡동,200000000,192500000,142000000,261100000,0.66,ok
면적 없음,8014,화곡동,180000000,182600000,134600000,247600000,0.69,ok
면적 없음,8015,화곡동,240000000,244900000,180600000,332200000,0.67,ok
면적 없음,8016,화곡동,240000000,274100000,202100000,371700000,0.67,ok
면적 없음,8017,화곡동,240000000,255100000,214600000,303100000,0.84,ok
면적 없음,8018,화곡동,235000000,221800000,163500000,300700000,0.67,ok
면적 없음,8020,화곡동,415000000,409600000,302100000,555500000,0.69,ok
면적 없음,8023,화곡동,245000000,201100000,148300000,272700000,0.68,ok
면적 없음,8024,화곡동,245000000,228300000,182800000,285000000,0.78,ok
면적 없음,8026,화곡동,219500000,174600000,128800000,236800000,0.63,ok
면적 없음,8027,화곡동,305000000,276300000,221300000,345000000,0.79,ok
면적 없음,8028,화곡동,230000000,226200000,181100000,282400000,0.79,ok
면적 없음,8030,화곡동,280000000,267200000,197000000,362400000,0.64,ok
면적 없음,8031,화곡동,70000000,110700000,81600000,150100000,0.63,ok
면적 없음,8033,화곡동,195000000,193100000,142400000,261800000,0.64,ok
면적 없음,8034,화곡동,240000000,318600000,268100000,378700000,0.85,ok
면적 없음,8035,화곡동,260000000,251400000,201300000,313800000,0.71,ok
면적 없음,8037,화곡동,255000000,248200000,183000000,336600000,0.66,ok
면적 없음,8038,화곡동,250000000,273100000,218800000,341000000,0.79,ok
면적 없음,8039,화곡동,270000000,232600000,186300000,290500000,0.77,ok
면적 없음,8041,화곡동,160000000,278800000,223300000,348100000,0.79,ok
면적 없음,8042,화곡동,355000000,420100000,336500000,524600000,0.79,ok
면적 없음,8045,화곡동,90000000,117700000,78000000,177600000,0.41,ok
면적 없음,8046,화곡동,100000000,177400000,142100000,221500000,0.72,ok
면적 없음,8048,화곡동,288000000,273200000,218800000,341100000,0.76,ok
면적 없음,8050,화곡동,165000000,212800000,170500000,265800000,0.76,ok
면적 없음,8054,화곡동,240000000,262900000,210600000,328300000,0.78,ok
면적 없음,8055,화곡동,160000000,191400000,161100000,227500000,0.83,ok
면적 없음,8056,화곡동,245000000,247700000,182700000,335900000,0.69,ok
면적 없음,8058,화곡동,215000000,183800000,154700000,218500000,0.82,ok
면적 없음,8061,화곡동,310000000,241800000,178300000,327900000,0.64,ok
면적 없음,8062,화곡동,158000000,174400000,139700000,217800000,0.78,ok
면적 없음,8063,화곡동,106000000,142700000,94600000,215300000,0.58,ok
면적 없음,8064,화곡동,310000000,278700000,205500000,378000000,0.65,ok
면적 없음,8067,화곡동,200000000,298800000,220300000,405100000,0.65,ok
면적 없음,8070,화곡동,355000000,420100000,336500000,524600000,0.79,ok
면적 없음,8073,화곡동,130000000,132900000,98000000,180200000,0.69,ok
면적 없음,8074,화곡동,199000000,175500000,147700000,208600000,0.85,ok
면적 없음,8077,화곡동,175000000,245000000,196200000,305800000,0.76,ok
면적 없음,8083,화곡동,259000000,352800000,260200000,478400000,0.66,ok
면적 없음,8084,화곡동,308500000,352800000,260200000,478400000,0.66,ok
면적 없음,8085,화곡동,303500000,352800000,260200000,478400000,0.66,ok
면적 없음,8086,화곡동,262500000,352500000,260000000,478100000,0.66,ok
면적 없음,8087,화곡동,303500000,352500000,260000000,478100000,0.66,ok
면적 없음,8088,화곡동,308000000,352500000,260000000,478100000,0.66,ok
면적 없음,8089,화곡동,264000000,345800000,255000000,468900000,0.66,ok
면적 없음,8090,화곡동,305000000,345800000,255000000,468900000,0.66,ok
면적 없음,8091,화곡동,310000000,345800000,255000000,468900000,0.66,ok
면적 없음,8092,화곡동,265500000,350700000,258600000,475600000,0.66,ok
면적 없음,8093,화곡동,306500000,350700000,258600000,475600000,0.66,ok
면적 없음,8094,화곡동,311500000,350700000,258600000,475600000,0.66,ok
면적 없음,8095,화곡동,262500000,351500000,259200000,476600000,0.66,ok
면적 없음,8096,화곡동,303500000,351500000,259200000,476600000,0.66,ok
면적 없음,8097,화곡동,308500000,351500000,259200000,476600000,0.66,ok
면적 없음,8098,화곡동,135000000,181100000,120000000,273100000,0.6,ok
면적 없음,8099,화곡동,155000000,181100000,120000000,273100000,0.6,ok
면적 없음,8100,화곡동,140000000,168700000,135100000,210700000,0.79,ok
면적 없음,8101,화곡동,370000000,249200000,199600000,311100000,0.79,ok
면적 없음,8102,화곡동,158000000,177800000,142400000,222100000,0.71,ok
면적 없음,8105,화곡동,240000000,234100000,187500000,292300000,0.78,ok
면적 없음,8106,화곡동,200000000,207900000,174900000,247000000,0.82,ok
면적 없음,8107,화곡동,190000000,200000000,147400000,271100000,0.66,ok
면적 없음,8108,화곡동,195000000,222700000,164200000,302000000,0.68,ok
면적 없음,8110,화곡동,245000000,263500000,211000000,329000000,0.8,ok
면적 없음,8112,화곡동,280000000,248300000,183100000,336700000,0.67,ok
면적 없음,8116,화곡동,340000000,273700000,219200000,341800000,0.78,ok
면적 없음,8117,화곡동,190000000,274100000,202100000,371700000,0.67,ok
면적 없음,8119,화곡동,237000000,228600000,183100000,285400000,0.75,ok
면적 없음,8127,화곡동,233000000,246700000,207600000,293200000,0.83,ok
면적 없음,8128,화곡동,329000000,310700000,248800000,387900000,0.72,ok
면적 없음,8129,화곡동,165000000,177100000,141800000,221100000,0.8,ok
면적 없음,8131,화곡동,300000000,271200000,200000000,367800000,0.66,ok
면적 없음,8132,화곡동,156000000,182600000,134600000,247600000,0.69,ok
면적 없음,8133,화곡동,160000000,160800000,135300000,191100000,0.84,ok
면적 없음,8134,화곡동,224000000,223400000,187900000,265400000,0.85,ok
면적 없음,8139,화곡동,196500000,202500000,162200000,252800000,0.72,ok
면적 없음,8141,화곡동,230000000,233900000,196800000,277900000,0.84,ok
면적 없음,8142,화곡동,110000000,161500000,119100000,219100000,0.61,ok
면적 없음,8147,화곡동,177000000,167800000,141200000,199400000,0.81,ok
면적 없음,8150,화곡동,210000000,170200000,143200000,202300000,0.82,ok
면적 없음,8152,화곡동,260000000,210600000,155300000,285700000,0.67,ok
면적 없음,8154,화곡동,80000000,180100000,119400000,271700000,0.55,ok
면적 없음,8155,화곡동,278000000,235700000,198400000,280100000,0.82,ok
면적 없음,8157,화곡동,230000000,235200000,197900000,279500000,0.82,ok
면적 없음,8160,화곡동,60000000,81100000,53700000,122300000,0.56,ok
면적 없음,8161,화곡동,210000000,210500000,155200000,285400000,0.66,ok
면적 없음,8162,화곡동,257000000,198100000,158700000,247400000,0.75,ok
면적 없음,8163,화곡동,300000000,203500000,150100000,276000000,0.65,ok
면적 없음,8164,화곡동,170000000,192900000,154500000,240900000,0.75,ok
면적 없음,8165,화곡동,199000000,239600000,201600000,284700000,0.82,ok
면적 없음,8171,화곡동,280000000,264600000,222700000,314500000,0.83,ok
면적 없음,8172,화곡동,110000000,151700000,111900000,205700000,0.66,ok
면적 없음,8174,화곡동,430000000,406500000,342000000,483000000,0.87,ok
면적 없음,8177,화곡동,217000000,256100000,205100000,319700000,0.74,ok
면적 없음,8181,화곡동,250000000,229100000,183500000,286000000,0.72,ok
면적 없음,8183,화곡동,300000000,255400000,188400000,346400000,0.7,ok
면적 없음,8186,화곡동,390000000,314300000,264500000,373600000,0.81,ok
면적 없음,8188,화곡동,167500000,181800000,153000000,216000000,0.83,ok
면적 없음,8189,화곡동,110000000,167600000,123600000,227300000,0.67,ok
면적 없음,8191,화곡동,277000000,268600000,198100000,364300000,0.66,ok
면적 없음,8192,화곡동,200000000,224500000,188900000,266800000,0.83,ok
면적 없음,8193,화곡동,229000000,239100000,191500000,298500000,0.74,ok
면적 없음,8194,화곡동,277000000,247000000,197800000,308300000,0.8,ok
면적 없음,8195,화곡동,233000000,220500000,162600000,299000000,0.67,ok
면적 없음,8198,화곡동,145000000,157500000,104400000,237600000,0.57,ok
면적 없음,8199,화곡동,280000000,242800000,179100000,329300000,0.69,ok
면적 없음,8201,화곡동,190000000,204700000,172300000,243300000,0.8,ok
면적 없음,8204,화곡동,390000000,303900000,243400000,379500000,0.73,ok
면적 없음,8207,화곡동,189000000,222100000,163800000,301200000,0.65,ok
면적 없음,8209,화곡동,150000000,134000000,98800000,181700000,0.61,ok
면적 없음,8211,화곡동,137000000,185200000,148300000,231200000,0.8,ok
면적 없음,8214,화곡동,240000000,279300000,235000000,331900000,0.85,ok
면적 없음,8216,화곡동,150000000,185200000,148400000,231300000,0.77,ok
면적 없음,8217,화곡동,210000000,216800000,182400000,257600000,0.85,ok
면적 없음,8219,화곡동,370000000,315900000,253000000,394400000,0.77,ok
면적 없음,8221,화곡동,245000000,202300000,149200000,274400000,0.66,ok
면적 없음,8223,화곡동,155000000,187700000,150300000,234300000,0.78,ok
면적 없음,8225,화곡동,190000000,196700000,130400000,296800000,0.57,ok
면적 없음,8226,화곡동,165000000,228500000,168500000,309900000,0.63,ok
면적 없음,8228,화곡동,90000000,117100000,77600000,176700000,0.48,ok
면적 없음,8229,화곡동,230000000,227000000,191000000,269700000,0.83,ok
면적 없음,8230,화곡동,184000000,281700000,237000000,334800000,0.86,ok
면적 없음,8231,화곡동,220000000,189500000,159400000,225200000,0.82,ok
면적 없음,8233,화곡동,178000000,179600000,151100000,213400000,0.83,ok
면적 없음,8235,화곡동,258000000,275700000,203300000,373900000,0.66,ok
면적 없음,8236,화곡동,278000000,253100000,213000000,300800000,0.81,ok
면적 없음,8237,화곡동,220000000,230200000,184300000,287400000,0.79,ok
면적 없음,8239,화곡동,305000000,304900000,224800000,413400000,0.67,ok
면적 없음,8242,화곡동,154500000,174600000,139800000,218000000,0.73,ok
면적 없음,8243,화곡동,201000000,219700000,184900000,261100000,0.8,ok
면적 없음,8248,화곡동,405000000,409600000,302100000,555500000,0.69,ok
면적 없음,8251,화곡동,276800000,287400000,241900000,341600000,0.85,ok
면적 없음,8258,화곡동,230000000,175300000,129300000,237800000,0.66,ok
면적 없음,8259,화곡동,330000000,261400000,192700000,354400000,0.68,ok
면적 없음,8260,화곡동,290000000,265500000,223400000,315500000,0.81,ok
면적 없음,8262,화곡동,140000000,198700000,146600000,269500000,0.68,ok
면적 없음,8263,화곡동,240000000,212800000,157000000,288600000,0.67,ok
면적 없음,8267,화곡동,242000000,262900000,221200000,312400000,0.83,ok
면적 없음,8269,화곡동,160000000,186000000,149000000,232200000,0.75,ok
면적 없음,8270,화곡동,193000000,155500000,103100000,234500000,0.42,ok
면적 없음,8272,화곡동,55000000,93800000,62200000,141500000,0.46,ok
면적 없음,8273,화곡동,220000000,306000000,225700000,415000000,0.62,ok
면적 없음,8274,화곡동,140000000,165500000,132600000,206700000,0.76,ok
면적 없음,8275,화곡동,125000000,140000000,103300000,189900000,0.67,ok
면적 없음,8277,화곡동,185000000,210000000,154900000,284800000,0.65,ok
면적 없음,8278,화곡동,125000000,176100000,116800000,265700000,0.49,ok
면적 없음,8279,화곡동,190000000,204000000,171700000,242400000,0.85,ok
면적 없음,8282,화곡동,215000000,199400000,147000000,270300000,0.63,ok
면적 없음,8285,화곡동,185000000,187100000,157500000,222400000,0.85,ok
면적 없음,8286,화곡동,250000000,198400000,146300000,269100000,0.68,ok
면적 없음,8289,화곡동,175000000,220400000,162500000,298800000,0.68,ok
면적 없음,8290,화곡동,258000000,239400000,191700000,298900000,0.78,ok
면적 없음,8295,화곡동,275000000,247700000,208400000,294300000,0.8,ok
면적 없음,8296,화곡동,202500000,221500000,186400000,263200000,0.85,ok
면적 없음,8300,화곡동,230000000,254400000,187600000,344900000,0.68,ok
면적 없음,8301,화곡동,186800000,210000000,176700000,249500000,0.86,ok
면적 없음,8302,화곡동,270000000,223100000,187800000,265200000,0.8,ok
면적 없음,8304,화곡동,145000000,118600000,87400000,160800000,0.66,ok
면적 없음,8306,화곡동,215000000,233100000,171900000,316100000,0.65,ok
면적 없음,8307,화곡동,168000000,175300000,129300000,237800000,0.66,ok
면적 없음,8309,화곡동,202000000,224200000,165300000,304000000,0.62,ok
면적 없음,8310,화곡동,290000000,255000000,204200000,318300000,0.77,ok
면적 없음,8311,화곡동,270000000,280500000,236100000,333400000,0.84,ok
면적 없음,8312,화곡동,260000000,241200000,177800000,327100000,0.66,ok
면적 없음,8314,화곡동,225000000,276300000,221300000,344900000,0.76,ok
면적 없음,8315,화곡동,289000000,296500000,218600000,402000000,0.67,ok
면적 없음,8316,화곡동,261000000,255000000,214600000,303000000,0.88,ok
면적 없음,8317,화곡동,287000000,244300000,180200000,331300000,0.67,ok
면적 없음,8320,화곡동,300000000,279300000,206000000,378800000,0.68,ok
면적 없음,8324,화곡동,279000000,267800000,214500000,334300000,0.76,ok
면적 없음,8326,화곡동,177500000,188200000,150800000,235000000,0.78,ok
면적 없음,8329,화곡동,230000000,227300000,191200000,270100000,0.85,ok
면적 없음,8332,화곡동,152000000,157900000,126400000,197100000,0.77,ok
면적 없음,8333,화곡동,255000000,351400000,281400000,438700000,0.79,ok
면적 없음,8334,화곡동,220000000,189600000,139800000,257100000,0.65,ok
면적 없음,8340,화곡동,185000000,216500000,173400000,270300000,0.79,ok
면적 없음,8341,화곡동,260000000,242900000,179200000,329500000,0.68,ok
면적 없음,8342,화곡동,290000000,264000000,222100000,313700000,0.84,ok
면적 없음,8345,화곡동,295000000,268400000,225800000,318900000,0.81,ok
면적 없음,8349,화곡동,184000000,167500000,111000000,252600000,0.55,ok
면적 없음,8350,화곡동,174000000,163900000,137900000,194700000,0.82,ok
면적 없음,8351,화곡동,140000000,167200000,133900000,208700000,0.76,ok
면적 없음,8352,화곡동,255000000,265700000,223600000,315800000,0.85,ok
면적 없음,8355,화곡동,270000000,271700000,228700000,322900000,0.82,ok
면적 없음,8357,화곡동,295000000,273100000,218800000,341000000,0.79,ok
면적 없음,8359,화곡동,245000000,220800000,176800000,275700000,0.78,ok
면적 없음,8360,화곡동,235000000,248400000,183200000,336900000,0.67,ok
면적 없음,8361,화곡동,280000000,243200000,204700000,289000000,0.83,ok
면적 없음,8363,화곡동,325000000,244700000,180500000,331900000,0.7,ok
면적 없음,8365,화곡동,220000000,287600000,212100000,390100000,0.61,ok
면적 없음,8373,화곡동,227000000,278200000,205200000,377300000,0.66,ok
면적 없음,8374,화곡동,400000000,281000000,225100000,350900000,0.79,ok
면적 없음,8375,화곡동,325000000,235300000,198000000,279700000,0.8,ok
면적 없음,8376,화곡동,173000000,185600000,156200000,220600000,0.83,ok
면적 없음,8378,화곡동,190000000,250300000,184600000,339400000,0.67,ok
면적 없음,8379,화곡동,317000000,284100000,227500000,354700000,0.8,ok
면적 없음,8380,화곡동,273000000,258500000,190600000,350600000,0.66,ok
면적 없음,8384,화곡동,240000000,199500000,167900000,237100000,0.8,ok
면적 없음,8386,화곡동,150000000,171200000,144100000,203400000,0.84,ok
면적 없음,8387,화곡동,285000000,258200000,217300000,306900000,0.85,ok
면적 없음,8389,화곡동,270000000,254800000,214400000,302800000,0.83,ok
면적 없음,8391,화곡동,300000000,283300000,238400000,336600000,0.81,ok
면적 없음,8392,화곡동,185000000,171400000,137300000,214100000,0.76,ok
면적 없음,8394,화곡동,170000000,163200000,130700000,203800000,0.8,ok
면적 없음,8396,화곡동,300000000,256000000,215400000,304200000,0.81,ok
면적 없음,8397,화곡동,240000000,253700000,213500000,301500000,0.8,ok
면적 없음,8399,화곡동,210000000,242300000,178700000,328600000,0.64,ok
면적 없음,8400,화곡동,170000000,181800000,145600000,227000000,0.79,ok
면적 없음,8401,화곡동,380000000,337900000,284300000,401500000,0.87,ok
면적 없음,8402,화곡동,135000000,163500000,120600000,221700000,0.65,ok
면적 없음,8403,화곡동,200000000,210100000,154900000,284900000,0.67,ok
면적 없음,8404,화곡동,110000000,148000000,118500000,184800000,0.77,ok
면적 없음,8405,화곡동,168000000,177500000,149300000,210900000,0.85,ok
면적 없음,8406,화곡동,299000000,279100000,234900000,331700000,0.83,ok
면적 없음,8409,화곡동,130000000,162800000,107900000,245600000,0.36,ok
면적 없음,8413,화곡동,270000000,268300000,225800000,318800000,0.83,ok
면적 없음,8414,화곡동,185000000,208000000,175000000,247200000,0.84,ok
면적 없음,8415,화곡동,340000000,278000000,205000000,376900000,0.6,ok
면적 없음,8416,화곡동,180000000,203700000,163100000,254300000,0.75,ok
면적 없음,8417,화곡동,340000000,239800000,192100000,299400000,0.71,ok
면적 없음,8418,화곡동,140000000,144500000,106600000,196000000,0.6,ok
면적 없음,8419,화곡동,205000000,233200000,196200000,277100000,0.84,ok
면적 없음,8421,화곡동,77000000,167500000,111000000,252700000,0.58,ok
면적 없음,8426,화곡동,160000000,176600000,148600000,209900000,0.82,ok
면적 없음,8430,화곡동,186750000,224100000,188600000,266300000,0.82,ok
면적 없음,8434,화곡동,208000000,181300000,152600000,215500000,0.82,ok
면적 없음,8438,화곡동,215000000,217300000,160300000,294700000,0.67,ok
면적 없음,8440,화곡동,250000000,239000000,158400000,360500000,0.57,ok
면적 없음,8442,화곡동,185000000,181400000,120300000,273700000,0.59,ok
면적 없음,8443,화곡동,215000000,242700000,204300000,288500000,0.82,ok
면적 없음,8446,화곡동,385000000,295700000,218000000,401000000,0.64,ok
면적 없음,8449,화곡동,154100000,227000000,191000000,269700000,0.82,ok
면적 없음,8451,화곡동,278000000,243400000,204800000,289300000,0.81,ok
면적 없음,8454,화곡동,235000000,174500000,139800000,217900000,0.77,ok
면적 없음,8455,화곡동,300000000,253100000,186600000,343200000,0.64,ok
면적 없음,8458,화곡동,172000000,178500000,150200000,212200000,0.83,ok
면적 없음,8460,화곡동,190000000,133400000,112300000,158600000,0.85,ok
면적 없음,8461,화곡동,167000000,182000000,145800000,227300000,0.76,ok
면적 없음,8462,화곡동,190000000,239200000,191600000,298700000,0.74,ok
면적 없음,8463,화곡동,166000000,184900000,155600000,219700000,0.85,ok
면적 없음,8464,화곡동,155000000,196800000,157600000,245700000,0.71,ok
면적 없음,8467,화곡동,260000000,227000000,167400000,307800000,0.62,ok
면적 없음,8468,화곡동,149000000,194900000,164000000,231600000,0.81,ok
면적 없음,8469,화곡동,165000000,170200000,143300000,202300000,0.85,ok
면적 없음,8470,화곡동,245000000,256700000,205600000,320500000,0.8,ok
면적 없음,8471,화곡동,220000000,222700000,187400000,264700000,0.84,ok
면적 없음,8472,화곡동,240000000,218900000,175300000,273300000,0.77,ok
면적 없음,8473,화곡동,285000000,227500000,191500000,270400000,0.84,ok
면적 없음,8474,화곡동,130000000,207900000,166500000,259500000,0.76,ok
면적 없음,8476,화곡동,108000000,135700000,108700000,169400000,0.73,ok
면적 없음,8479,화곡동,268000000,243000000,179200000,329500000,0.64,ok
면적 없음,8483,화곡동,170000000,176700000,130300000,239600000,0.67,ok
면적 없음,8484,화곡동,234000000,233500000,187000000,291500000,0.77,ok
면적 없음,8485,화곡동,220000000,302500000,223100000,410200000,0.69,ok
면적 없음,8486,화곡동,220000000,222400000,178100000,277700000,0.77,ok
면적 없음,8487,화곡동,220000000,245400000,181000000,332800000,0.6,ok
면적 없음,8488,화곡동,255000000,255500000,215000000,303600000,0.81,ok
면적 없음,8489,화곡동,190000000,219000000,184300000,260200000,0.81,ok
면적 없음,8490,화곡동,205000000,172600000,145300000,205100000,0.82,ok
면적 없음,8491,화곡동,295000000,186200000,137300000,252400000,0.61,ok
면적 없음,8492,화곡동,240000000,256000000,205000000,319600000,0.78,ok
면적 없음,8493,화곡동,188000000,228500000,168500000,309900000,0.63,ok
면적 없음,8494,화곡동,250000000,236300000,189200000,295000000,0.78,ok
면적 없음,8496,화곡동,215000000,224400000,165500000,304300000,0.68,ok
면적 없음,8497,화곡동,200000000,250300000,184600000,339400000,0.67,ok
면적 없음,8498,화곡동,233000000,192000000,153800000,239700000,0.79,ok
면적 없음,8501,화곡동,165000000,198200000,166800000,235500000,0.86,ok
면적 없음,8502,화곡동,140000000,145900000,116800000,182100000,0.79,ok
면적 없음,8505,화곡동,250000000,214400000,142100000,323400000,0.56,ok
면적 없음,8507,화곡동,235000000,247000000,182100000,334900000,0.64,ok
면적 없음,8510,화곡동,287000000,232700000,171600000,315600000,0.67,ok
면적 없음,8511,화곡동,297000000,325400000,239900000,441200000,0.68,ok
면적 없음,8512,화곡동,207500000,222200000,187000000,264000000,0.83,ok
면적 없음,8516,화곡동,300000000,247300000,208100000,293900000,0.84,ok
면적 없음,8517,화곡동,265000000,255400000,214900000,303500000,0.84,ok
면적 없음,8519,화곡동,183000000,122300000,98000000,152700000,0.75,ok
면적 없음,8520,화곡동,260000000,248500000,209100000,295300000,0.86,ok
면적 없음,8523,화곡동,215000000,194100000,163300000,230600000,0.81,ok
면적 없음,8524,화곡동,250000000,234100000,187500000,292300000,0.8,ok
면적 없음,8528,화곡동,237000000,273200000,218800000,341100000,0.76,ok
면적 없음,8529,화곡동,170000000,211200000,169200000,263700000,0.74,ok
면적 없음,8549,화곡동,124000000,163100000,130700000,203700000,0.8,ok
면적 없음,8550,화곡동,200000000,207100000,174300000,246100000,0.84,ok
면적 없음,8551,화곡동,220000000,206600000,173900000,245600000,0.84,ok
면적 없음,8554,화곡동,355000000,318700000,255300000,397900000,0.7,ok
면적 없음,8555,화곡동,230000000,230800000,194200000,274300000,0.8,ok
면적 없음,8557,화곡동,180000000,172700000,127400000,234200000,0.67,ok
면적 없음,8558,화곡동,220000000,205600000,164600000,256700000,0.72,ok
면적 없음,8561,화곡동,220000000,225100000,189400000,267500000,0.8,ok
면적 없음,8564,화곡동,148000000,189400000,159400000,225100000,0.8,ok
면적 없음,8566,화곡동,205000000,207800000,166400000,259400000,0.76,ok
면적 없음,8567,화곡동,140000000,145900000,116900000,182200000,0.7,ok
면적 없음,8568,화곡동,249000000,231800000,185600000,289400000,0.77,ok
면적 없음,8570,화곡동,240000000,229900000,184100000,287000000,0.74,ok
면적 없음,8572,화곡동,156000000,161000000,129000000,201000000,0.79,ok
면적 없음,8577,화곡동,100000000,125200000,100300000,156400000,0.71,ok
면적 없음,8578,화곡동,239000000,219700000,184900000,261100000,0.83,ok
면적 없음,8580,화곡동,185000000,180400000,133000000,244600000,0.67,ok
면적 없음,8584,화곡동,297000000,261800000,220300000,311200000,0.81,ok
면적 없음,8585,화곡동,346500000,391800000,288900000,531300000,0.69,ok
면적 없음,8587,화곡동,235000000,213000000,179200000,253100000,0.82,ok
면적 없음,8588,화곡동,79000000,173400000,138800000,216400000,0.75,ok
면적 없음,8595,화곡동,279000000,202500000,170400000,240600000,0.83,ok
면적 없음,8596,화곡동,155000000,172900000,127500000,234500000,0.65,ok
면적 없음,8597,화곡동,340000000,235000000,173300000,318600000,0.69,ok
면적 없음,8598,화곡동,313000000,308400000,247000000,385000000,0.72,ok
면적 없음,8599,화곡동,367000000,302200000,254300000,359200000,0.82,ok
면적 없음,8602,화곡동,180000000,201400000,169500000,239300000,0.81,ok
면적 없음,8605,화곡동,120000000,171600000,137500000,214300000,0.78,ok
면적 없음,8606,화곡동,180000000,244400000,195700000,305100000,0.75,ok
면적 없음,8616,화곡동,139000000,168700000,124400000,228700000,0.65,ok
면적 없음,8618,화곡동,300000000,323400000,272100000,384300000,0.86,ok
면적 없음,8620,화곡동,240000000,259500000,218400000,308400000,0.82,ok
면적 없음,8621,화곡동,163000000,186200000,149100000,232500000,0.76,ok
면적 없음,8623,화곡동,310000000,298300000,238900000,372500000,0.73,ok
면적 없음,8625,화곡동,230000000,174400000,139700000,217800000,0.78,ok
면적 없음,8627,화곡동,310000000,217900000,160700000,295500000,0.67,ok
면적 없음,8631,화곡동,355000000,248800000,183400000,337300000,0.66,ok
면적 없음,8633,화곡동,200000000,196900000,165700000,234000000,0.81,ok
면적 없음,8634,화곡동,340000000,285500000,228700000,356500000,0.76,ok
면적 없음,8635,화곡동,235000000,246600000,197500000,307900000,0.75,ok
면적 없음,8636,화곡동,330000000,311600000,262200000,370300000,0.83,ok
면적 없음,8638,화곡동,280000000,269800000,227000000,320600000,0.81,ok
면적 없음,8639,화곡동,190000000,179000000,150600000,212700000,0.84,ok
면적 없음,8641,화곡동,385500000,473200000,348900000,641700000,0.65,ok
면적 없음,8642,화곡동,399500000,473200000,348900000,641700000,0.65,ok
면적 없음,8643,화곡동,410500000,473200000,348900000,641700000,0.65,ok
면적 없음,8644,화곡동,391500000,471800000,347900000,639800000,0.65,ok
면적 없음,8645,화곡동,405500000,471800000,347900000,639800000,0.65,ok
면적 없음,8646,화곡동,416500000,471800000,347900000,639800000,0.65,ok
면적 없음,8647,화곡동,391500000,463500000,341800000,628500000,0.65,ok
면적 없음,8648,화곡동,405500000,463500000,341800000,628500000,0.65,ok
면적 없음,8649,화곡동,416500000,463500000,341800000,628500000,0.65,ok
면적 없음,8650,화곡동,343000000,444000000,327400000,602100000,0.65,ok
면적 없음,8651,화곡동,379000000,444000000,327400000,602100000,0.65,ok
면적 없음,8652,화곡동,395500000,444000000,327400000,602100000,0.65,ok
면적 없음,8653,화곡동,276500000,380300000,280500000,515800000,0.66,ok
면적 없음,8654,화곡동,314500000,380300000,280500000,515800000,0.66,ok
면적 없음,8655,화곡동,347500000,380300000,280500000,515800000,0.66,ok
면적 없음,8657,화곡동,230000000,188100000,138700000,255100000,0.7,ok
면적 없음,8660,화곡동,328000000,248500000,183200000,337000000,0.63,ok
면적 없음,8661,화곡동,250000000,281700000,207800000,382100000,0.65,ok
면적 없음,8662,화곡동,190000000,182600000,134700000,247600000,0.69,ok
면적 없음,8664,화곡동,270000000,224300000,179700000,280100000,0.77,ok
면적 없음,8665,화곡동,145000000,167600000,134300000,209300000,0.79,ok
면적 없음,8666,화곡동,220000000,225200000,189500000,267700000,0.81,ok
면적 없음,8667,화곡동,340000000,282200000,226000000,352300000,0.78,ok
면적 없음,8668,화곡동,175000000,240400000,177300000,326000000,0.65,ok
면적 없음,8680,화곡동,90000000,102500000,67900000,154600000,0.59,ok
면적 없음,8681,화곡동,239000000,245500000,206500000,291700000,0.82,ok
면적 없음,8683,화곡동,270000000,261700000,209600000,326800000,0.75,ok
면적 없음,8687,화곡동,225000000,238100000,190700000,297300000,0.78,ok
면적 없음,8689,화곡동,210000000,221600000,177500000,276700000,0.74,ok
면적 없음,8690,화곡동,249000000,231800000,195000000,275400000,0.82,ok
면적 없음,8692,화곡동,260000000,199100000,146800000,269900000,0.68,ok
면적 없음,8693,화곡동,208000000,240400000,177200000,325900000,0.68,ok
면적 없음,8694,화곡동,375000000,338600000,249700000,459200000,0.6,ok
면적 없음,8695,화곡동,277000000,237300000,199700000,282000000,0.86,ok
면적 없음,8696,화곡동,250000000,245500000,206600000,291800000,0.81,ok
면적 없음,8698,화곡동,225000000,235200000,198000000,279600000,0.82,ok
면적 없음,8699,화곡동,285000000,244100000,161800000,368300000,0.53,ok
면적 없음,8701,화곡동,185000000,214500000,171800000,267800000,0.79,ok
면적 없음,8703,화곡동,225000000,224200000,165300000,304000000,0.65,ok
면적 없음,8706,화곡동,295000000,237300000,175000000,321700000,0.68,ok
면적 없음,8707,화곡동,130000000,204500000,163800000,255300000,0.74,ok
면적 없음,8708,화곡동,163000000,143400000,120700000,170400000,0.83,ok
면적 없음,8709,화곡동,255000000,214100000,157900000,290300000,0.65,ok
면적 없음,8710,화곡동,150000000,205600000,164700000,256700000,0.77,ok
면적 없음,8714,화곡동,365000000,342400000,252500000,464300000,0.69,ok
면적 없음,8716,화곡동,220000000,226100000,181100000,282300000,0.76,ok
면적 없음,8717,화곡동,235000000,211100000,177600000,250800000,0.83,ok
면적 없음,8719,화곡동,90000000,116200000,77100000,175300000,0.46,ok
면적 없음,8720,화곡동,100000000,156400000,125300000,195300000,0.79,ok
면적 없음,8721,화곡동,215000000,204200000,163500000,255000000,0.78,ok
면적 없음,8723,화곡동,250000000,282200000,237500000,335400000,0.84,ok
면적 없음,8724,화곡동,263000000,293100000,246700000,348400000,0.84,ok
면적 없음,8729,화곡동,270000000,242100000,203700000,287700000,0.83,ok
면적 없음,8730,화곡동,260000000,249300000,209800000,296300000,0.82,ok
면적 없음,8734,화곡동,200000000,226900000,190900000,269600000,0.8,ok
면적 없음,8737,화곡동,225000000,249700000,210100000,296700000,0.81,ok
면적 없음,8738,화곡동,220000000,233800000,196800000,277900000,0.8,ok
면적 없음,8742,화곡동,290000000,267400000,214200000,333900000,0.7,ok
면적 없음,8744,화곡동,203000000,217000000,143800000,327300000,0.51,ok
면적 없음,8747,화곡동,255000000,246400000,207300000,292800000,0.81,ok
면적 없음,8751,화곡동,142000000,155600000,124600000,194300000,0.79,ok
면적 없음,8755,화곡동,242000000,241600000,178100000,327600000,0.69,ok
면적 없음,8756,화곡동,150000000,191300000,141000000,259400000,0.67,ok
면적 없음,8757,화곡동,290000000,256900000,189400000,348300000,0.65,ok
면적 없음,8758,화곡동,285000000,291600000,245400000,346600000,0.81,ok
면적 없음,8759,화곡동,190000000,234100000,197000000,278200000,0.86,ok
면적 없음,8760,화곡동,228000000,214900000,172100000,268300000,0.8,ok
면적 없음,8762,화곡동,145000000,157900000,126400000,197100000,0.77,ok
면적 없음,8764,화곡동,122000000,146500000,97100000,221000000,0.49,ok
면적 없음,8765,화곡동,272000000,241600000,203300000,287100000,0.83,ok
면적 없음,8768,화곡동,138000000,183200000,146700000,228700000,0.77,ok
면적 없음,8769,화곡동,150000000,157600000,104500000,237700000,0.46,ok
면적 없음,8772,화곡동,287000000,249500000,184000000,338300000,0.66,ok
면적 없음,8775,화곡동,272000000,249700000,210100000,296800000,0.81,ok
면적 없음,8777,화곡동,175000000,224200000,179600000,279900000,0.74,ok
면적 없음,8778,화곡동,305000000,259500000,218400000,308400000,0.82,ok
면적 없음,8780,화곡동,197000000,184600000,122400000,278500000,0.57,ok
면적 없음,8781,화곡동,160000000,197200000,158000000,246300000,0.8,ok
면적 없음,8782,화곡동,213000000,245700000,206800000,292000000,0.84,ok
면적 없음,8783,화곡동,128000000,184400000,155100000,219100000,0.81,ok
면적 없음,8786,화곡동,269000000,271200000,200000000,367800000,0.66,ok
면적 없음,8787,화곡동,170000000,183800000,154600000,218400000,0.83,ok
면적 없음,8788,화곡동,210000000,216000000,173000000,269700000,0.71,ok
면적 없음,8790,화곡동,151000000,212500000,178800000,252500000,0.81,ok
면적 없음,8791,화곡동,159000000,195400000,144100000,265000000,0.68,ok
면적 없음,8792,화곡동,288000000,246100000,207100000,292500000,0.83,ok
면적 없음,8793,화곡동,200000000,182600000,134600000,247600000,0.69,ok
면적 없음,8794,화곡동,52000000,89300000,59200000,134700000,0.44,ok
면적 없음,8796,화곡동,170000000,189000000,151300000,235900000,0.75,ok
면적 없음,8797,화곡동,350000000,265100000,195500000,359500000,0.67,ok
면적 없음,8798,화곡동,236000000,249300000,183800000,338000000,0.65,ok
면적 없음,8802,화곡동,250000000,240000000,192200000,299700000,0.75,ok
면적 없음,8805,화곡동,310000000,276000000,232200000,327900000,0.8,ok
면적 없음,8810,화곡동,193000000,176500000,130100000,239300000,0.66,ok
면적 없음,8811,화곡동,248000000,262400000,220800000,311800000,0.86,ok
면적 없음,8814,화곡동,200000000,246700000,197600000,308000000,0.7,ok
면적 없음,8817,화곡동,250000000,265800000,223700000,315900000,0.83,ok
면적 없음,8818,화곡동,190000000,200700000,168800000,238500000,0.84,ok
면적 없음,8819,화곡동,130000000,154600000,102500000,233100000,0.59,ok
면적 없음,8824,화곡동,218000000,227400000,191300000,270200000,0.86,ok
면적 없음,8826,화곡동,153000000,149900000,126100000,178100000,0.86,ok
면적 없음,8827,화곡동,102000000,138200000,91600000,208400000,0.57,ok
면적 없음,8828,화곡동,137000000,192900000,154500000,240800000,0.79,ok
면적 없음,8829,화곡동,137000000,174200000,146600000,207000000,0.81,ok
면적 없음,8830,화곡동,188000000,189500000,159500000,225300000,0.83,ok
면적 없음,8834,화곡동,260000000,258000000,217100000,306600000,0.83,ok
면적 없음,8835,화곡동,220000000,262000000,220400000,311300000,0.81,ok
면적 없음,8836,화곡동,160000000,158000000,104800000,238400000,0.56,ok
면적 없음,8839,화곡동,220000000,199000000,167400000,236500000,0.8,ok
면적 없음,8841,화곡동,222500000,232800000,195900000,276600000,0.84,ok
면적 없음,8844,화곡동,218000000,215900000,181700000,256600000,0.85,ok
면적 없음,8847,화곡동,263000000,247700000,182700000,335900000,0.69,ok
면적 없음,8848,화곡동,200000000,293000000,246500000,348200000,0.81,ok
면적 없음,8849,화곡동,257000000,216600000,159700000,293700000,0.69,ok
면적 없음,8850,화곡동,218000000,160700000,128700000,200700000,0.74,ok
면적 없음,8852,화곡동,177000000,167400000,123400000,227000000,0.66,ok
면적 없음,8854,화곡동,400000000,396900000,334000000,471700000,0.8,ok
면적 없음,8856,화곡동,350000000,299000000,239500000,373300000,0.75,ok
면적 없음,8857,화곡동,245000000,274100000,219500000,342200000,0.71,ok
면적 없음,8858,화곡동,180000000,213000000,179200000,253100000,0.84,ok
면적 없음,8859,화곡동,171000000,208300000,153600000,282500000,0.62,ok
면적 없음,8862,화곡동,180000000,175000000,147300000,208000000,0.81,ok
면적 없음,8864,화곡동,200000000,128200000,85000000,193300000,0.41,ok
면적 없음,8866,화곡동,239000000,248700000,183400000,337200000,0.65,ok
면적 없음,8867,화곡동,237000000,279800000,224100000,349300000,0.79,ok
면적 없음,8869,화곡동,278000000,244800000,196100000,305600000,0.78,ok
면적 없음,8870,화곡동,95000000,129200000,85700000,194900000,0.49,ok
면적 없음,8872,화곡동,264000000,260800000,219400000,309900000,0.83,ok
면적 없음,8874,화곡동,185000000,220900000,162900000,299500000,0.62,ok
면적 없음,8876,화곡동,210000000,230800000,194200000,274300000,0.85,ok
면적 없음,8877,화곡동,160000000,202400000,170300000,240500000,0.82,ok
면적 없음,8880,화곡동,160000000,109100000,72300000,164600000,0.53,ok
면적 없음,8881,화곡동,235000000,280600000,224700000,350300000,0.79,ok
면적 없음,8883,화곡동,230000000,259500000,207800000,324000000,0.76,ok
면적 없음,8886,화곡동,299000000,204800000,151000000,277700000,0.62,ok
면적 없음,8887,화곡동,275000000,236600000,174500000,320900000,0.64,ok
면적 없음,8888,화곡동,210000000,230200000,184300000,287400000,0.77,ok
면적 없음,8889,화곡동,148000000,169900000,125300000,230400000,0.63,ok
면적 없음,8893,화곡동,213000000,207500000,166200000,259100000,0.75,ok
면적 없음,8896,화곡동,261500000,261400000,192800000,354500000,0.66,ok
면적 없음,8897,화곡동,50000000,109200000,72400000,164700000,0.54,ok
면적 없음,8899,화곡동,278000000,277200000,233300000,329400000,0.82,ok
면적 없음,8904,화곡동,260000000,255000000,214600000,303000000,0.88,ok
면적 없음,8905,화곡동,215000000,212400000,170100000,265200000,0.79,ok
면적 없음,8908,화곡동,170000000,247900000,182800000,336200000,0.65,ok
면적 없음,8911,화곡동,165000000,174900000,147200000,207900000,0.85,ok
면적 없음,8912,화곡동,233000000,190500000,140500000,258300000,0.68,ok
면적 없음,8913,화곡동,230000000,203200000,149900000,275600000,0.66,ok
면적 없음,8918,화곡동,240000000,236800000,189700000,295700000,0.77,ok
면적 없음,8919,화곡동,185000000,228400000,182900000,285100000,0.77,ok
면적 없음,8920,화곡동,230000000,229700000,193300000,273000000,0.84,ok
면적 없음,8921,화곡동,350000000,222100000,177900000,277300000,0.76,ok
면적 없음,8922,화곡동,445000000,315600000,232700000,427900000,0.64,ok
면적 없음,8923,화곡동,197000000,253400000,203000000,316400000,0.76,ok
면적 없음,8924,화곡동,327000000,347800000,256400000,471600000,0.67,ok
면적 없음,8925,화곡동,338000000,223400000,188000000,265400000,0.8,ok
면적 없음,8930,화곡동,113000000,133000000,88200000,200700000,0.6,ok
면적 없음,8931,화곡동,277000000,236200000,198800000,280700000,0.81,ok
면적 없음,8933,화곡동,207000000,217900000,160700000,295500000,0.67,ok
면적 없음,8934,화곡동,110000000,125400000,83100000,189100000,0.31,ok
면적 없음,8935,화곡동,185000000,194000000,155400000,242300000,0.79,ok
면적 없음,8936,화곡동,210000000,215400000,172500000,268900000,0.74,ok
면적 없음,8938,화곡동,200000000,183800000,154700000,218500000,0.82,ok
면적 없음,8939,화곡동,120000000,186000000,156500000,221000000,0.83,ok
면적 없음,8940,화곡동,220000000,222700000,164200000,302000000,0.68,ok
면적 없음,8944,화곡동,257000000,234300000,197200000,278500000,0.82,ok
면적 없음,8945,화곡동,230000000,261200000,209200000,326200000,0.8,ok
면적 없음,8947,화곡동,330000000,267000000,196900000,362100000,0.66,ok
면적 없음,8950,화곡동,175000000,221900000,163600000,300900000,0.62,ok
면적 없음,8951,화곡동,210000000,208400000,175400000,247600000,0.81,ok
면적 없음,8953,화곡동,175000000,206300000,152200000,279800000,0.66,ok
면적 없음,8962,화곡동,200000000,221200000,163100000,300000000,0.66,ok
면적 없음,8963,화곡동,93000000,105500000,69900000,159200000,0.4,ok
면적 없음,8966,화곡동,220000000,238000000,190600000,297200000,0.7,ok
면적 없음,8968,화곡동,150000000,154500000,130000000,183600000,0.81,ok
면적 없음,8969,화곡동,185000000,183200000,154200000,217800000,0.84,ok
면적 없음,8970,화곡동,195000000,244500000,205800000,290600000,0.82,ok
면적 없음,8973,화곡동,255000000,319600000,256000000,399000000,0.71,ok
면적 없음,8977,화곡동,257000000,250900000,211100000,298100000,0.83,ok
면적 없음,8978,화곡동,238000000,232200000,185900000,289900000,0.72,ok
면적 없음,8980,화곡동,115000000,169300000,135600000,211400000,0.76,ok
면적 없음,8984,화곡동,340000000,220400000,162500000,298800000,0.68,ok
면적 없음,8985,화곡동,285000000,282700000,237900000,336000000,0.82,ok
면적 없음,8986,화곡동,133000000,128600000,85200000,193900000,0.59,ok
면적 없음,8987,화곡동,270000000,247600000,198300000,309200000,0.77,ok
면적 없음,8988,화곡동,235000000,233500000,187000000,291600000,0.8,ok
면적 없음,8989,화곡동,135000000,224100000,148600000,338100000,0.47,ok
면적 없음,8992,화곡동,170000000,177600000,149400000,211100000,0.84,ok
면적 없음,8993,화곡동,210000000,190000000,159900000,225800000,0.84,ok
면적 없음,8994,화곡동,220000000,204800000,164000000,255700000,0.79,ok
면적 없음,8996,화곡동,180000000,201900000,148900000,273800000,0.66,ok
면적 없음,8999,화곡동,250000000,245500000,181000000,332900000,0.63,ok
면적 없음,9004,화곡동,210000000,184100000,154900000,218800000,0.82,ok
면적 없음,9005,화곡동,215000000,223600000,188100000,265700000,0.82,ok
면적 없음,9007,화곡동,300000000,254800000,214400000,302800000,0.83,ok
면적 없음,9009,화곡동,290000000,249700000,184200000,338700000,0.66,ok
면적 없음,9011,화곡동,290000000,266000000,223800000,316100000,0.8,ok
면적 없음,9012,화곡동,208000000,240800000,192800000,300600000,0.75,ok
면적 없음,9014,화곡동,227000000,252600000,212500000,300100000,0.86,ok
면적 없음,9016,화곡동,330000000,156600000,125400000,195500000,0.74,ok
면적 없음,9021,화곡동,213000000,283500000,209100000,384500000,0.68,ok
면적 없음,9024,화곡동,238000000,266100000,223900000,316200000,0.82,ok
면적 없음,9025,화곡동,285000000,249700000,184200000,338700000,0.66,ok
면적 없음,9026,화곡동,188000000,225800000,180900000,282000000,0.73,ok
면적 없음,9027,화곡동,375000000,196600000,130300000,296500000,0.53,ok
면적 없음,9030,화곡동,265000000,223200000,164600000,302700000,0.67,ok
면적 없음,9032,화곡동,174000000,217800000,174400000,271900000,0.74,ok
면적 없음,9033,화곡동,185000000,202800000,162400000,253200000,0.8,ok
면적 없음,9034,화곡동,240000000,214300000,180400000,254700000,0.81,ok
면적 없음,9035,화곡동,260000000,247000000,207900000,293600000,0.86,ok
면적 없음,9036,화곡동,240000000,223600000,164900000,303200000,0.68,ok
면적 없음,9041,화곡동,170000000,169400000,124900000,229700000,0.69,ok
면적 없음,9044,화곡동,200000000,198000000,158600000,247200000,0.78,ok
면적 없음,9045,화곡동,263000000,241600000,203300000,287100000,0.83,ok
면적 없음,9048,화곡동,216000000,229700000,193300000,273000000,0.81,ok
면적 없음,9049,화곡동,390000000,227600000,167800000,308600000,0.7,ok
면적 없음,9052,화곡동,220000000,219900000,145700000,331600000,0.59,ok
면적 없음,9054,화곡동,195000000,207000000,174200000,246000000,0.81,ok
면적 없음,9056,화곡동,250000000,293300000,216300000,397800000,0.67,ok
면적 없음,9058,화곡동,300000000,314200000,251700000,392400000,0.71,ok
면적 없음,9060,화곡동,179000000,194400000,143400000,263700000,0.67,ok
면적 없음,9061,화곡동,152000000,118800000,78700000,179100000,0.36,ok
면적 없음,9064,화곡동,180000000,178300000,142800000,222600000,0.8,ok
면적 없음,9065,화곡동,169000000,191600000,141300000,259800000,0.63,ok
면적 없음,9066,화곡동,171000000,191900000,161500000,228000000,0.82,ok
면적 없음,9067,화곡동,175000000,194700000,163800000,231400000,0.84,ok
면적 없음,9070,화곡동,200000000,224500000,188900000,266800000,0.8,ok
면적 없음,9071,화곡동,215000000,233100000,186700000,291000000,0.79,ok
면적 없음,9072,화곡동,185000000,197900000,145900000,268300000,0.67,ok
면적 없음,9073,화곡동,178000000,179400000,151000000,213200000,0.85,ok
면적 없음,9075,화곡동,220000000,267200000,197000000,362400000,0.64,ok
면적 없음,9076,화곡동,123000000,144700000,95900000,218200000,0.54,ok
면적 없음,9077,화곡동,249000000,216600000,159700000,293700000,0.69,ok
면적 없음,9078,화곡동,180000000,213000000,179200000,253100000,0.84,ok
면적 없음,9079,화곡동,165000000,187400000,157700000,222700000,0.82,ok
면적 없음,9080,화곡동,260000000,287700000,230500000,359300000,0.75,ok
면적 없음,9084,화곡동,359000000,316000000,253100000,394600000,0.79,ok
면적 없음,9089,화곡동,235000000,275600000,231900000,327500000,0.84,ok
면적 없음,9091,화곡동,265000000,226800000,167300000,307600000,0.67,ok
면적 없음,9095,화곡동,234000000,217700000,183200000,258800000,0.84,ok
면적 없음,9096,화곡동,250000000,215900000,181700000,256600000,0.84,ok
면적 없음,9100,화곡동,227000000,244900000,206100000,291100000,0.85,ok
면적 없음,9102,화곡동,150000000,178800000,131900000,242500000,0.66,ok
면적 없음,9104,화곡동,279000000,265000000,195400000,359300000,0.69,ok
면적 없음,9108,화곡동,180000000,145300000,96300000,219200000,0.57,ok
면적 없음,9111,화곡동,230000000,213300000,170800000,266300000,0.76,ok
면적 없음,9115,화곡동,240000000,233000000,171800000,316000000,0.64,ok
면적 없음,9119,화곡동,145000000,185700000,148700000,231900000,0.74,ok
면적 없음,9121,화곡동,420000000,310300000,228800000,420800000,0.69,ok
면적 없음,9123,화곡동,259000000,265100000,195500000,359500000,0.67,ok
면적 없음,9124,화곡동,255000000,275700000,232000000,327600000,0.84,ok
면적 없음,9125,화곡동,182000000,182500000,146100000,227800000,0.79,ok
면적 없음,9126,화곡동,260000000,205500000,164600000,256600000,0.79,ok
면적 없음,9129,화곡동,160000000,166700000,110500000,251500000,0.6,ok
면적 없음,9131,화곡동,165000000,156800000,132000000,186400000,0.82,ok
면적 없음,9133,화곡동,210000000,182400000,153500000,216700000,0.8,ok
면적 없음,9134,화곡동,430000000,317200000,254100000,396100000,0.75,ok
면적 없음,9139,화곡동,150000000,178700000,118500000,269600000,0.58,ok
면적 없음,9140,화곡동,233550000,264100000,194700000,358100000,0.68,ok
면적 없음,9141,화곡동,235940000,264100000,194700000,358100000,0.68,ok
면적 없음,9142,화곡동,235260000,264100000,194700000,358100000,0.68,ok
면적 없음,9143,화곡동,240370000,264100000,194700000,358100000,0.68,ok
면적 없음,9144,화곡동,235940000,263500000,194300000,357300000,0.68,ok
면적 없음,9145,화곡동,238440000,263500000,194300000,357300000,0.68,ok
면적 없음,9146,화곡동,237820000,263500000,194300000,357300000,0.68,ok
면적 없음,9147,화곡동,242930000,263500000,194300000,357300000,0.68,ok
면적 없음,9148,화곡동,239760000,258400000,190500000,350300000,0.68,ok
면적 없음,9149,화곡동,240950000,258400000,190500000,350300000,0.68,ok
면적 없음,9150,화곡동,239160000,258400000,190500000,350300000,0.68,ok
면적 없음,9151,화곡동,242930000,258400000,190500000,350300000,0.68,ok
면적 없음,9152,화곡동,239760000,262100000,193300000,355400000,0.68,ok
면적 없음,9153,화곡동,240950000,262100000,193300000,355400000,0.68,ok
면적 없음,9154,화곡동,242930000,262100000,193300000,355400000,0.68,ok
면적 없음,9155,화곡동,242930000,262100000,193300000,355400000,0.68,ok
면적 없음,9156,화곡동,239760000,262000000,193200000,355300000,0.68,ok
면적 없음,9157,화곡동,242270000,262000000,193200000,355300000,0.68,ok
면적 없음,9158,화곡동,242930000,262000000,193200000,355300000,0.68,ok
면적 없음,9159,화곡동,242930000,262000000,193200000,355300000,0.68,ok
면적 없음,9160,화곡동,224000000,234800000,188000000,293100000,0.74,ok
면적 없음,9162,화곡동,165000000,185600000,148600000,231700000,0.76,ok
면적 없음,9163,화곡동,198000000,253500000,213300000,301300000,0.82,ok
면적 없음,9164,화곡동,278000000,240000000,192200000,299700000,0.75,ok
면적 없음,9168,화곡동,270000000,254300000,203700000,317500000,0.73,ok
면적 없음,9175,화곡동,125000000,162800000,137000000,193500000,0.82,ok
면적 없음,9176,화곡동,200000000,222000000,177800000,277200000,0.78,ok
면적 없음,9177,화곡동,360000000,271600000,200300000,368300000,0.69,ok
면적 없음,9179,화곡동,160000000,175000000,147300000,208000000,0.82,ok
면적 없음,9180,화곡동,250000000,245600000,196700000,306700000,0.71,ok
면적 없음,9181,화곡동,120000000,142800000,114300000,178200000,0.76,ok
면적 없음,9183,화곡동,302000000,314200000,251700000,392400000,0.71,ok
면적 없음,9184,화곡동,266000000,261500000,209400000,326500000,0.76,ok
면적 없음,9188,화곡동,298000000,239100000,201200000,284200000,0.86,ok
면적 없음,9193,화곡동,449000000,308600000,227600000,418600000,0.63,ok
면적 없음,9194,화곡동,155000000,149800000,126000000,178000000,0.81,ok
면적 없음,9196,화곡동,249000000,193100000,142400000,261800000,0.64,ok
면적 없음,9197,화곡동,220000000,199200000,167600000,236700000,0.85,ok
면적 없음,9202,화곡동,270000000,233700000,172300000,316900000,0.62,ok
면적 없음,9207,화곡동,250000000,219500000,184700000,260900000,0.86,ok
면적 없음,9208,화곡동,138000000,136000000,100300000,184400000,0.64,ok
면적 없음,9214,화곡동,140000000,151100000,121000000,188700000,0.73,ok
면적 없음,9215,화곡동,100000000,108400000,71900000,163500000,0.59,ok
면적 없음,9222,화곡동,215000000,196100000,165000000,233000000,0.83,ok
면적 없음,9227,화곡동,175000000,177000000,141800000,221000000,0.78,ok
면적 없음,9228,화곡동,310000000,285000000,239900000,338700000,0.81,ok
면적 없음,9230,화곡동,159000000,184200000,155000000,218900000,0.8,ok
면적 없음,9231,화곡동,190000000,184300000,147600000,230100000,0.71,ok
면적 없음,9232,화곡동,299000000,241600000,193500000,301700000,0.79,ok
면적 없음,9239,화곡동,248000000,347000000,278000000,433300000,0.79,ok
면적 없음,9240,화곡동,550000000,355900000,262500000,482700000,0.68,ok
면적 없음,9244,화곡동,160000000,181400000,120300000,273700000,0.59,ok
면적 없음,9246,화곡동,155000000,158800000,117100000,215300000,0.69,ok
면적 없음,9248,화곡동,270000000,215900000,181700000,256600000,0.84,ok
면적 없음,9249,화곡동,180000000,175300000,140400000,218900000,0.78,ok
면적 없음,9251,화곡동,360000000,211100000,169100000,263600000,0.71,ok
면적 없음,9252,화곡동,287000000,245800000,196900000,306900000,0.78,ok
면적 없음,9254,화곡동,235000000,223000000,147800000,336400000,0.57,ok
면적 없음,9255,화곡동,350000000,346000000,277100000,432000000,0.72,ok
면적 없음,9260,화곡동,380000000,289500000,231800000,361400000,0.77,ok
면적 없음,9261,화곡동,471000000,308600000,227600000,418600000,0.63,ok
면적 없음,9263,화곡동,180000000,205300000,172700000,244000000,0.84,ok
면적 없음,9265,화곡동,250000000,214700000,180700000,255200000,0.84,ok
면적 없음,9266,화곡동,239000000,254900000,214500000,302900000,0.82,ok
면적 없음,9267,화곡동,170000000,187500000,157700000,222800000,0.83,ok
면적 없음,9268,화곡동,400000000,257200000,189600000,348700000,0.67,ok
면적 없음,9271,화곡동,183000000,216600000,182300000,257400000,0.87,ok
면적 없음,9272,화곡동,215000000,223500000,188100000,265600000,0.81,ok
면적 없음,9277,화곡동,130000000,155400000,114600000,210800000,0.65,ok
면적 없음,9278,화곡동,340000000,173700000,128100000,235500000,0.61,ok
면적 없음,9279,화곡동,140000000,146300000,97000000,220700000,0.45,ok
면적 없음,9283,화곡동,300000000,209700000,139000000,316300000,0.37,ok
면적 없음,9285,화곡동,150000000,144700000,95900000,218200000,0.56,ok
면적 없음,9286,화곡동,250000000,263800000,211300000,329300000,0.71,ok
면적 없음,9287,화곡동,100000000,146900000,97400000,221600000,0.45,ok
면적 없음,9288,화곡동,190000000,202200000,161900000,252500000,0.79,ok
면적 없음,9292,화곡동,157000000,177300000,142000000,221400000,0.77,ok
면적 없음,9294,화곡동,220000000,220000000,185100000,261400000,0.84,ok
면적 없음,9295,화곡동,230000000,249100000,209600000,296000000,0.85,ok
면적 없음,9299,화곡동,246000000,271000000,228000000,322100000,0.82,ok
면적 없음,9301,화곡동,238000000,258100000,206700000,322200000,0.79,ok
면적 없음,9302,화곡동,183000000,208500000,167000000,260400000,0.8,ok
면적 없음,9303,화곡동,310000000,294900000,217400000,399900000,0.7,ok
면적 없음,9304,화곡동,230000000,215600000,181500000,256300000,0.81,ok
면적 없음,9305,화곡동,225000000,211000000,155600000,286200000,0.65,ok
면적 없음,9307,화곡동,251000000,257400000,216600000,305900000,0.85,ok
면적 없음,9308,화곡동,165000000,178400000,150100000,212000000,0.81,ok
면적 없음,9309,화곡동,90000000,103300000,68500000,155900000,0.42,ok
면적 없음,9310,화곡동,264000000,249400000,209900000,296400000,0.81,ok
면적 없음,9316,화곡동,250000000,263800000,211300000,329300000,0.71,ok
면적 없음,9317,화곡동,290000000,238200000,200400000,283000000,0.84,ok
면적 없음,9320,화곡동,195000000,177400000,149300000,210800000,0.84,ok
면적 없음,9326,화곡동,190000000,183800000,147200000,229500000,0.79,ok
면적 없음,9328,화곡동,210000000,236100000,174100000,320200000,0.69,ok
면적 없음,9329,화곡동,215000000,227600000,182300000,284100000,0.79,ok
면적 없음,9330,화곡동,215000000,227600000,182300000,284100000,0.79,ok
면적 없음,9331,화곡동,255000000,173600000,128000000,235400000,0.64,ok
면적 없음,9332,화곡동,185000000,179100000,150700000,212800000,0.82,ok
면적 없음,9334,화곡동,104000000,132000000,111100000,156900000,0.82,ok
면적 없음,9336,화곡동,230000000,180400000,133000000,244600000,0.67,ok
면적 없음,9339,화곡동,420000000,322500000,258300000,402700000,0.72,ok
면적 없음,9340,화곡동,265000000,233000000,186600000,290900000,0.73,ok
면적 없음,9344,화곡동,150000000,215800000,143100000,325600000,0.57,ok
면적 없음,9345,화곡동,120000000,209600000,138900000,316100000,0.59,ok
면적 없음,9346,화곡동,194000000,202500000,149300000,274600000,0.66,ok
면적 없음,9347,화곡동,250000000,239100000,191500000,298500000,0.74,ok
면적 없음,9348,화곡동,173000000,197900000,166600000,235200000,0.83,ok
면적 없음,9349,화곡동,131000000,219200000,184400000,260500000,0.81,ok
면적 없음,9351,화곡동,212000000,211000000,177600000,250800000,0.83,ok
면적 없음,9352,화곡동,255000000,249000000,183600000,337700000,0.65,ok
면적 없음,9354,화곡동,307000000,248500000,183200000,337000000,0.63,ok
면적 없음,9355,화곡동,220000000,225100000,189400000,267500000,0.82,ok
면적 없음,9357,화곡동,285000000,225300000,166100000,305500000,0.67,ok
면적 없음,9358,화곡동,90000000,103300000,68500000,155900000,0.42,ok
면적 없음,9360,화곡동,169000000,175500000,140500000,219100000,0.74,ok
면적 없음,9361,화곡동,135000000,129500000,103700000,161700000,0.79,ok
면적 없음,9362,화곡동,105000000,125100000,92200000,169600000,0.69,ok
면적 없음,9364,화곡동,235000000,213000000,170600000,266000000,0.8,ok
면적 없음,9368,화곡동,187000000,200200000,147700000,271500000,0.64,ok
면적 없음,9369,화곡동,203000000,163600000,137600000,194400000,0.83,ok
면적 없음,9373,화곡동,270000000,203800000,150300000,276400000,0.66,ok
면적 없음,9374,화곡동,206000000,251400000,211500000,298700000,0.82,ok
면적 없음,9375,화곡동,140000000,113400000,75200000,171100000,0.54,ok
면적 없음,9377,화곡동,222000000,211000000,155600000,286200000,0.65,ok
면적 없음,9379,화곡동,240000000,189200000,151500000,236200000,0.76,ok
면적 없음,9382,화곡동,310000000,238300000,175700000,323200000,0.64,ok
면적 없음,9383,화곡동,258000000,251800000,185700000,341500000,0.68,ok
면적 없음,9384,화곡동,90000000,115900000,97500000,137700000,0.81,ok
면적 없음,9385,화곡동,272000000,228200000,192000000,271200000,0.81,ok
면적 없음,9390,화곡동,208000000,220800000,185800000,262400000,0.84,ok
면적 없음,9391,화곡동,285000000,278700000,205500000,378000000,0.65,ok
면적 없음,9392,화곡동,200000000,279400000,235100000,332000000,0.83,ok
면적 없음,9395,화곡동,430000000,352900000,282600000,440600000,0.7,ok
면적 없음,9397,화곡동,250000000,182100000,145800000,227300000,0.76,ok
면적 없음,9398,화곡동,247000000,212100000,169900000,264800000,0.74,ok
면적 없음,9401,화곡동,240000000,267200000,197000000,362400000,0.64,ok
면적 없음,9405,화곡동,230000000,200500000,147800000,271900000,0.66,ok
면적 없음,9406,화곡동,153000000,158600000,105200000,239300000,0.51,ok
면적 없음,9409,화곡동,160000000,162300000,130000000,202600000,0.74,ok
면적 없음,9417,화곡동,160000000,192200000,161800000,228500000,0.83,ok
면적 없음,9420,화곡동,300000000,242800000,204300000,288600000,0.8,ok
면적 없음,9421,화곡동,170000000,180400000,151800000,214400000,0.84,ok
면적 없음,9423,화곡동,200000000,241400000,203100000,286900000,0.81,ok
면적 없음,9425,화곡동,232000000,299200000,220600000,405700000,0.68,ok
면적 없음,9427,화곡동,290000000,244300000,195600000,305000000,0.77,ok
면적 없음,9428,화곡동,398000000,257900000,206600000,322100000,0.77,ok
면적 없음,9430,화곡동,245000000,206600000,152400000,280200000,0.65,ok
면적 없음,9431,화곡동,330000000,271200000,217200000,338600000,0.78,ok
면적 없음,9432,화곡동,205000000,207900000,166500000,259600000,0.78,ok
면적 없음,9434,화곡동,175000000,169300000,124900000,229600000,0.7,ok
면적 없음,9437,화곡동,228000000,220100000,185200000,261500000,0.86,ok
면적 없음,9440,화곡동,198000000,221900000,163600000,300900000,0.62,ok
면적 없음,9441,화곡동,400000000,243900000,205200000,289800000,0.83,ok
면적 없음,9443,화곡동,227000000,255100000,204300000,318500000,0.77,ok
면적 없음,9444,화곡동,298000000,265700000,223500000,315700000,0.81,ok
면적 없음,9450,화곡동,220000000,214400000,180400000,254800000,0.82,ok
면적 없음,9451,화곡동,113000000,180800000,133300000,245100000,0.64,ok
면적 없음,9452,화곡동,150000000,163900000,131200000,204600000,0.74,ok
면적 없음,9453,화곡동,165000000,201300000,161200000,251400000,0.75,ok
면적 없음,9455,화곡동,160000000,168700000,124400000,228700000,0.65,ok
면적 없음,9458,화곡동,223000000,227500000,191400000,270400000,0.87,ok
면적 없음,9460,화곡동,175000000,187500000,157700000,222800000,0.83,ok
면적 없음,9463,화곡동,240000000,207600000,174700000,246700000,0.83,ok
면적 없음,9464,화곡동,260000000,247900000,208600000,294500000,0.86,ok
면적 없음,9468,화곡동,164000000,177200000,149100000,210600000,0.82,ok
면적 없음,9469,화곡동,283500000,282700000,208500000,383400000,0.64,ok
면적 없음,9471,화곡동,110000000,116200000,77100000,175300000,0.46,ok
면적 없음,9473,화곡동,135000000,132700000,97900000,180000000,0.61,ok
면적 없음,9475,화곡동,175000000,163300000,137400000,194000000,0.81,ok
면적 없음,9477,화곡동,120960000,186700000,123800000,281700000,0.59,ok
면적 없음,9478,화곡동,123650000,188200000,150700000,235000000,0.74,ok
면적 없음,9479,화곡동,134400000,285600000,210600000,387200000,0.68,ok
면적 없음,9480,화곡동,151000000,165200000,132300000,206300000,0.7,ok
면적 없음,9483,화곡동,490000000,421300000,354500000,500700000,0.8,ok
면적 없음,9484,화곡동,242000000,221200000,146700000,333700000,0.57,ok
면적 없음,9485,화곡동,230000000,230400000,193900000,273800000,0.81,ok
면적 없음,9487,화곡동,280000000,245800000,196900000,306900000,0.78,ok
면적 없음,9488,화곡동,160000000,161300000,129200000,201500000,0.77,ok
면적 없음,9489,화곡동,250000000,231200000,194600000,274800000,0.83,ok
면적 없음,9491,화곡동,194000000,214700000,171900000,268000000,0.78,ok
면적 없음,9492,화곡동,230000000,240400000,192600000,300200000,0.75,ok
면적 없음,9493,화곡동,267000000,190700000,160500000,226600000,0.83,ok
면적 없음,9494,화곡동,296000000,265000000,223000000,314900000,0.8,ok
면적 없음,9499,화곡동,350000000,293300000,234900000,366200000,0.79,ok
면적 없음,9501,화곡동,260000000,292700000,246300000,347900000,0.86,ok
면적 없음,9502,화곡동,200000000,217900000,174500000,272100000,0.79,ok
면적 없음,9503,화곡동,105000000,159700000,117700000,216500000,0.7,ok
면적 없음,9506,화곡동,250000000,252100000,212200000,299600000,0.86,ok
면적 없음,9507,화곡동,250000000,268300000,214900000,335000000,0.71,ok
면적 없음,9508,화곡동,250000000,268300000,214900000,335000000,0.71,ok
면적 없음,9509,화곡동,250000000,268300000,214900000,335000000,0.71,ok
면적 없음,9510,화곡동,250000000,268300000,214900000,335000000,0.71,ok
면적 없음,9511,화곡동,250000000,266400000,213400000,332600000,0.71,ok
면적 없음,9512,화곡동,250000000,266400000,213400000,332600000,0.71,ok
면적 없음,9513,화곡동,250000000,263800000,211300000,329300000,0.71,ok
면적 없음,9514,화곡동,158000000,175100000,116100000,264100000,0.57,ok
면적 없음,9515,화곡동,270000000,223600000,164900000,303200000,0.68,ok
면적 없음,9517,화곡동,265000000,254000000,213800000,301900000,0.85,ok
면적 없음,9519,화곡동,153000000,107400000,71200000,162000000,0.47,ok
면적 없음,9521,화곡동,430000000,232400000,186100000,290200000,0.72,ok
면적 없음,9526,화곡동,183000000,232400000,186100000,290200000,0.72,ok
면적 없음,9527,화곡동,385000000,314500000,264600000,373700000,0.81,ok
면적 없음,9528,화곡동,214000000,218000000,174600000,272100000,0.72,ok
면적 없음,9529,화곡동,248000000,211900000,169700000,264500000,0.78,ok
면적 없음,9530,화곡동,261000000,241600000,203300000,287100000,0.86,ok
면적 없음,9531,화곡동,350000000,263400000,194200000,357100000,0.65,ok
면적 없음,9532,화곡동,165000000,217900000,144500000,328700000,0.56,ok
면적 없음,9533,화곡동,143000000,150800000,120700000,188200000,0.75,ok
면적 없음,9534,화곡동,155000000,208900000,154000000,283300000,0.62,ok
면적 없음,9535,화곡동,210000000,214600000,180600000,255100000,0.81,ok
면적 없음,9539,화곡동,309500000,299500000,252000000,355900000,0.89,ok
면적 없음,9540,화곡동,280000000,226500000,190600000,269200000,0.84,ok
면적 없음,9541,화곡동,259000000,380200000,280300000,515500000,0.68,ok
면적 없음,9542,화곡동,230000000,220500000,162600000,299100000,0.67,ok
면적 없음,9543,화곡동,167000000,242700000,160900000,366000000,0.53,ok
면적 없음,9545,화곡동,97000000,127700000,94100000,173100000,0.65,ok
면적 없음,9550,화곡동,210000000,197000000,165800000,234100000,0.86,ok
면적 없음,9551,화곡동,258000000,222500000,178200000,277800000,0.77,ok
면적 없음,9554,화곡동,129000000,154600000,123800000,193100000,0.72,ok
면적 없음,9556,화곡동,136000000,197800000,145900000,268200000,0.65,ok
면적 없음,9557,화곡동,136000000,102200000,67700000,154100000,0.51,ok
면적 없음,9558,화곡동,180000000,204800000,151000000,277700000,0.66,ok
면적 없음,9559,화곡동,225000000,229000000,183400000,285900000,0.78,ok
면적 없음,9560,화곡동,388000000,318600000,235000000,432100000,0.65,ok
면적 없음,9561,화곡동,265000000,219200000,184400000,260500000,0.82,ok
면적 없음,9562,화곡동,340000000,268500000,225900000,319000000,0.84,ok
면적 없음,9564,화곡동,309000000,246300000,197300000,307500000,0.76,ok
면적 없음,9566,화곡동,350000000,330200000,264400000,412200000,0.8,ok
면적 없음,9569,화곡동,180000000,179800000,144000000,224500000,0.74,ok
면적 없음,9570,화곡동,320000000,322900000,238100000,437800000,0.69,ok
면적 없음,9572,화곡동,158500000,162400000,130100000,202800000,0.73,ok
면적 없음,9574,화곡동,288000000,258000000,217100000,306700000,0.82,ok
면적 없음,9577,화곡동,280000000,264500000,222600000,314300000,0.84,ok
면적 없음,9579,화곡동,200000000,175500000,140600000,219100000,0.78,ok
면적 없음,9580,화곡동,185000000,187700000,158000000,223100000,0.84,ok
면적 없음,9587,화곡동,320000000,291100000,214700000,394800000,0.7,ok
면적 없음,9588,화곡동,225000000,234200000,197000000,278300000,0.84,ok
면적 없음,9589,화곡동,183000000,166400000,122700000,225600000,0.64,ok
면적 없음,9591,화곡동,450000000,374500000,299900000,467600000,0.78,ok
면적 없음,9595,화곡동,300000000,275000000,202800000,372900000,0.65,ok
면적 없음,9596,화곡동,300000000,276000000,232200000,328000000,0.85,ok
면적 없음,9597,화곡동,198000000,229200000,192900000,272400000,0.84,ok
면적 없음,9598,화곡동,249000000,294300000,247600000,349700000,0.85,ok
면적 없음,9599,화곡동,248000000,273400000,201600000,370800000,0.65,ok
면적 없음,9600,화곡동,100000000,145200000,96300000,219100000,0.56,ok
면적 없음,9601,화곡동,195000000,250300000,184600000,339400000,0.67,ok
면적 없음,9603,화곡동,210000000,219000000,175400000,273400000,0.77,ok
면적 없음,9604,화곡동,253000000,245700000,196800000,306800000,0.8,ok
면적 없음,9605,화곡동,150000000,169800000,125200000,230200000,0.68,ok
면적 없음,9606,화곡동,200000000,234600000,197400000,278800000,0.83,ok
면적 없음,9609,화곡동,290000000,254500000,214200000,302500000,0.82,ok
면적 없음,9610,화곡동,240000000,270900000,217000000,338300000,0.73,ok
면적 없음,9611,화곡동,180000000,196400000,165200000,233400000,0.86,ok
면적 없음,9614,화곡동,300000000,286800000,229700000,358100000,0.8,ok
면적 없음,9615,화곡동,153000000,167300000,140800000,198800000,0.8,ok
면적 없음,9618,화곡동,299000000,294200000,217000000,399000000,0.67,ok
면적 없음,9619,화곡동,297000000,241100000,193100000,301100000,0.8,ok
면적 없음,9620,화곡동,297000000,241100000,193100000,301100000,0.8,ok
면적 없음,9621,화곡동,165000000,159800000,128000000,199500000,0.72,ok
면적 없음,9622,화곡동,270000000,226700000,190800000,269400000,0.82,ok
면적 없음,9624,화곡동,210000000,314600000,232000000,426600000,0.69,ok
면적 없음,9626,화곡동,385000000,414000000,348400000,492000000,0.81,ok
면적 없음,9627,화곡동,315000000,299500000,252000000,355900000,0.89,ok
면적 없음,9631,화곡동,258000000,235800000,173900000,319800000,0.65,ok
면적 없음,9634,화곡동,260000000,300200000,252600000,356800000,0.81,ok
면적 없음,9635,화곡동,232000000,188500000,125000000,284400000,0.43,ok
면적 없음,9637,화곡동,190000000,202500000,149300000,274600000,0.69,ok
면적 없음,9638,화곡동,210000000,224500000,179800000,280300000,0.75,ok
면적 없음,9639,화곡동,203000000,217900000,160700000,295500000,0.67,ok
면적 없음,9640,화곡동,268000000,209800000,139100000,316400000,0.59,ok
면적 없음,9641,화곡동,200000000,187900000,158100000,223300000,0.84,ok
면적 없음,9642,화곡동,65200000,113700000,75400000,171500000,0.57,ok
면적 없음,9643,화곡동,190000000,219800000,185000000,261300000,0.82,ok
면적 없음,9645,화곡동,185000000,160400000,118300000,217500000,0.68,ok
면적 없음,9647,화곡동,195000000,169600000,125000000,230000000,0.67,ok
면적 없음,9648,화곡동,200000000,214800000,180800000,255300000,0.82,ok
면적 없음,9649,화곡동,160000000,172900000,127500000,234500000,0.65,ok
면적 없음,9650,화곡동,256000000,244800000,196100000,305700000,0.77,ok
면적 없음,9651,화곡동,129000000,158500000,116900000,214900000,0.69,ok
면적 없음,9655,화곡동,105000000,116400000,77200000,175600000,0.33,ok
면적 없음,9656,화곡동,455000000,344300000,275700000,429800000,0.77,ok
면적 없음,9657,화곡동,370000000,279300000,206000000,378800000,0.68,ok
면적 없음,9658,화곡동,71000000,78000000,51700000,117600000,0.5,ok
면적 없음,9659,화곡동,245000000,227000000,167400000,307800000,0.62,ok
면적 없음,9667,화곡동,460000000,328900000,263400000,410600000,0.76,ok
면적 없음,9668,화곡동,220000000,196000000,144500000,265800000,0.67,ok
면적 없음,9670,화곡동,235000000,237200000,199600000,281800000,0.83,ok
면적 없음,9672,화곡동,255000000,231800000,185600000,289400000,0.72,ok
면적 없음,9675,화곡동,300000000,297500000,250400000,353600000,0.82,ok
면적 없음,9676,화곡동,135000000,152700000,112600000,207100000,0.64,ok
면적 없음,9677,화곡동,245000000,197700000,145800000,268100000,0.69,ok
면적 없음,9678,화곡동,225000000,267500000,214300000,334000000,0.77,ok
면적 없음,9679,화곡동,330000000,261400000,192800000,354500000,0.66,ok
면적 없음,9680,화곡동,209000000,176500000,130100000,239300000,0.66,ok
면적 없음,9681,화곡동,110000000,161000000,129000000,201100000,0.79,ok
면적 없음,9688,화곡동,200000000,198000000,166600000,235300000,0.84,ok
면적 없음,9690,화곡동,249000000,280700000,236200000,333600000,0.83,ok
면적 없음,9692,화곡동,315000000,327000000,275100000,388600000,0.81,ok
면적 없음,9693,화곡동,195000000,214300000,171600000,267500000,0.73,ok
면적 없음,9694,화곡동,265000000,342400000,252500000,464300000,0.69,ok
면적 없음,9695,화곡동,119000000,105600000,70000000,159300000,0.53,ok
면적 없음,9696,화곡동,290000000,259000000,217900000,307800000,0.81,ok
면적 없음,9699,화곡동,330000000,155600000,114800000,211000000,0.69,ok
면적 없음,9700,화곡동,190910000,241800000,178300000,327900000,0.64,ok
면적 없음,9702,화곡동,320000000,251900000,211900000,299300000,0.81,ok
면적 없음,9703,화곡동,245000000,238400000,200600000,283400000,0.82,ok
면적 없음,9704,화곡동,100000000,114000000,75600000,172000000,0.46,ok
면적 없음,9705,화곡동,228000000,242800000,204300000,288500000,0.84,ok
면적 없음,9706,화곡동,330000000,155600000,114800000,211000000,0.69,ok
면적 없음,9708,화곡동,310000000,235600000,173700000,319400000,0.68,ok
면적 없음,9709,화곡동,210000000,246100000,207100000,292500000,0.82,ok
면적 없음,9713,화곡동,145000000,146800000,108300000,199100000,0.67,ok
면적 없음,9715,화곡동,146000000,194600000,143500000,263900000,0.64,ok
면적 없음,9716,화곡동,117000000,116400000,77200000,175600000,0.47,ok
면적 없음,9718,화곡동,230000000,289900000,232200000,361900000,0.8,ok
면적 없음,9719,화곡동,220000000,206400000,173700000,245300000,0.83,ok
면적 없음,9720,화곡동,270000000,219100000,175500000,273600000,0.79,ok
면적 없음,9721,화곡동,195000000,235400000,188500000,293900000,0.79,ok
면적 없음,9723,화곡동,348000000,229100000,183500000,286100000,0.73,ok
면적 없음,9726,화곡동,263000000,234700000,197500000,278900000,0.82,ok
면적 없음,9727,화곡동,138000000,172800000,138400000,215800000,0.79,ok
면적 없음,9731,화곡동,233000000,248300000,208900000,295100000,0.85,ok
면적 없음,9734,화곡동,180000000,187100000,149900000,233600000,0.73,ok
면적 없음,9735,화곡동,242000000,240500000,202400000,285800000,0.85,ok
면적 없음,9736,화곡동,245000000,243600000,205000000,289500000,0.8,ok
면적 없음,9737,화곡동,126000000,143600000,115000000,179300000,0.71,ok
면적 없음,9738,화곡동,236000000,179300000,150900000,213100000,0.82,ok
면적 없음,9739,화곡동,210000000,220700000,176800000,275600000,0.77,ok
면적 없음,9740,화곡동,210000000,177500000,149300000,210900000,0.8,ok
면적 없음,9742,화곡동,225000000,266000000,213000000,332100000,0.73,ok
면적 없음,9746,화곡동,130000000,155400000,114600000,210800000,0.65,ok
면적 없음,9747,화곡동,268000000,214800000,158400000,291300000,0.69,ok
면적 없음,9750,화곡동,116000000,127700000,84700000,192700000,0.47,ok
면적 없음,9751,화곡동,350000000,346000000,277100000,432000000,0.72,ok
면적 없음,9752,화곡동,305000000,283800000,209300000,384900000,0.69,ok
면적 없음,9753,화곡동,299000000,261200000,209200000,326200000,0.8,ok
면적 없음,9755,화곡동,170000000,169600000,135900000,211800000,0.75,ok
면적 없음,9756,화곡동,330000000,275400000,231800000,327300000,0.85,ok
면적 없음,9758,화곡동,91000000,121900000,80800000,184000000,0.59,ok
면적 없음,9759,화곡동,185000000,184700000,148000000,230700000,0.76,ok
면적 없음,9760,화곡동,198360000,272700000,229500000,324100000,0.82,ok
면적 없음,9762,화곡동,188000000,163600000,137600000,194400000,0.83,ok
면적 없음,9766,화곡동,141000000,245500000,206600000,291700000,0.87,ok
면적 없음,9767,화곡동,140000000,165800000,122300000,224900000,0.61,ok
면적 없음,9768,화곡동,263000000,230100000,193600000,273400000,0.84,ok
면적 없음,9773,화곡동,210000000,220700000,185700000,262300000,0.82,ok
면적 없음,9774,화곡동,140000000,133100000,106600000,166200000,0.8,ok
면적 없음,9775,화곡동,140000000,169900000,125300000,230400000,0.69,ok
면적 없음,9777,화곡동,250000000,196300000,165200000,233300000,0.83,ok
면적 없음,9784,화곡동,240000000,209600000,138900000,316100000,0.59,ok
면적 없음,9785,화곡동,168000000,156800000,132000000,186400000,0.82,ok
면적 없음,9790,화곡동,345000000,342700000,252700000,464800000,0.68,ok
면적 없음,9791,화곡동,305000000,307000000,258300000,364800000,0.89,ok
면적 없음,9793,화곡동,260000000,281700000,207800000,382100000,0.65,ok
면적 없음,9794,화곡동,275000000,284200000,239200000,337800000,0.87,ok
면적 없음,9796,화곡동,155000000,187700000,138400000,254500000,0.69,ok
면적 없음,9798,화곡동,292500000,191500000,126900000,288800000,0.38,ok
면적 없음,9804,화곡동,368000000,334000000,246300000,452900000,0.69,ok
면적 없음,9807,화곡동,330000000,306900000,226300000,416200000,0.62,ok
면적 없음,9809,화곡동,155000000,174800000,128900000,237000000,0.66,ok
면적 없음,9811,화곡동,232000000,303700000,255600000,360900000,0.82,ok
면적 없음,9813,화곡동,170000000,315200000,252500000,393600000,0.76,ok
면적 없음,9814,화곡동,236000000,201500000,148600000,273300000,0.67,ok
면적 없음,9818,화곡동,185000000,197800000,166400000,235000000,0.82,ok
면적 없음,15480,관악구,650000000,514100000,340800000,775600000,0.21,ok
면적 없음,15481,관악구,440000000,455600000,336000000,617900000,0.69,ok
면적 없음,15484,관악구,195000000,213800000,171200000,266900000,0.71,ok
면적 없음,15486,관악구,230000000,231700000,185600000,289300000,0.78,ok
면적 없음,15488,관악구,440000000,490900000,413000000,583300000,0.86,ok
면적 없음,15490,관악구,590000000,808500000,647500000,1009400000,0.79,ok
면적 없음,15492,관악구,410000000,388200000,310900000,484700000,0.8,ok
면적 없음,15497,관악구,297500000,265600000,212700000,331700000,0.72,ok
면적 없음,15499,관악구,270000000,265100000,223100000,315000000,0.84,ok
면적 없음,15505,관악구,370000000,427600000,359800000,508200000,0.84,ok
면적 없음,15506,관악구,700000000,781800000,518300000,1179400000,0.38,ok
면적 없음,15511,관악구,126000000,144200000,95600000,217500000,0.4,ok
면적 없음,15515,관악구,360000000,317800000,210700000,479400000,0.44,ok
면적 없음,15516,관악구,355000000,470300000,311800000,709500000,0.46,ok
면적 없음,15518,관악구,210000000,245600000,162800000,370500000,0.6,ok
면적 없음,15522,관악구,122000000,242500000,160800000,365800000,0.57,ok
면적 없음,15525,관악구,200000000,348200000,293000000,413700000,0.8,ok
면적 없음,15527,관악구,290000000,324500000,259900000,405200000,0.79,ok
면적 없음,15529,관악구,330000000,358200000,301400000,425700000,0.88,ok
면적 없음,15532,관악구,260000000,325100000,239700000,440800000,0.65,ok
면적 없음,15536,관악구,350000000,315100000,265100000,374400000,0.81,ok
면적 없음,15537,관악구,620000000,500000000,331400000,754200000,0.57,ok
면적 없음,15543,관악구,315000000,335600000,268800000,419000000,0.79,ok
면적 없음,15544,관악구,438000000,455600000,336000000,617900000,0.69,ok
면적 없음,15545,관악구,200000000,251300000,201200000,313700000,0.79,ok
면적 없음,15546,관악구,253000000,355400000,262100000,482000000,0.64,ok
면적 없음,15547,관악구,100000000,242100000,160500000,365300000,0.3,ok
면적 없음,15550,관악구,390000000,372000000,313100000,442100000,0.81,ok
면적 없음,15553,관악구,670000000,734700000,541800000,996400000,0.69,ok
면적 없음,15556,관악구,294000000,331200000,265300000,413500000,0.75,ok
면적 없음,15559,관악구,950000000,1079200000,795800000,1463500000,0.7,ok
면적 없음,15560,관악구,225000000,254500000,214100000,302400000,0.83,ok
면적 없음,15561,관악구,267500000,328000000,241800000,444700000,0.62,ok
면적 없음,15562,관악구,415000000,426400000,358800000,506700000,0.82,ok
면적 없음,15563,관악구,900000000,1114400000,821800000,1511300000,0.67,ok
면적 없음,15564,관악구,300000000,321300000,270300000,381800000,0.87,ok
면적 없음,15566,관악구,280000000,335000000,247100000,454300000,0.61,ok
면적 없음,15567,관악구,385000000,409000000,301600000,554600000,0.69,ok
면적 없음,15570,관악구,280000000,140900000,93400000,212500000,0.48,ok
면적 없음,15571,관악구,298000000,268500000,215000000,335200000,0.71,ok
면적 없음,15573,관악구,320000000,335000000,247000000,454300000,0.67,ok
면적 없음,15574,관악구,265000000,325500000,273900000,386900000,0.85,ok
면적 없음,15576,관악구,560000000,566200000,417500000,767800000,0.67,ok
면적 없음,15578,관악구,200000000,140900000,93400000,212500000,0.48,ok
면적 없음,15584,관악구,430000000,463900000,390400000,551300000,0.81,ok
면적 없음,15586,관악구,278000000,322000000,257900000,402000000,0.77,ok
면적 없음,15589,관악구,325000000,315600000,252800000,394000000,0.78,ok
면적 없음,15590,관악구,172000000,180200000,119500000,271900000,0.42,ok
면적 없음,15591,관악구,360000000,328700000,263300000,410500000,0.79,ok
면적 없음,15594,관악구,353000000,292300000,234100000,365000000,0.77,ok
면적 없음,15596,관악구,230000000,260600000,219300000,309700000,0.81,ok
면적 없음,15597,관악구,617500000,460500000,305200000,694600000,0.44,ok
면적 없음,15599,관악구,420000000,449900000,331800000,610100000,0.65,ok
면적 없음,15601,관악구,815000000,949000000,760100000,1184900000,0.73,ok
면적 없음,15602,관악구,249000000,287800000,190800000,434200000,0.57,ok
면적 없음,15605,관악구,100000000,120100000,79600000,181200000,0.56,ok
면적 없음,15613,관악구,345000000,352400000,296500000,418700000,0.87,ok
면적 없음,15615,관악구,325000000,344500000,275900000,430100000,0.72,ok
면적 없음,15616,관악구,260000000,306700000,245700000,383000000,0.7,ok
면적 없음,15617,관악구,170000000,237700000,157600000,358600000,0.49,ok
면적 없음,15619,관악구,487500000,492100000,394100000,614400000,0.74,ok
면적 없음,15622,관악구,450000000,438000000,350800000,546800000,0.79,ok
면적 없음,15623,관악구,545000000,540500000,454800000,642300000,0.82,ok
면적 없음,15625,관악구,275000000,331200000,265300000,413600000,0.7,ok
면적 없음,15627,관악구,278000000,282400000,226100000,352500000,0.71,ok
면적 없음,15629,관악구,350000000,371000000,245900000,559700000,0.56,ok
면적 없음,15630,관악구,140000000,202400000,162100000,252700000,0.73,ok
면적 없음,15637,관악구,358000000,298700000,198000000,450600000,0.49,ok
면적 없음,15638,관악구,309000000,318900000,235200000,432400000,0.69,ok
면적 없음,15640,관악구,440000000,366000000,269900000,496300000,0.7,ok
면적 없음,15641,관악구,560000000,788400000,581400000,1069100000,0.61,ok
면적 없음,15642,관악구,311000000,331600000,219800000,500200000,0.6,ok
면적 없음,15645,관악구,290000000,343400000,289000000,408100000,0.82,ok
면적 없음,15648,관악구,100000000,169000000,112000000,255000000,0.41,ok
면적 없음,15650,관악구,360000000,293500000,235100000,366400000,0.74,ok
면적 없음,15652,관악구,340000000,327900000,275900000,389700000,0.85,ok
면적 없음,15656,관악구,783000000,666400000,491400000,903700000,0.67,ok
면적 없음,15657,관악구,415000000,455100000,383000000,540800000,0.86,ok
면적 없음,15663,관악구,305000000,320300000,256500000,399900000,0.71,ok
면적 없음,15665,관악구,445000000,432500000,319000000,586500000,0.65,ok
면적 없음,15666,관악구,105000000,121800000,80700000,183700000,0.48,ok
면적 없음,15671,관악구,830000000,1002800000,803100000,1252000000,0.8,ok
면적 없음,15672,관악구,300000000,285300000,228500000,356200000,0.72,ok
면적 없음,15673,관악구,70000000,85300000,56500000,128600000,0.51,ok
면적 없음,15675,관악구,429000000,403100000,339200000,479000000,0.85,ok
면적 없음,15678,관악구,220000000,335200000,247200000,454600000,0.68,ok
면적 없음,15681,관악구,97000000,132300000,87700000,199600000,0.51,ok
면적 없음,15683,관악구,195000000,225800000,180900000,282000000,0.79,ok
면적 없음,15684,관악구,292000000,315000000,232300000,427200000,0.68,ok
면적 없음,15686,관악구,350000000,365400000,242300000,551300000,0.35,ok
면적 없음,15688,관악구,270000000,352000000,259600000,477400000,0.67,ok
면적 없음,15689,관악구,760000000,1005800000,741700000,1364000000,0.65,ok
면적 없음,15691,관악구,560000000,561500000,449700000,701000000,0.78,ok
면적 없음,15693,관악구,237500000,276100000,221200000,344800000,0.78,ok
면적 없음,15695,관악구,160000000,231500000,170700000,313900000,0.7,ok
면적 없음,15697,관악구,305000000,316100000,266000000,375700000,0.81,ok
면적 없음,15698,관악구,430000000,389200000,287000000,527800000,0.65,ok
면적 없음,15701,관악구,365000000,383300000,307000000,478500000,0.71,ok
면적 없음,15702,관악구,309000000,314800000,252100000,393100000,0.72,ok
면적 없음,15703,관악구,445000000,482600000,355900000,654400000,0.61,ok
면적 없음,15704,관악구,380000000,386600000,325300000,459400000,0.82,ok
면적 없음,15705,관악구,255000000,252900000,202600000,315800000,0.75,ok
면적 없음,15707,관악구,145000000,269500000,178600000,406500000,0.57,ok
면적 없음,15708,관악구,170000000,235500000,156100000,355300000,0.58,ok
면적 없음,15711,관악구,190000000,214000000,171400000,267200000,0.73,ok
면적 없음,15712,관악구,257000000,295500000,236700000,368900000,0.79,ok
면적 없음,15713,관악구,290000000,382400000,306300000,477500000,0.74,ok
면적 없음,15717,관악구,150000000,130300000,86400000,196600000,0.48,ok
면적 없음,15721,관악구,270000000,243800000,179800000,330600000,0.68,ok
면적 없음,15722,관악구,340000000,331600000,265600000,414000000,0.79,ok
면적 없음,15726,관악구,185000000,215000000,142500000,324300000,0.45,ok
면적 없음,15728,관악구,250000000,274400000,219800000,342700000,0.74,ok
면적 없음,15729,관악구,645000000,1333900000,884300000,2012200000,0.5,ok
면적 없음,15731,관악구,368000000,447700000,358500000,558900000,0.78,ok
면적 없음,15734,관악구,100000000,252800000,167600000,381400000,0.14,ok
면적 없음,15751,관악구,160000000,258800000,207300000,323200000,0.75,ok
면적 없음,15752,관악구,199000000,310700000,248800000,387900000,0.77,ok
면적 없음,15753,관악구,300000000,362800000,267500000,491900000,0.69,ok
면적 없음,15754,관악구,135000000,188700000,125100000,284600000,0.41,ok
면적 없음,15755,관악구,750000000,1005800000,741700000,1364000000,0.65,ok
면적 없음,15757,관악구,243000000,326700000,240900000,443100000,0.69,ok
면적 없음,15760,관악구,380000000,387600000,310400000,483900000,0.76,ok
면적 없음,15761,관악구,870000000,961000000,637100000,1449700000,0.59,ok
면적 없음,15764,관악구,288000000,300500000,221600000,407500000,0.65,ok
면적 없음,15765,관악구,410000000,353000000,297000000,419500000,0.82,ok
면적 없음,15768,관악구,230000000,234500000,197400000,278700000,0.82,ok
면적 없음,15774,관악구,105000000,233300000,196300000,277300000,0.81,ok
면적 없음,15775,관악구,167000000,201400000,133500000,303900000,0.6,ok
면적 없음,15776,관악구,284000000,331800000,244700000,450000000,0.65,ok
면적 없음,15777,관악구,170000000,219100000,175500000,273600000,0.8,ok
면적 없음,15778,관악구,160000000,152800000,101300000,230500000,0.44,ok
면적 없음,15779,관악구,300000000,344100000,289600000,408900000,0.83,ok
면적 없음,15782,관악구,347000000,275300000,203000000,373400000,0.63,ok
면적 없음,15789,관악구,180000000,169900000,125300000,230300000,0.62,ok
면적 없음,15792,관악구,400000000,407200000,326100000,508400000,0.71,ok
면적 없음,15793,관악구,640000000,572400000,422100000,776200000,0.65,ok
면적 없음,15794,관악구,146000000,211900000,156300000,287400000,0.67,ok
면적 없음,15795,관악구,440000000,440500000,370600000,523400000,0.81,ok
면적 없음,15796,관악구,330000000,389000000,311600000,485800000,0.72,ok
면적 없음,15797,관악구,295000000,332100000,265900000,414600000,0.77,ok
면적 없음,15798,관악구,340000000,354200000,234800000,534300000,0.55,ok
면적 없음,15801,관악구,175000000,211400000,155900000,286700000,0.7,ok
면적 없음,15802,관악구,342000000,238600000,175900000,323500000,0.7,ok
면적 없음,15803,관악구,162000000,240800000,192900000,300700000,0.71,ok
면적 없음,15804,관악구,180000000,234000000,155100000,352900000,0.53,ok
면적 없음,15824,관악구,360000000,317300000,234000000,430300000,0.65,ok
면적 없음,15825,관악구,340000000,312000000,249900000,389600000,0.72,ok
면적 없음,15826,관악구,320000000,415200000,349400000,493400000,0.86,ok
면적 없음,15827,관악구,160000000,259900000,172300000,392100000,0.58,ok
면적 없음,15828,관악구,250000000,202300000,134100000,305200000,0.54,ok
면적 없음,15830,관악구,230000000,226300000,190400000,268900000,0.82,ok
면적 없음,15833,관악구,220000000,256100000,205100000,319700000,0.72,ok
면적 없음,15836,관악구,380000000,386400000,325100000,459200000,0.85,ok
면적 없음,15838,관악구,280000000,265600000,195900000,360200000,0.62,ok
면적 없음,15840,관악구,300000000,334300000,246500000,453300000,0.7,ok
면적 없음,15842,관악구,425000000,425200000,357800000,505300000,0.81,ok
면적 없음,15843,관악구,450000000,404000000,267800000,609400000,0.53,ok
면적 없음,15844,관악구,228000000,301400000,241400000,376300000,0.77,ok
면적 없음,15846,관악구,400000000,316700000,210000000,477800000,0.58,ok
면적 없음,15848,관악구,578420000,629800000,530000000,748400000,0.87,ok
면적 없음,15849,관악구,573720000,626400000,461900000,849500000,0.69,ok
면적 없음,15850,관악구,587190000,626400000,461900000,849500000,0.69,ok
면적 없음,15851,관악구,580170000,626400000,461900000,849500000,0.69,ok
면적 없음,15852,관악구,583670000,626400000,461900000,849500000,0.69,ok
면적 없음,15853,관악구,575220000,626000000,461600000,848800000,0.69,ok
면적 없음,15854,관악구,588690000,626000000,461600000,848800000,0.69,ok
면적 없음,15855,관악구,581670000,626000000,461600000,848800000,0.69,ok
면적 없음,15856,관악구,585170000,626000000,461600000,848800000,0.69,ok
면적 없음,15857,관악구,576970000,625400000,461200000,848100000,0.69,ok
면적 없음,15858,관악구,590690000,625400000,461200000,848100000,0.69,ok
면적 없음,15859,관악구,583420000,625400000,461200000,848100000,0.69,ok
면적 없음,15860,관악구,586920000,625400000,461200000,848100000,0.69,ok
면적 없음,15861,관악구,576970000,627100000,462400000,850400000,0.7,ok
면적 없음,15862,관악구,590690000,627100000,462400000,850400000,0.7,ok
면적 없음,15863,관악구,556070000,627100000,462400000,850400000,0.7,ok
면적 없음,15864,관악구,583420000,627100000,462400000,850400000,0.7,ok
면적 없음,15866,관악구,503000000,580700000,465100000,725000000,0.79,ok
면적 없음,15868,관악구,450000000,511600000,430500000,608000000,0.82,ok
면적 없음,15873,관악구,300000000,414000000,331500000,516900000,0.73,ok
면적 없음,15874,관악구,260000000,262700000,210400000,328000000,0.77,ok
면적 없음,15876,관악구,190000000,248600000,209200000,295400000,0.83,ok
면적 없음,15878,관악구,198000000,193600000,128300000,292100000,0.49,ok
면적 없음,15879,관악구,250000000,340800000,225900000,514100000,0.58,ok
면적 없음,15883,관악구,660000000,582700000,386300000,879000000,0.57,ok
면적 없음,15888,관악구,247000000,239400000,191700000,298900000,0.77,ok
면적 없음,15889,관악구,350000000,391500000,329400000,465300000,0.83,ok
면적 없음,15890,관악구,225000000,287800000,190800000,434200000,0.57,ok
면적 없음,15891,관악구,285000000,336800000,248300000,456700000,0.69,ok
면적 없음,15898,관악구,370000000,419000000,335600000,523100000,0.74,ok
면적 없음,15899,관악구,130000000,151100000,100200000,228000000,0.59,ok
면적 없음,15900,관악구,380000000,371500000,312600000,441500000,0.83,ok
면적 없음,15903,관악구,260000000,278900000,205700000,378200000,0.66,ok
면적 없음,15906,관악구,350000000,351800000,281800000,439300000,0.7,ok
면적 없음,15911,관악구,340000000,324700000,215200000,489800000,0.56,ok
면적 없음,15912,관악구,180000000,209800000,139000000,316400000,0.6,ok
면적 없음,15914,관악구,623510000,324400000,215100000,489400000,0.28,ok
면적 없음,15915,관악구,370000000,414300000,305500000,561800000,0.69,ok
면적 없음,15916,관악구,230000000,273800000,219300000,341800000,0.74,ok
면적 없음,15918,관악구,590000000,635600000,468700000,861900000,0.69,ok
면적 없음,15920,관악구,700000000,462200000,306400000,697300000,0.32,ok
면적 없음,15931,관악구,440000000,411600000,346300000,489100000,0.82,ok
면적 없음,15932,관악구,220000000,269000000,215400000,335800000,0.73,ok
면적 없음,15933,관악구,260000000,296300000,237300000,369900000,0.8,ok
면적 없음,15935,관악구,200000000,175600000,116400000,264900000,0.4,ok
면적 없음,15936,관악구,200000000,175600000,116400000,264900000,0.4,ok
면적 없음,15939,관악구,290000000,256600000,215900000,304900000,0.81,ok
면적 없음,15940,관악구,290000000,234400000,155400000,353500000,0.42,ok
면적 없음,15941,관악구,310000000,293000000,216000000,397300000,0.62,ok
면적 없음,15944,관악구,348000000,369300000,272300000,500800000,0.68,ok
면적 없음,15946,관악구,380000000,405300000,324600000,506100000,0.79,ok
면적 없음,15947,관악구,820000000,799100000,589300000,1083600000,0.63,ok
면적 없음,15949,관악구,460000000,394900000,316300000,493100000,0.76,ok
면적 없음,15950,관악구,438000000,403900000,297900000,547800000,0.63,ok
면적 없음,15952,관악구,300000000,314100000,251600000,392200000,0.79,ok
면적 없음,15953,관악구,240000000,248500000,209100000,295400000,0.8,ok
면적 없음,15956,관악구,420000000,393900000,331500000,468100000,0.86,ok
면적 없음,15957,관악구,450000000,513400000,432100000,610200000,0.85,ok
면적 없음,15961,관악구,670000000,530400000,391200000,719300000,0.62,ok
면적 없음,15963,관악구,565000000,598800000,503900000,711600000,0.85,ok
면적 없음,15964,관악구,508000000,508900000,407600000,635400000,0.72,ok
면적 없음,15968,관악구,299000000,291100000,244900000,345900000,0.84,ok
면적 없음,15969,관악구,900000000,963800000,772000000,1203400000,0.7,ok
면적 없음,15976,관악구,380000000,321100000,236800000,435400000,0.62,ok
면적 없음,15981,관악구,300000000,451900000,361900000,564200000,0.72,ok
면적 없음,15982,관악구,690000000,653300000,433100000,985500000,0.4,ok
면적 없음,15985,관악구,439000000,342400000,288100000,406900000,0.84,ok
면적 없음,15989,관악구,385000000,353100000,297100000,419600000,0.8,ok
면적 없음,15990,관악구,130000000,201400000,133500000,303900000,0.48,ok
면적 없음,15992,관악구,150000000,182100000,120700000,274700000,0.58,ok
면적 없음,15996,관악구,193000000,295500000,236700000,369000000,0.74,ok
면적 없음,15997,관악구,820000000,839800000,556700000,1266900000,0.58,ok
면적 없음,15998,관악구,920000000,961000000,637100000,1449700000,0.59,ok
면적 없음,16000,관악구,240000000,253500000,186900000,343800000,0.69,ok
면적 없음,16001,관악구,340000000,308800000,247300000,385600000,0.75,ok
면적 없음,16003,관악구,150000000,130300000,86400000,196600000,0.48,ok
면적 없음,16005,관악구,230000000,228900000,168800000,310400000,0.63,ok
면적 없음,16007,관악구,395000000,418800000,308800000,568000000,0.65,ok
면적 없음,16010,관악구,335000000,361800000,266800000,490700000,0.65,ok
면적 없음,16012,관악구,205000000,199200000,159500000,248700000,0.7,ok
면적 없음,16017,관악구,398000000,454900000,364300000,567900000,0.77,ok
면적 없음,16019,관악구,195000000,202700000,162400000,253100000,0.72,ok
면적 없음,16020,관악구,220000000,209800000,168000000,261900000,0.77,ok
면적 없음,16022,관악구,375000000,388700000,327100000,462000000,0.87,ok
면적 없음,16023,관악구,237000000,253100000,213000000,300800000,0.83,ok
면적 없음,16024,관악구,200000000,220200000,176400000,274900000,0.73,ok
면적 없음,16026,관악구,220000000,265200000,175800000,400000000,0.33,ok
면적 없음,16027,관악구,180000000,306400000,226000000,415600000,0.67,ok
면적 없음,16028,관악구,320000000,296900000,219000000,402700000,0.63,ok
면적 없음,16029,관악구,750000000,762800000,505700000,1150700000,0.51,ok
면적 없음,16030,관악구,155000000,187800000,124500000,283300000,0.46,ok
면적 없음,16031,관악구,280000000,344000000,253700000,466500000,0.65,ok
면적 없음,16036,관악구,425000000,386000000,284600000,523400000,0.62,ok
면적 없음,16037,관악구,375000000,383300000,307000000,478500000,0.71,ok
면적 없음,16039,관악구,340000000,343500000,289000000,408200000,0.85,ok
면적 없음,16040,관악구,290000000,284900000,239700000,338600000,0.82,ok
면적 없음,16041,관악구,248500000,299200000,239600000,373600000,0.76,ok
면적 없음,16042,관악구,270000000,270500000,227600000,321500000,0.85,ok
면적 없음,16044,관악구,305000000,305000000,224900000,413600000,0.61,ok
면적 없음,16046,관악구,270000000,368000000,309700000,437400000,0.83,ok
면적 없음,16047,관악구,339000000,366900000,270600000,497600000,0.7,ok
면적 없음,16048,관악구,345000000,346900000,291900000,412200000,0.86,ok
면적 없음,16051,관악구,410000000,454800000,382700000,540400000,0.86,ok
면적 없음,16052,관악구,382000000,375100000,276600000,508700000,0.63,ok
면적 없음,16054,관악구,195000000,234800000,173200000,318500000,0.67,ok
면적 없음,16055,관악구,390000000,366100000,293200000,457000000,0.71,ok
면적 없음,16061,관악구,295000000,282900000,238000000,336200000,0.84,ok
면적 없음,16064,관악구,355000000,363700000,306000000,432200000,0.83,ok
면적 없음,16069,관악구,250000000,226800000,150300000,342100000,0.36,ok
면적 없음,16071,관악구,310000000,305600000,225300000,414400000,0.67,ok
면적 없음,16077,관악구,185000000,197100000,130600000,297200000,0.49,ok
면적 없음,16078,관악구,328000000,368400000,271700000,499600000,0.64,ok
면적 없음,16079,관악구,340000000,370800000,297000000,463000000,0.73,ok
면적 없음,16080,관악구,380000000,315600000,252800000,394100000,0.77,ok
면적 없음,16083,관악구,425000000,490900000,362000000,665600000,0.61,ok
면적 없음,16085,관악구,200000000,218700000,175200000,273100000,0.72,ok
면적 없음,16086,관악구,395000000,330800000,244000000,448600000,0.65,ok
면적 없음,16087,관악구,160000000,202300000,149100000,274300000,0.64,ok
면적 없음,16093,관악구,295000000,314500000,208500000,474400000,0.6,ok
면적 없음,16094,관악구,450000000,502700000,402600000,627700000,0.78,ok
면적 없음,16107,관악구,250000000,226700000,167100000,307400000,0.6,ok
면적 없음,16108,관악구,635000000,564600000,374300000,851700000,0.46,ok
면적 없음,16109,관악구,80000000,209600000,154600000,284300000,0.6,ok
면적 없음,16110,관악구,308000000,279400000,223800000,348900000,0.73,ok
면적 없음,16111,관악구,410000000,357200000,286100000,445900000,0.73,ok
면적 없음,16112,관악구,240000000,275300000,203000000,373300000,0.66,ok
면적 없음,16114,관악구,300000000,260000000,191700000,352600000,0.63,ok
면적 없음,16115,관악구,160000000,245400000,181000000,332800000,0.67,ok
면적 없음,16116,관악구,220000000,229600000,152200000,346300000,0.59,ok
면적 없음,16117,관악구,234000000,244700000,205900000,290800000,0.83,ok
면적 없음,16118,관악구,234000000,244700000,205900000,290800000,0.83,ok
면적 없음,16121,관악구,400000000,345000000,276400000,430800000,0.74,ok
면적 없음,16122,관악구,315000000,323100000,271900000,384000000,0.85,ok
면적 없음,16123,관악구,315000000,323100000,271900000,384000000,0.85,ok
면적 없음,16128,관악구,137000000,344900000,276200000,430600000,0.78,ok
면적 없음,16129,관악구,335000000,317000000,266700000,376700000,0.84,ok
면적 없음,16130,관악구,120000000,183900000,121900000,277400000,0.46,ok
면적 없음,16131,관악구,175000000,184500000,122300000,278300000,0.59,ok
면적 없음,16133,관악구,213000000,267900000,214600000,334500000,0.76,ok
면적 없음,16134,관악구,263500000,249600000,199900000,311600000,0.71,ok
면적 없음,16136,관악구,232000000,277000000,221900000,345900000,0.73,ok
면적 없음,16137,관악구,470000000,532800000,392900000,722500000,0.69,ok
면적 없음,16138,관악구,455000000,438400000,351100000,547300000,0.72,ok
면적 없음,16141,관악구,273700000,409000000,301600000,554600000,0.68,ok
면적 없음,16144,관악구,630000000,495200000,328300000,747000000,0.56,ok
면적 없음,16146,관악구,248000000,286900000,211600000,389000000,0.69,ok
면적 없음,16149,관악구,313000000,322700000,258500000,403000000,0.8,ok
면적 없음,16151,관악구,198000000,190200000,140300000,257900000,0.69,ok
면적 없음,16152,관악구,250000000,318900000,235200000,432500000,0.63,ok
면적 없음,16153,관악구,395000000,404300000,340200000,480500000,0.81,ok
면적 없음,16154,관악구,350000000,333700000,280800000,396600000,0.82,ok
면적 없음,16155,관악구,435000000,403400000,339400000,479400000,0.83,ok
면적 없음,16156,관악구,760000000,495200000,328300000,747000000,0.56,ok
면적 없음,16157,관악구,985000000,971900000,778400000,1213500000,0.78,ok
면적 없음,16168,관악구,300000000,314800000,252100000,393000000,0.74,ok
면적 없음,16173,관악구,365000000,338600000,284900000,402400000,0.81,ok
면적 없음,16174,관악구,269000000,273800000,219300000,341900000,0.76,ok
면적 없음,16177,관악구,170000000,245400000,181000000,332800000,0.67,ok
면적 없음,16178,관악구,285000000,270200000,227400000,321100000,0.81,ok
면적 없음,16179,관악구,307000000,306400000,257900000,364200000,0.84,ok
면적 없음,16180,관악구,185000000,230800000,153000000,348200000,0.57,ok
면적 없음,16183,관악구,320000000,318800000,255300000,398000000,0.72,ok
면적 없음,16185,관악구,250000000,267900000,225400000,318300000,0.85,ok
면적 없음,16186,관악구,250000000,293500000,235100000,366500000,0.74,ok
면적 없음,16189,관악구,470000000,451100000,332600000,611700000,0.64,ok
면적 없음,16191,관악구,526000000,788400000,581400000,1069100000,0.61,ok
면적 없음,16192,관악구,860000000,859900000,634100000,1166100000,0.66,ok
면적 없음,16193,관악구,260000000,201400000,133500000,303900000,0.6,ok
면적 없음,16196,관악구,400000000,424500000,313000000,575700000,0.68,ok
면적 없음,16198,관악구,210000000,287000000,190300000,433000000,0.48,ok
면적 없음,16199,관악구,290000000,296900000,237800000,370700000,0.78,ok
면적 없음,16204,관악구,110000000,136700000,90600000,206200000,0.36,ok
면적 없음,16208,관악구,515000000,393700000,261000000,593800000,0.5,ok
면적 없음,16213,관악구,305000000,268500000,215000000,335200000,0.71,ok
면적 없음,16214,관악구,305000000,268500000,215000000,335200000,0.71,ok
면적 없음,16216,관악구,700000000,722800000,533000000,980200000,0.67,ok
면적 없음,16217,관악구,112000000,315800000,252900000,394300000,0.71,ok
면적 없음,16218,관악구,160000000,151700000,100500000,228800000,0.31,ok
면적 없음,16220,관악구,320000000,294500000,217200000,399400000,0.63,ok
면적 없음,16221,관악구,365000000,377400000,302300000,471200000,0.75,ok
면적 없음,16223,관악구,455000000,465900000,373100000,581600000,0.78,ok
면적 없음,16226,관악구,250000000,346100000,255200000,469300000,0.66,ok
면적 없음,16229,관악구,400000000,363400000,305800000,431900000,0.83,ok
면적 없음,16230,관악구,440000000,366900000,270500000,497500000,0.68,ok
면적 없음,16233,관악구,400000000,382200000,321600000,454200000,0.8,ok
면적 없음,16234,관악구,427000000,500300000,400700000,624600000,0.8,ok
면적 없음,16236,관악구,340000000,371700000,312700000,441700000,0.83,ok
면적 없음,16237,관악구,320000000,365000000,292400000,455800000,0.72,ok
면적 없음,16238,관악구,190000000,224800000,149000000,339000000,0.49,ok
면적 없음,16246,관악구,475000000,407600000,326400000,508900000,0.77,ok
면적 없음,16247,관악구,148000000,273800000,230400000,325400000,0.85,ok
면적 없음,16248,관악구,280000000,277300000,233400000,329600000,0.86,ok
면적 없음,16249,관악구,355000000,331800000,279200000,394300000,0.85,ok
면적 없음,16250,관악구,180000000,285500000,228700000,356500000,0.74,ok
면적 없음,16251,관악구,350000000,414100000,331600000,517000000,0.74,ok
면적 없음,16252,관악구,175000000,175100000,116100000,264100000,0.44,ok
면적 없음,16257,관악구,340000000,295800000,248900000,351600000,0.83,ok
면적 없음,16259,관악구,247000000,327800000,262500000,409200000,0.75,ok
면적 없음,16260,관악구,350000000,379600000,319400000,451100000,0.86,ok
면적 없음,16263,관악구,330000000,435000000,320800000,589900000,0.64,ok
면적 없음,16265,관악구,227000000,231200000,185100000,288600000,0.8,ok
면적 없음,16266,관악구,340000000,347400000,292300000,412800000,0.87,ok
면적 없음,16270,관악구,345000000,310500000,261200000,369000000,0.81,ok
면적 없음,16272,관악구,440000000,344100000,275600000,429600000,0.75,ok
면적 없음,16273,관악구,282000000,330500000,278100000,392800000,0.83,ok
면적 없음,16274,관악구,383000000,419900000,353300000,499000000,0.81,ok
면적 없음,16278,관악구,460000000,448000000,330400000,607600000,0.68,ok
면적 없음,16279,관악구,155000000,209600000,167800000,261600000,0.75,ok
면적 없음,16280,관악구,187000000,200800000,160800000,250700000,0.78,ok
면적 없음,16281,관악구,400000000,457800000,337600000,620800000,0.64,ok
면적 없음,16283,관악구,270000000,310100000,248400000,387200000,0.76,ok
면적 없음,16286,관악구,285000000,305100000,202300000,460200000,0.58,ok
면적 없음,16287,관악구,598000000,609500000,512800000,724300000,0.88,ok
면적 없음,16290,관악구,215000000,285600000,210600000,387300000,0.68,ok
면적 없음,16292,관악구,190000000,336400000,248100000,456200000,0.69,ok
면적 없음,16296,관악구,410000000,418400000,335100000,522400000,0.73,ok
면적 없음,16298,관악구,140000000,166900000,133700000,208400000,0.75,ok
면적 없음,16300,관악구,215000000,255000000,204300000,318400000,0.73,ok
면적 없음,16303,관악구,275000000,297000000,237800000,370800000,0.71,ok
면적 없음,16305,관악구,130000000,138600000,91900000,209000000,0.42,ok
면적 없음,16306,관악구,368000000,384700000,308100000,480300000,0.7,ok
면적 없음,16307,관악구,225000000,252200000,167200000,380500000,0.41,ok
면적 없음,16315,관악구,323000000,325300000,239900000,441200000,0.69,ok
면적 없음,16318,관악구,370000000,369500000,310900000,439100000,0.8,ok
면적 없음,16319,관악구,420000000,397100000,292900000,538600000,0.64,ok
면적 없음,16329,관악구,240000000,246900000,207800000,293400000,0.84,ok
면적 없음,16330,관악구,290000000,347600000,278400000,434000000,0.73,ok
면적 없음,16331,관악구,249000000,307900000,259100000,366000000,0.86,ok
면적 없음,16332,관악구,455000000,569200000,479000000,676500000,0.83,ok
면적 없음,16333,관악구,280000000,289400000,243500000,343900000,0.85,ok
면적 없음,16341,관악구,230000000,236100000,198600000,280500000,0.8,ok
면적 없음,16342,관악구,215000000,242200000,203800000,287800000,0.88,ok
면적 없음,16345,관악구,237000000,274200000,219600000,342400000,0.73,ok
면적 없음,16350,관악구,188000000,167000000,140500000,198500000,0.81,ok
면적 없음,16352,관악구,530000000,508500000,375000000,689600000,0.63,ok
면적 없음,16354,관악구,203000000,230000000,184200000,287100000,0.74,ok
면적 없음,16356,관악구,253000000,243400000,194900000,303900000,0.73,ok
면적 없음,16357,관악구,300000000,327100000,261900000,408400000,0.77,ok
면적 없음,16358,관악구,200000000,275800000,220900000,344300000,0.75,ok
면적 없음,16359,관악구,262000000,355400000,262100000,482000000,0.64,ok
면적 없음,16360,관악구,155000000,207600000,137600000,313200000,0.51,ok
면적 없음,16363,관악구,300000000,315800000,232900000,428200000,0.67,ok
면적 없음,16364,관악구,243000000,256000000,188800000,347200000,0.67,ok
면적 없음,16366,관악구,715000000,513300000,340300000,774300000,0.48,ok
면적 없음,16372,관악구,247000000,287500000,212000000,389900000,0.68,ok
면적 없음,16374,관악구,203000000,255800000,188700000,346900000,0.7,ok
면적 없음,16375,관악구,500000000,497900000,367100000,675200000,0.68,ok
면적 없음,16376,관악구,200000000,210000000,168200000,262300000,0.76,ok
면적 없음,16387,관악구,345000000,431900000,345900000,539300000,0.79,ok
면적 없음,16388,관악구,208000000,247000000,207800000,293500000,0.85,ok
면적 없음,16389,관악구,378000000,344900000,254300000,467700000,0.69,ok
면적 없음,16392,관악구,330000000,289800000,243800000,344300000,0.81,ok
면적 없음,16393,관악구,310000000,314500000,251900000,392700000,0.76,ok
면적 없음,16396,관악구,380000000,368300000,295000000,459900000,0.79,ok
면적 없음,16397,관악구,740000000,710600000,524000000,963700000,0.62,ok
면적 없음,16400,관악구,259000000,256000000,205000000,319600000,0.71,ok
면적 없음,16401,관악구,140000000,160000000,106100000,241400000,0.43,ok
면적 없음,16402,관악구,540000000,499000000,399700000,623000000,0.79,ok
면적 없음,16405,관악구,360000000,321800000,270800000,382400000,0.82,ok
면적 없음,16406,관악구,380000000,402800000,297000000,546200000,0.7,ok
면적 없음,16409,관악구,420000000,351300000,281400000,438600000,0.74,ok
면적 없음,16410,관악구,350000000,243100000,179300000,329700000,0.62,ok
면적 없음,16413,관악구,710000000,713500000,526200000,967600000,0.63,ok
면적 없음,16415,관악구,335000000,360600000,265900000,489000000,0.69,ok
면적 없음,16417,관악구,292000000,258500000,207100000,322800000,0.77,ok
면적 없음,16422,관악구,190000000,239800000,192100000,299400000,0.72,ok
면적 없음,16424,관악구,200000000,201100000,148300000,272700000,0.66,ok
면적 없음,16425,관악구,475000000,374600000,315200000,445200000,0.82,ok
면적 없음,16429,관악구,350000000,337700000,249000000,458000000,0.7,ok
면적 없음,16434,관악구,202000000,201100000,148300000,272700000,0.66,ok
면적 없음,16438,관악구,628000000,460500000,305200000,694600000,0.44,ok
면적 없음,16441,관악구,395000000,336100000,247800000,455800000,0.67,ok
면적 없음,16443,관악구,285000000,298000000,250700000,354100000,0.81,ok
면적 없음,16445,관악구,225000000,244100000,205400000,290100000,0.84,ok
면적 없음,16450,관악구,183000000,253900000,203400000,317100000,0.75,ok
면적 없음,16451,관악구,305000000,323100000,271900000,384000000,0.85,ok
면적 없음,16453,관악구,226000000,246600000,197500000,307900000,0.71,ok
면적 없음,16454,관악구,349000000,369300000,272300000,500800000,0.68,ok
면적 없음,16456,관악구,345000000,337700000,249000000,458000000,0.7,ok
면적 없음,16459,관악구,463000000,416000000,333200000,519400000,0.78,ok
면적 없음,16461,관악구,445000000,445700000,328600000,604400000,0.64,ok
면적 없음,16463,관악구,297000000,332200000,279600000,394800000,0.86,ok
면적 없음,16465,관악구,372000000,355600000,262300000,482300000,0.63,ok
면적 없음,16467,관악구,338000000,365500000,269500000,495600000,0.63,ok
면적 없음,16468,관악구,390000000,387500000,285800000,525500000,0.63,ok
면적 없음,16469,관악구,247000000,264300000,211700000,330000000,0.76,ok
면적 없음,16475,관악구,470000000,498700000,399400000,622700000,0.72,ok
면적 없음,16476,관악구,400000000,415000000,349200000,493200000,0.85,ok
면적 없음,16479,관악구,310000000,333800000,280900000,396700000,0.81,ok
면적 없음,16480,관악구,240000000,289200000,213300000,392200000,0.7,ok
면적 없음,16483,관악구,298000000,243800000,179800000,330600000,0.68,ok
면적 없음,16485,관악구,330000000,340700000,272900000,425400000,0.78,ok
면적 없음,16488,관악구,315000000,320500000,256700000,400100000,0.76,ok
면적 없음,16492,관악구,600000000,640300000,538800000,761000000,0.86,ok
면적 없음,16494,관악구,290000000,355000000,261800000,481500000,0.6,ok
면적 없음,16498,관악구,375000000,345200000,290500000,410300000,0.81,ok
면적 없음,16500,관악구,377000000,344900000,276200000,430600000,0.72,ok
면적 없음,16501,관악구,370000000,368300000,271600000,499500000,0.65,ok
면적 없음,16502,관악구,140000000,160600000,118500000,217800000,0.67,ok
면적 없음,16503,관악구,400000000,291700000,233600000,364200000,0.77,ok
면적 없음,16504,관악구,770000000,669300000,443700000,1009600000,0.59,ok
면적 없음,16505,관악구,785000000,762800000,505700000,1150700000,0.51,ok
면적 없음,16506,관악구,305000000,337900000,270600000,421900000,0.77,ok
면적 없음,16507,관악구,439000000,299700000,198700000,452200000,0.51,ok
면적 없음,16508,관악구,250000000,286700000,211400000,388800000,0.7,ok
면적 없음,16509,관악구,205500000,218400000,161100000,296200000,0.68,ok
면적 없음,16510,관악구,250000000,249100000,183700000,337700000,0.63,ok
면적 없음,16513,관악구,376000000,509300000,428600000,605300000,0.82,ok
면적 없음,16516,관악구,410000000,453600000,381700000,539000000,0.9,ok
면적 없음,16517,관악구,315000000,312100000,250000000,389700000,0.73,ok
면적 없음,16521,관악구,260000000,456700000,302800000,689000000,0.6,ok
면적 없음,16522,관악구,335000000,297100000,219100000,402800000,0.63,ok
면적 없음,16524,관악구,240000000,286700000,229700000,358000000,0.78,ok
면적 없음,16527,관악구,278000000,276900000,204200000,375600000,0.7,ok
면적 없음,16528,관악구,299000000,366800000,293700000,457900000,0.76,ok
면적 없음,16530,관악구,340000000,368500000,310100000,437900000,0.81,ok
면적 없음,16533,관악구,204500000,254700000,187800000,345400000,0.63,ok
면적 없음,16534,관악구,465000000,504400000,404000000,629800000,0.72,ok
면적 없음,16535,관악구,190000000,157600000,104500000,237800000,0.49,ok
면적 없음,16536,관악구,200000000,337300000,270200000,421200000,0.73,ok
면적 없음,16539,관악구,162000000,154000000,102100000,232300000,0.49,ok
면적 없음,16540,관악구,300000000,346200000,291300000,411500000,0.83,ok
면적 없음,16541,관악구,378000000,377400000,302300000,471200000,0.71,ok
면적 없음,16542,관악구,220000000,356000000,236000000,537000000,0.57,ok
면적 없음,16544,관악구,182500000,196600000,157500000,245500000,0.75,ok
면적 없음,16546,관악구,232000000,297500000,238300000,371400000,0.79,ok
면적 없음,16547,관악구,375000000,424700000,357400000,504700000,0.83,ok
면적 없음,16550,관악구,670000000,589300000,390600000,888900000,0.56,ok
면적 없음,16552,관악구,410000000,430700000,345000000,537800000,0.8,ok
면적 없음,16555,관악구,200000000,330100000,243400000,447600000,0.69,ok
면적 없음,16556,관악구,550000000,709400000,523100000,962000000,0.67,ok
면적 없음,16557,관악구,530000000,729600000,538000000,989400000,0.66,ok
면적 없음,16558,관악구,290000000,341400000,273400000,426300000,0.76,ok
면적 없음,16559,관악구,360000000,368700000,295300000,460400000,0.73,ok
면적 없음,16566,관악구,465000000,392800000,289600000,532700000,0.6,ok
면적 없음,16567,관악구,905000000,947500000,628100000,1429200000,0.6,ok
면적 없음,16569,관악구,180000000,263200000,194100000,357000000,0.65,ok
면적 없음,16573,관악구,275000000,369500000,310900000,439100000,0.8,ok
면적 없음,16574,관악구,340000000,360100000,303000000,427900000,0.89,ok
면적 없음,16575,관악구,480000000,512400000,431200000,608900000,0.87,ok
면적 없음,16577,관악구,180000000,210000000,154800000,284700000,0.62,ok
면적 없음,16579,관악구,150000000,195500000,129600000,294900000,0.47,ok
면적 없음,16580,관악구,280000000,250500000,210800000,297700000,0.83,ok
면적 없음,16583,관악구,300000000,406100000,341700000,482600000,0.83,ok
면적 없음,16584,관악구,215000000,244100000,205400000,290100000,0.84,ok
면적 없음,16585,관악구,290000000,286500000,241100000,340400000,0.82,ok
면적 없음,16586,관악구,380000000,366100000,293200000,457000000,0.71,ok
면적 없음,16589,관악구,345000000,338400000,271000000,422500000,0.78,ok
면적 없음,16591,관악구,370000000,341500000,287400000,405900000,0.82,ok
면적 없음,16593,관악구,285000000,316500000,266300000,376100000,0.82,ok
면적 없음,16594,관악구,160000000,218800000,184100000,260000000,0.82,ok
면적 없음,16599,관악구,365000000,398600000,294000000,540600000,0.7,ok
면적 없음,16602,관악구,500000000,403900000,297800000,547700000,0.61,ok
면적 없음,16603,관악구,290000000,319200000,268600000,379300000,0.85,ok
면적 없음,16607,관악구,300000000,362700000,267500000,491900000,0.69,ok
면적 없음,16613,관악구,435000000,468200000,394000000,556400000,0.81,ok
면적 없음,16614,관악구,219000000,294100000,216900000,398900000,0.69,ok
면적 없음,16616,관악구,320000000,309900000,248200000,386900000,0.7,ok
면적 없음,16625,관악구,350000000,433900000,347500000,541800000,0.77,ok
면적 없음,16627,관악구,190000000,241700000,178300000,327800000,0.62,ok
면적 없음,16629,관악구,380000000,372000000,297900000,464500000,0.7,ok
면적 없음,16633,관악구,450000000,379900000,304200000,474300000,0.76,ok
면적 없음,16637,관악구,455000000,458000000,385400000,544300000,0.8,ok
면적 없음,16638,관악구,280000000,278400000,223000000,347700000,0.75,ok
면적 없음,16640,관악구,300000000,311100000,249200000,388500000,0.74,ok
면적 없음,16642,관악구,280000000,279500000,235200000,332200000,0.89,ok
면적 없음,16644,관악구,250000000,261800000,220300000,311100000,0.82,ok
면적 없음,16645,관악구,370000000,348300000,293100000,413900000,0.83,ok
면적 없음,16647,관악구,180000000,239000000,158400000,360500000,0.25,ok
면적 없음,16648,관악구,460000000,454500000,382500000,540200000,0.85,ok
면적 없음,16649,관악구,390000000,455500000,335900000,617700000,0.64,ok
면적 없음,16650,관악구,462000000,375100000,276600000,508700000,0.63,ok
면적 없음,16651,관악구,162000000,316800000,233600000,429600000,0.6,ok
면적 없음,16652,관악구,325000000,286900000,190200000,432800000,0.53,ok
면적 없음,16653,관악구,330000000,312700000,263100000,371600000,0.85,ok
면적 없음,16654,관악구,435000000,372900000,275000000,505700000,0.68,ok
면적 없음,16656,관악구,343200000,439000000,323700000,595300000,0.65,ok
면적 없음,16659,관악구,297000000,210700000,155400000,285700000,0.62,ok
면적 없음,16660,관악구,290000000,337300000,270100000,421100000,0.7,ok
면적 없음,16662,관악구,285000000,287900000,190900000,434300000,0.48,ok
면적 없음,16663,관악구,425000000,420300000,353700000,499500000,0.82,ok
면적 없음,16665,관악구,210000000,285400000,228600000,356400000,0.74,ok
면적 없음,16666,관악구,350000000,347600000,256400000,471400000,0.69,ok
면적 없음,16667,관악구,379000000,421300000,354500000,500600000,0.81,ok
면적 없음,16668,관악구,810000000,860200000,634300000,1166500000,0.67,ok
면적 없음,16669,관악구,198000000,220400000,162600000,298900000,0.63,ok
면적 없음,16671,관악구,300000000,321300000,270300000,381800000,0.87,ok
면적 없음,16672,관악구,127000000,145200000,96300000,219100000,0.42,ok
면적 없음,16674,관악구,352000000,330200000,277900000,392400000,0.82,ok
면적 없음,16675,관악구,258000000,316300000,253400000,395000000,0.7,ok
면적 없음,16681,관악구,350000000,349400000,257600000,473800000,0.64,ok
면적 없음,16682,관악구,429000000,347500000,256300000,471300000,0.63,ok
면적 없음,16683,관악구,338000000,336900000,283500000,400400000,0.81,ok
면적 없음,16685,관악구,730000000,631600000,531500000,750600000,0.81,ok
면적 없음,16686,관악구,350000000,350800000,281000000,438000000,0.8,ok
면적 없음,16688,관악구,310000000,326100000,261200000,407200000,0.79,ok
면적 없음,16689,관악구,288000000,273600000,201800000,371100000,0.68,ok
면적 없음,16701,관악구,685000000,655000000,551200000,778400000,0.84,ok
면적 없음,16705,관악구,480000000,447400000,296600000,674800000,0.59,ok
면적 없음,16706,관악구,500000000,473700000,314000000,714500000,0.57,ok
면적 없음,16710,관악구,350000000,278500000,205300000,377600000,0.62,ok
면적 없음,16718,관악구,670000000,664500000,490000000,901200000,0.66,ok
면적 없음,16719,관악구,389000000,340900000,286900000,405100000,0.81,ok
면적 없음,16721,관악구,388000000,379400000,303900000,473700000,0.77,ok
면적 없음,16723,관악구,307000000,304000000,243500000,379600000,0.8,ok
면적 없음,16724,관악구,348000000,268900000,178200000,405600000,0.38,ok
면적 없음,16725,관악구,463500000,552500000,407400000,749300000,0.64,ok
면적 없음,16726,관악구,471500000,552500000,407400000,749300000,0.64,ok
면적 없음,16727,관악구,488500000,552500000,407400000,749300000,0.64,ok
면적 없음,16728,관악구,471500000,548900000,404800000,744400000,0.64,ok
면적 없음,16729,관악구,479000000,548900000,404800000,744400000,0.64,ok
면적 없음,16730,관악구,496000000,548900000,404800000,744400000,0.64,ok
면적 없음,16731,관악구,503500000,566500000,417800000,768200000,0.65,ok
면적 없음,16732,관악구,547500000,566500000,417800000,768200000,0.65,ok
면적 없음,16733,관악구,501000000,588900000,434200000,798600000,0.65,ok
면적 없음,16734,관악구,506500000,588900000,434200000,798600000,0.65,ok
면적 없음,16737,관악구,419000000,433100000,346900000,540700000,0.8,ok
면적 없음,16738,관악구,691000000,333300000,220900000,502700000,0.41,ok
면적 없음,16739,관악구,820000000,729600000,538000000,989400000,0.66,ok
면적 없음,16743,관악구,255000000,256100000,215500000,304300000,0.8,ok
면적 없음,16744,관악구,230000000,296700000,237600000,370400000,0.73,ok
면적 없음,16746,관악구,115000000,300000000,240300000,374600000,0.76,ok
면적 없음,16748,관악구,385000000,377400000,302300000,471200000,0.71,ok
면적 없음,16749,관악구,167000000,168600000,124400000,228700000,0.69,ok
면적 없음,16750,관악구,800000000,693000000,459400000,1045400000,0.54,ok
면적 없음,16751,관악구,570000000,456700000,302800000,689000000,0.6,ok
면적 없음,16755,관악구,257000000,227300000,167600000,308200000,0.63,ok
면적 없음,16756,관악구,185000000,166900000,133700000,208400000,0.75,ok
면적 없음,16757,관악구,170000000,182000000,120700000,274600000,0.37,ok
면적 없음,16758,관악구,210000000,189800000,152000000,237000000,0.75,ok
면적 없음,16759,관악구,395000000,361200000,266400000,489900000,0.63,ok
면적 없음,16761,관악구,320000000,324700000,215200000,489800000,0.56,ok
면적 없음,16762,관악구,460000000,486000000,408900000,577500000,0.83,ok
면적 없음,16763,관악구,170000000,206900000,165700000,258300000,0.76,ok
면적 없음,16766,관악구,120000000,157800000,104600000,238000000,0.38,ok
면적 없음,16769,관악구,599500000,580800000,465200000,725200000,0.7,ok
면적 없음,16773,관악구,121000000,242100000,160500000,365300000,0.3,ok
면적 없음,16775,관악구,260000000,294500000,247800000,350000000,0.8,ok
면적 없음,16777,관악구,580000000,624600000,460600000,847000000,0.68,ok
면적 없음,16778,관악구,665000000,821000000,605400000,1113300000,0.61,ok
면적 없음,16783,관악구,280000000,259800000,172200000,391900000,0.54,ok
면적 없음,16784,관악구,364500000,354900000,284300000,443100000,0.77,ok
면적 없음,16787,관악구,235000000,219300000,161700000,297400000,0.68,ok
면적 없음,16788,관악구,535000000,412100000,346700000,489700000,0.85,ok
면적 없음,16789,관악구,430000000,509300000,428600000,605300000,0.82,ok
면적 없음,16792,관악구,350000000,404700000,340600000,481000000,0.8,ok
면적 없음,16793,관악구,243000000,246000000,197000000,307200000,0.78,ok
면적 없음,16796,관악구,320000000,335500000,268700000,418900000,0.8,ok
면적 없음,16806,관악구,370000000,326900000,241100000,443300000,0.63,ok
면적 없음,16807,관악구,880000000,810500000,649200000,1012000000,0.78,ok
면적 없음,16808,관악구,100000000,179700000,119100000,271000000,0.34,ok
면적 없음,16809,관악구,390000000,425000000,313400000,576300000,0.69,ok
면적 없음,16810,관악구,330000000,258300000,190500000,350300000,0.7,ok
면적 없음,16813,관악구,353000000,408200000,326900000,509600000,0.79,ok
면적 없음,16816,관악구,185000000,292600000,215800000,396800000,0.66,ok
면적 없음,16817,관악구,325000000,306800000,245800000,383100000,0.76,ok
면적 없음,16818,관악구,295000000,296100000,218300000,401500000,0.61,ok
면적 없음,16819,관악구,350000000,406200000,325300000,507100000,0.77,ok
면적 없음,16820,관악구,390000000,296200000,218500000,401700000,0.63,ok
면적 없음,16822,관악구,185000000,206900000,165700000,258400000,0.72,ok
면적 없음,16824,관악구,300000000,421900000,337900000,526800000,0.73,ok
면적 없음,16827,관악구,850000000,799100000,589300000,1083600000,0.63,ok
면적 없음,16828,관악구,180000000,229400000,152100000,346100000,0.5,ok
면적 없음,16829,관악구,430000000,386000000,309100000,481900000,0.78,ok
면적 없음,16830,관악구,430000000,386000000,309100000,481900000,0.78,ok
면적 없음,16835,관악구,235000000,276000000,221000000,344600000,0.75,ok
면적 없음,16837,관악구,230000000,241000000,193000000,300900000,0.73,ok
면적 없음,16838,관악구,385000000,368400000,295000000,460000000,0.72,ok
면적 없음,16840,관악구,300000000,279000000,185000000,420900000,0.56,ok
면적 없음,16841,관악구,380000000,274300000,181800000,413800000,0.56,ok
면적 없음,16842,관악구,580000000,624600000,460600000,847000000,0.68,ok
면적 없음,16844,관악구,250000000,291800000,215200000,395700000,0.7,ok
면적 없음,16846,관악구,280000000,259800000,172200000,391900000,0.54,ok
면적 없음,16849,관악구,299000000,208400000,138200000,314400000,0.36,ok
면적 없음,16851,관악구,160000000,232600000,186300000,290500000,0.76,ok
면적 없음,16852,관악구,805000000,839800000,556700000,1266900000,0.58,ok
면적 없음,16853,관악구,480000000,517700000,381700000,702000000,0.64,ok
면적 없음,16855,관악구,255000000,276900000,204200000,375600000,0.7,ok
면적 없음,16856,관악구,185000000,201300000,161200000,251300000,0.72,ok
면적 없음,16857,관악구,300000000,368400000,271700000,499600000,0.64,ok
면적 없음,16860,관악구,340000000,336300000,269300000,419900000,0.7,ok
면적 없음,16861,관악구,215000000,319900000,269100000,380100000,0.83,ok
면적 없음,16864,관악구,283000000,276900000,204200000,375600000,0.7,ok
면적 없음,16865,관악구,905000000,605500000,401400000,913400000,0.52,ok
면적 없음,16871,관악구,320000000,296200000,237300000,369900000,0.72,ok
면적 없음,16874,관악구,850000000,789600000,632400000,985900000,0.8,ok
면적 없음,16876,관악구,160000000,225700000,149600000,340400000,0.51,ok
면적 없음,16877,관악구,245000000,237500000,157400000,358300000,0.48,ok
면적 없음,16884,관악구,250000000,263500000,211100000,329100000,0.72,ok
면적 없음,16889,관악구,255000000,215800000,159100000,292600000,0.62,ok
면적 없음,16890,관악구,280000000,283000000,208700000,383800000,0.62,ok
면적 없음,16892,관악구,377000000,383300000,307000000,478500000,0.71,ok
면적 없음,16895,관악구,380000000,440900000,325100000,597900000,0.62,ok
면적 없음,16898,관악구,260000000,292700000,234400000,365400000,0.72,ok
면적 없음,16899,관악구,300000000,364600000,306800000,433300000,0.82,ok
면적 없음,16903,관악구,305000000,295300000,217800000,400500000,0.67,ok
면적 없음,16905,관악구,420000000,406600000,342200000,483200000,0.84,ok
면적 없음,16909,관악구,165000000,191000000,140800000,258900000,0.61,ok
면적 없음,16910,관악구,267000000,317100000,253900000,395900000,0.79,ok
면적 없음,16916,관악구,350000000,340100000,272400000,424600000,0.78,ok
면적 없음,16917,관악구,255000000,242500000,160700000,365700000,0.32,ok
면적 없음,16920,관악구,170000000,286500000,211200000,388500000,0.68,ok
면적 없음,16921,관악구,300000000,360500000,303400000,428400000,0.81,ok
면적 없음,16925,관악구,720000000,653300000,433100000,985500000,0.4,ok
면적 없음,16926,관악구,360000000,314900000,252200000,393200000,0.7,ok
면적 없음,16928,관악구,320000000,316800000,266600000,376500000,0.84,ok
면적 없음,16930,관악구,368000000,407400000,300400000,552500000,0.7,ok
면적 없음,16931,관악구,450000000,483200000,387000000,603300000,0.76,ok
면적 없음,16933,관악구,315000000,332700000,266500000,415400000,0.77,ok
면적 없음,16935,관악구,197000000,190500000,152600000,237800000,0.73,ok
면적 없음,16937,관악구,410000000,379300000,319200000,450800000,0.85,ok
면적 없음,16939,관악구,230000000,328300000,263000000,410000000,0.71,ok
면적 없음,16940,관악구,250000000,343500000,289000000,408200000,0.8,ok
면적 없음,16941,관악구,283000000,240200000,202100000,285400000,0.85,ok
면적 없음,16942,관악구,245000000,240000000,159100000,362100000,0.55,ok
면적 없음,16943,관악구,265000000,259300000,207600000,323700000,0.79,ok
면적 없음,16944,관악구,190000000,198500000,131600000,299400000,0.39,ok
면적 없음,16945,관악구,485000000,405800000,299200000,550300000,0.66,ok
면적 없음,16948,관악구,630000000,608000000,511700000,722600000,0.83,ok
면적 없음,16950,관악구,238000000,278800000,205600000,378100000,0.69,ok
면적 없음,16951,관악구,470000000,426300000,314300000,578100000,0.67,ok
면적 없음,16953,관악구,230000000,244500000,180300000,331500000,0.68,ok
면적 없음,16954,관악구,510000000,478800000,383500000,597900000,0.72,ok
면적 없음,16957,관악구,220000000,293900000,194800000,443300000,0.52,ok
면적 없음,16960,관악구,185000000,189600000,125700000,286000000,0.56,ok
면적 없음,16962,관악구,230000000,163600000,120600000,221800000,0.63,ok
면적 없음,16963,관악구,530000000,407200000,270000000,614300000,0.59,ok
면적 없음,16965,관악구,275000000,247100000,182200000,335000000,0.67,ok
면적 없음,16966,관악구,320000000,240000000,159100000,362000000,0.46,ok
면적 없음,16967,관악구,298000000,444800000,328000000,603100000,0.68,ok
면적 없음,16970,관악구,260000000,387100000,310000000,483300000,0.73,ok
면적 없음,16972,관악구,235000000,267300000,214100000,333700000,0.7,ok
면적 없음,16973,관악구,325000000,321100000,257200000,400900000,0.75,ok
면적 없음,16974,관악구,375000000,345300000,276600000,431200000,0.72,ok
면적 없음,16976,관악구,445000000,392500000,314400000,490100000,0.72,ok
면적 없음,16978,관악구,260000000,285200000,210300000,386800000,0.66,ok
면적 없음,16979,관악구,180000000,166900000,133700000,208400000,0.75,ok
면적 없음,16980,관악구,310000000,280700000,186100000,423400000,0.41,ok
면적 없음,16981,관악구,265000000,321300000,236900000,435700000,0.68,ok
면적 없음,16982,관악구,193000000,228400000,182900000,285200000,0.73,ok
면적 없음,16984,관악구,445000000,545600000,402300000,739900000,0.62,ok
면적 없음,16985,관악구,240000000,238100000,190700000,297300000,0.7,ok
면적 없음,16986,관악구,240000000,215400000,142800000,324900000,0.36,ok
면적 없음,16987,관악구,760000000,794900000,668900000,944600000,0.81,ok
면적 없음,16991,관악구,185000000,243800000,161600000,367800000,0.32,ok
면적 없음,16992,관악구,295000000,396500000,317500000,495000000,0.76,ok
면적 없음,16995,관악구,280000000,314500000,251900000,392700000,0.79,ok
면적 없음,16996,관악구,300000000,261200000,209200000,326100000,0.77,ok
면적 없음,16998,관악구,450000000,412800000,304400000,559800000,0.69,ok
면적 없음,16999,관악구,145000000,216600000,159700000,293700000,0.61,ok
면적 없음,17000,관악구,329000000,444800000,328000000,603100000,0.68,ok
면적 없음,17004,관악구,240000000,280900000,224900000,350700000,0.72,ok
면적 없음,17008,관악구,507500000,498400000,399200000,622300000,0.72,ok
면적 없음,17009,관악구,360000000,335700000,268900000,419100000,0.77,ok
면적 없음,17010,관악구,353000000,407400000,300400000,552500000,0.7,ok
면적 없음,17012,관악구,395000000,352600000,296700000,419000000,0.83,ok
면적 없음,17013,관악구,270000000,277500000,222200000,346400000,0.71,ok
면적 없음,17015,관악구,509000000,418300000,308400000,567200000,0.69,ok
면적 없음,17016,관악구,173000000,284500000,188600000,429200000,0.37,ok
면적 없음,17017,관악구,287000000,365400000,292700000,456300000,0.75,ok
면적 없음,17018,관악구,328000000,281400000,225300000,351300000,0.79,ok
면적 없음,17020,관악구,100000000,191700000,127100000,289200000,0.47,ok
면적 없음,17024,관악구,345000000,343700000,289200000,408400000,0.82,ok
면적 없음,17025,관악구,320000000,349000000,231400000,526400000,0.57,ok
면적 없음,17028,관악구,195000000,171200000,137200000,213800000,0.74,ok
면적 없음,17029,관악구,300000000,293900000,235400000,366900000,0.8,ok
면적 없음,17031,관악구,264500000,274500000,219800000,342700000,0.77,ok
면적 없음,17034,관악구,435000000,504600000,372100000,684200000,0.68,ok
면적 없음,17037,관악구,226000000,244100000,205400000,290100000,0.84,ok
면적 없음,17039,관악구,330000000,339100000,271600000,423300000,0.75,ok
면적 없음,17051,관악구,237000000,227600000,167900000,308700000,0.63,ok
면적 없음,17054,관악구,820000000,696800000,461900000,1051000000,0.43,ok
면적 없음,17057,관악구,294000000,263400000,221600000,313000000,0.81,ok
면적 없음,17060,관악구,192000000,205300000,136100000,309700000,0.54,ok
면적 없음,17063,관악구,360000000,344600000,276000000,430300000,0.72,ok
면적 없음,17064,관악구,170000000,164000000,108700000,247400000,0.37,ok
면적 없음,17068,관악구,300000000,334300000,246500000,453300000,0.63,ok
면적 없음,17069,관악구,125000000,182500000,121000000,275300000,0.39,ok
면적 없음,17070,관악구,158000000,151700000,100500000,228800000,0.31,ok
면적 없음,17071,관악구,300000000,292900000,246500000,348100000,0.84,ok
면적 없음,17072,관악구,370000000,392300000,289300000,531900000,0.68,ok
면적 없음,17074,관악구,250000000,258400000,190500000,350400000,0.64,ok
면적 없음,17075,관악구,175000000,237300000,175000000,321800000,0.62,ok
면적 없음,17081,관악구,195000000,237000000,174800000,321400000,0.64,ok
면적 없음,17101,관악구,530000000,335200000,247200000,454600000,0.68,ok
면적 없음,17114,관악구,265000000,233700000,187200000,291800000,0.78,ok
면적 없음,17116,관악구,130000000,129600000,85900000,195600000,0.49,ok
면적 없음,17118,관악구,380000000,400300000,320600000,499800000,0.8,ok
면적 없음,17119,관악구,410000000,381800000,305800000,476700000,0.72,ok
면적 없음,17120,관악구,360000000,350500000,280800000,437700000,0.73,ok
면적 없음,17121,관악구,350000000,297300000,238100000,371200000,0.79,ok
면적 없음,17129,관악구,325000000,332200000,244900000,450400000,0.62,ok
면적 없음,17130,관악구,585000000,380500000,252300000,574000000,0.48,ok
면적 없음,17131,관악구,395000000,399600000,336300000,474900000,0.83,ok
면적 없음,17132,관악구,275000000,282600000,187300000,426300000,0.54,ok
면적 없음,17134,관악구,295000000,221800000,177700000,277000000,0.73,ok
면적 없음,17135,관악구,280000000,291100000,193000000,439200000,0.51,ok
면적 없음,17136,관악구,750000000,796900000,670600000,947100000,0.81,ok
면적 없음,17138,관악구,405000000,408400000,327100000,510000000,0.76,ok
면적 없음,17141,관악구,343000000,323200000,214300000,487600000,0.59,ok
면적 없음,17142,관악구,324000000,395700000,291800000,536500000,0.69,ok
면적 없음,17143,관악구,690000000,817200000,602600000,1108200000,0.69,ok
면적 없음,17146,관악구,290000000,301400000,199800000,454600000,0.59,ok
면적 없음,17148,관악구,147000000,133000000,88100000,200600000,0.41,ok
면적 없음,17150,관악구,298000000,306700000,245700000,383000000,0.72,ok
면적 없음,17151,관악구,635000000,552200000,442300000,689500000,0.77,ok
면적 없음,17152,관악구,398500000,352300000,259800000,477800000,0.62,ok
면적 없음,17154,관악구,397000000,393300000,315000000,491000000,0.77,ok
면적 없음,17155,관악구,360000000,264600000,195100000,358800000,0.62,ok
면적 없음,17157,관악구,230000000,224800000,180100000,280700000,0.77,ok
면적 없음,17158,관악구,180000000,146400000,97100000,220900000,0.34,ok
면적 없음,17160,관악구,348000000,368000000,271400000,499100000,0.68,ok
면적 없음,17169,관악구,232000000,255000000,169100000,384700000,0.51,ok
면적 없음,17171,관악구,378000000,326000000,261100000,407000000,0.75,ok
면적 없음,17172,관악구,250000000,276600000,221600000,345400000,0.78,ok
면적 없음,17175,관악구,400000000,418600000,352300000,497500000,0.87,ok
면적 없음,17176,관악구,230000000,248600000,164800000,375000000,0.33,ok
면적 없음,17177,관악구,228000000,240000000,159100000,362100000,0.55,ok
면적 없음,17180,관악구,215000000,244100000,205400000,290100000,0.84,ok
면적 없음,17182,관악구,470000000,370400000,311700000,440100000,0.83,ok
면적 없음,17183,관악구,580000000,592300000,498400000,703900000,0.86,ok
면적 없음,17185,관악구,300000000,325300000,260600000,406200000,0.75,ok
면적 없음,17189,관악구,365000000,351400000,281400000,438700000,0.71,ok
면적 없음,17191,관악구,365000000,355800000,299400000,422900000,0.85,ok
면적 없음,17192,관악구,230000000,232900000,186600000,290800000,0.71,ok
면적 없음,17198,관악구,282000000,321400000,237000000,435800000,0.64,ok
면적 없음,17199,관악구,428000000,402000000,296400000,545100000,0.65,ok
면적 없음,17201,관악구,720000000,583200000,386600000,879800000,0.58,ok
면적 없음,17202,관악구,598000000,635600000,468700000,861900000,0.69,ok
면적 없음,17203,관악구,290000000,282400000,226100000,352500000,0.71,ok
면적 없음,17208,관악구,300000000,301100000,222000000,408300000,0.61,ok
면적 없음,17210,관악구,635000000,552200000,442300000,689500000,0.77,ok
면적 없음,17211,관악구,279000000,276400000,221400000,345100000,0.75,ok
면적 없음,17213,관악구,235000000,247300000,208100000,293900000,0.82,ok
면적 없음,17215,관악구,710000000,836500000,670000000,1044400000,0.73,ok
면적 없음,17216,관악구,357000000,413500000,331200000,516300000,0.71,ok
면적 없음,17217,관악구,180000000,248200000,183000000,336500000,0.7,ok
면적 없음,17219,관악구,360000000,381900000,305800000,476800000,0.71,ok
면적 없음,17220,관악구,445000000,327100000,275200000,388700000,0.83,ok
면적 없음,17222,관악구,182000000,212900000,157000000,288800000,0.68,ok
면적 없음,17223,관악구,380000000,456300000,365400000,569700000,0.72,ok
면적 없음,17224,관악구,700000000,783900000,627800000,978700000,0.77,ok
면적 없음,17231,관악구,528000000,577200000,462300000,720600000,0.78,ok
면적 없음,17233,관악구,260000000,295300000,217800000,400400000,0.7,ok
면적 없음,17239,관악구,350000000,319900000,235900000,433800000,0.69,ok
면적 없음,17243,관악구,300000000,261200000,209200000,326100000,0.77,ok
면적 없음,17245,관악구,328000000,375500000,300700000,468800000,0.74,ok
면적 없음,17247,관악구,257000000,431300000,318000000,584900000,0.66,ok
면적 없음,17248,관악구,190000000,204300000,163700000,255100000,0.73,ok
면적 없음,17249,관악구,200000000,251300000,166600000,379100000,0.54,ok
면적 없음,17251,관악구,265000000,396100000,292100000,537200000,0.69,ok
면적 없음,17253,관악구,495000000,461900000,388700000,548900000,0.8,ok
면적 없음,17254,관악구,295000000,352400000,296500000,418800000,0.84,ok
면적 없음,17256,관악구,147000000,234600000,187900000,292900000,0.73,ok
면적 없음,17258,관악구,567000000,612700000,451800000,830900000,0.66,ok
면적 없음,17259,관악구,185000000,249200000,183700000,337900000,0.62,ok
면적 없음,17261,관악구,275000000,261900000,173600000,395000000,0.58,ok
면적 없음,17265,관악구,555000000,477500000,401800000,567400000,0.8,ok
면적 없음,17269,관악구,198000000,205700000,164800000,256900000,0.78,ok
면적 없음,17270,관악구,300000000,304700000,256400000,362100000,0.81,ok
면적 없음,17276,관악구,810000000,488800000,324100000,737400000,0.2,ok
면적 없음,17277,관악구,475000000,428300000,315800000,580800000,0.63,ok
면적 없음,17279,관악구,335000000,348600000,293300000,414200000,0.83,ok
면적 없음,17281,관악구,360000000,381900000,305800000,476800000,0.71,ok
면적 없음,17283,관악구,355000000,384700000,308100000,480300000,0.7,ok
면적 없음,17288,관악구,225000000,327400000,217000000,493800000,0.44,ok
면적 없음,17289,관악구,310000000,235300000,156000000,355000000,0.45,ok
면적 없음,17292,관악구,380000000,357200000,286100000,446000000,0.76,ok
면적 없음,17293,관악구,193000000,287000000,190300000,433000000,0.48,ok
면적 없음,17295,관악구,268000000,276700000,183400000,417400000,0.53,ok
면적 없음,17297,관악구,198000000,192000000,141600000,260400000,0.62,ok
면적 없음,17298,관악구,380000000,379300000,303800000,473600000,0.72,ok
면적 없음,17299,관악구,282000000,314500000,251900000,392700000,0.79,ok
면적 없음,17300,관악구,600000000,500400000,421000000,594600000,0.86,ok
면적 없음,17302,관악구,170000000,138600000,91900000,209000000,0.42,ok
면적 없음,17304,관악구,900000000,922100000,738500000,1151300000,0.77,ok
면적 없음,17306,관악구,265000000,307500000,258700000,365400000,0.84,ok
면적 없음,17309,관악구,573000000,616700000,519000000,732900000,0.84,ok
면적 없음,17310,관악구,350000000,377500000,302400000,471400000,0.7,ok
면적 없음,17311,관악구,340000000,375300000,276800000,509000000,0.61,ok
면적 없음,17312,관악구,340000000,375300000,276800000,509000000,0.61,ok
면적 없음,17314,관악구,290000000,298800000,239300000,373000000,0.76,ok
면적 없음,17319,관악구,449000000,352700000,282500000,440300000,0.78,ok
면적 없음,17330,관악구,390000000,281300000,225300000,351300000,0.72,ok
면적 없음,17331,관악구,450000000,402500000,296800000,545800000,0.68,ok
면적 없음,17334,관악구,333000000,315000000,265100000,374400000,0.84,ok
면적 없음,17335,관악구,405000000,391200000,288500000,530600000,0.67,ok
면적 없음,17338,관악구,358000000,345200000,290500000,410300000,0.86,ok
면적 없음,17339,관악구,120000000,232200000,154000000,350300000,0.39,ok
면적 없음,17344,관악구,155000000,142000000,94100000,214200000,0.42,ok
면적 없음,17345,관악구,245000000,245200000,180800000,332500000,0.68,ok
면적 없음,17346,관악구,675000000,598400000,441300000,811400000,0.64,ok
면적 없음,20047,강남구,1240000000,1299500000,1040800000,1622500000,0.71,ok
면적 없음,20049,강남구,730000000,577300000,425700000,782900000,0.66,ok
면적 없음,20054,강남구,660000000,950700000,701000000,1289200000,0.69,ok
면적 없음,20055,강남구,295000000,296600000,218700000,402200000,0.67,ok
면적 없음,20060,강남구,521000000,535100000,354700000,807100000,0.59,ok
면적 없음,20062,강남구,1250000000,1299500000,1040800000,1622500000,0.71,ok
면적 없음,20063,강남구,650000000,719500000,530600000,975700000,0.68,ok
면적 없음,20067,강남구,340000000,372200000,274500000,504700000,0.64,ok
면적 없음,20069,강남구,1750000000,1445500000,1157700000,1804800000,0.71,ok
면적 없음,20075,강남구,535000000,554200000,443800000,691900000,0.7,ok
면적 없음,20076,강남구,295000000,371600000,297600000,464000000,0.75,ok
면적 없음,20078,강남구,700000000,811100000,598100000,1099900000,0.61,ok
면적 없음,20079,강남구,510000000,493500000,363900000,669200000,0.68,ok
면적 없음,20083,강남구,1600000000,1707900000,1367900000,2132400000,0.78,ok
면적 없음,20084,강남구,800000000,799400000,640200000,998100000,0.77,ok
면적 없음,20087,강남구,870000000,1029800000,759400000,1396500000,0.69,ok
면적 없음,20090,강남구,750000000,769400000,616200000,960600000,0.76,ok
면적 없음,20091,강남구,634000000,843400000,559100000,1272200000,0.53,ok
면적 없음,20094,강남구,910000000,876400000,737500000,1041500000,0.81,ok
면적 없음,20095,강남구,1200000000,1299500000,1040800000,1622500000,0.71,ok
면적 없음,20096,강남구,1200000000,1380200000,1161400000,1640200000,0.9,ok
면적 없음,20097,강남구,760000000,756100000,636200000,898600000,0.81,ok
면적 없음,20099,강남구,780000000,833200000,667300000,1040300000,0.74,ok
면적 없음,20100,강남구,1830000000,1795300000,1323900000,2434600000,0.62,ok
면적 없음,20101,강남구,707500000,932500000,746800000,1164300000,0.74,ok
면적 없음,20103,강남구,499000000,502700000,333200000,758300000,0.36,ok
면적 없음,20106,강남구,1245000000,1299500000,1040800000,1622500000,0.71,ok
면적 없음,20118,강남구,880000000,945100000,795300000,1123200000,0.8,ok
면적 없음,20119,강남구,890000000,1116400000,740100000,1684000000,0.5,ok
면적 없음,20121,강남구,700000000,556300000,410200000,754400000,0.68,ok
면적 없음,20123,강남구,1530000000,1296600000,859600000,1955900000,0.57,ok
면적 없음,20124,강남구,170000000,273800000,201900000,371400000,0.61,ok
면적 없음,20125,강남구,480000000,533900000,393700000,724000000,0.69,ok
면적 없음,20126,강남구,625000000,568900000,419500000,771500000,0.61,ok
면적 없음,20131,강남구,1255000000,1299500000,1040800000,1622500000,0.71,ok
면적 없음,20132,강남구,1400000000,1126300000,746600000,1699000000,0.53,ok
면적 없음,20133,강남구,280000000,316000000,233100000,428600000,0.62,ok
면적 없음,20134,강남구,550000000,493600000,415400000,586600000,0.8,ok
면적 없음,20135,강남구,505000000,471600000,377700000,588800000,0.75,ok
면적 없음,20136,강남구,550000000,709800000,523400000,962500000,0.64,ok
면적 없음,20140,강남구,870000000,751400000,601800000,938200000,0.73,ok
면적 없음,20146,강남구,740000000,544100000,457800000,646600000,0.81,ok
면적 없음,20147,강남구,900000000,781400000,625900000,975700000,0.73,ok
면적 없음,20148,강남구,650000000,681800000,546100000,851300000,0.71,ok
면적 없음,20156,강남구,1345000000,1028800000,682000000,1551900000,0.55,ok
면적 없음,20158,강남구,855000000,686900000,455300000,1036100000,0.6,ok
면적 없음,20159,강남구,240000000,347100000,278000000,433400000,0.71,ok
면적 없음,20162,강남구,1200000000,1305700000,962800000,1770600000,0.69,ok
면적 없음,20163,강남구,1600000000,1527800000,1126600000,2071800000,0.68,ok
면적 없음,20164,강남구,725000000,886600000,710100000,1106900000,0.73,ok
면적 없음,20165,강남구,540000000,402900000,339000000,478800000,0.81,ok
면적 없음,20172,강남구,407000000,472400000,378400000,589800000,0.74,ok
면적 없음,20175,강남구,700000000,767500000,566000000,1040800000,0.65,ok
면적 없음,20176,강남구,599000000,555400000,409500000,753100000,0.65,ok
면적 없음,20177,강남구,145000000,187400000,138200000,254200000,0.65,ok
면적 없음,20178,강남구,750000000,1100800000,881700000,1374400000,0.71,ok
면적 없음,20179,강남구,375000000,433600000,287400000,654100000,0.6,ok
면적 없음,20181,강남구,1200000000,947300000,628000000,1428900000,0.13,ok
면적 없음,20184,강남구,466500000,1036000000,686800000,1562800000,0.58,ok
면적 없음,20186,강남구,870000000,973700000,718000000,1320400000,0.68,ok
면적 없음,20187,강남구,325000000,404400000,298200000,548400000,0.7,ok
면적 없음,20188,강남구,310000000,340800000,272900000,425500000,0.7,ok
면적 없음,20189,강남구,2520000000,1711500000,1370800000,2136900000,0.77,ok
면적 없음,20190,강남구,450000000,568700000,419400000,771300000,0.66,ok
면적 없음,20192,강남구,1350000000,1274500000,1020700000,1591200000,0.72,ok
면적 없음,20193,강남구,330000000,362400000,267300000,491500000,0.63,ok
면적 없음,20195,강남구,485000000,551700000,406800000,748100000,0.69,ok
면적 없음,20196,강남구,750000000,917300000,771900000,1090100000,0.81,ok
면적 없음,20199,강남구,283400000,313100000,230900000,424600000,0.65,ok
면적 없음,20200,강남구,283470000,313100000,230900000,424600000,0.65,ok
면적 없음,20201,강남구,283480000,313100000,230900000,424600000,0.65,ok
면적 없음,20202,강남구,283480000,313100000,230900000,424600000,0.65,ok
면적 없음,20203,강남구,288470000,313100000,230900000,424600000,0.65,ok
면적 없음,20204,강남구,283400000,313500000,231200000,425100000,0.65,ok
면적 없음,20205,강남구,283470000,313500000,231200000,425100000,0.65,ok
면적 없음,20206,강남구,283480000,313500000,231200000,425100000,0.65,ok
면적 없음,20207,강남구,283480000,313500000,231200000,425100000,0.65,ok
면적 없음,20208,강남구,283450000,313500000,231200000,425100000,0.65,ok
면적 없음,20209,강남구,283420000,313600000,231200000,425200000,0.66,ok
면적 없음,20210,강남구,283480000,313600000,231200000,425200000,0.66,ok
면적 없음,20211,강남구,283480000,313600000,231200000,425200000,0.66,ok
면적 없음,20212,강남구,430000000,313600000,231200000,425200000,0.66,ok
면적 없음,20213,강남구,403490000,555000000,409300000,752600000,0.67,ok
면적 없음,20214,강남구,419500000,555000000,409300000,752600000,0.67,ok
면적 없음,20215,강남구,421000000,555000000,409300000,752600000,0.67,ok
면적 없음,20216,강남구,475000000,451700000,299400000,681400000,0.39,ok
면적 없음,20217,강남구,530000000,603000000,482900000,752900000,0.74,ok
면적 없음,20218,강남구,865000000,834300000,615200000,1131400000,0.69,ok
면적 없음,20219,강남구,465000000,471500000,377600000,588700000,0.79,ok
면적 없음,20220,강남구,1180000000,1077300000,794400000,1460900000,0.69,ok
면적 없음,20221,강남구,970000000,797900000,639100000,996200000,0.74,ok
면적 없음,20223,강남구,950000000,972600000,779000000,1214400000,0.74,ok
면적 없음,20224,강남구,300000000,443800000,373400000,527400000,0.88,ok
면적 없음,20225,강남구,295000000,378300000,303000000,472400000,0.72,ok
면적 없음,20226,강남구,730000000,798300000,639400000,996800000,0.73,ok
면적 없음,20238,강남구,870000000,845900000,623800000,1147100000,0.69,ok
면적 없음,20239,강남구,2580000000,1711500000,1370800000,2136900000,0.77,ok
면적 없음,20241,강남구,750000000,536200000,395400000,727100000,0.69,ok
면적 없음,20243,강남구,570000000,721900000,578200000,901300000,0.71,ok
면적 없음,20244,강남구,430000000,940300000,623300000,1418400000,0.28,ok
면적 없음,20245,강남구,740000000,749800000,552900000,1016800000,0.68,ok
면적 없음,20249,강남구,740000000,749400000,600200000,935700000,0.72,ok
면적 없음,20251,강남구,590000000,583000000,466900000,727900000,0.79,ok
면적 없음,20252,강남구,710000000,670300000,494300000,909000000,0.61,ok
면적 없음,20254,강남구,450000000,555400000,409500000,753100000,0.65,ok
면적 없음,20255,강남구,940000000,1078300000,714800000,1626600000,0.57,ok
면적 없음,20258,강남구,650000000,700700000,561200000,874900000,0.7,ok
면적 없음,20261,강남구,1100000000,1452300000,962800000,2190800000,0.51,ok
면적 없음,20263,강남구,243000000,348800000,231200000,526200000,0.32,ok
면적 없음,20264,강남구,340000000,551700000,406800000,748100000,0.69,ok
면적 없음,20265,강남구,920000000,1346400000,992900000,1825800000,0.65,ok
면적 없음,20266,강남구,350000000,422300000,279900000,637000000,0.33,ok
면적 없음,20268,강남구,750000000,775200000,513900000,1169400000,0.6,ok
면적 없음,20270,강남구,1075000000,1008800000,668700000,1521700000,0.48,ok
면적 없음,20272,강남구,550000000,749800000,552900000,1016800000,0.68,ok
면적 없음,20273,강남구,312000000,348900000,279400000,435600000,0.7,ok
면적 없음,20274,강남구,388000000,348900000,279400000,435600000,0.7,ok
면적 없음,20275,강남구,690000000,1029800000,759400000,1396500000,0.69,ok
면적 없음,20276,강남구,350000000,381600000,253000000,575700000,0.44,ok
면적 없음,20278,강남구,1100000000,1743100000,1396100000,2176400000,0.71,ok
면적 없음,20279,강남구,137750000,206700000,165600000,258100000,0.71,ok
면적 없음,20280,강남구,430000000,603500000,400100000,910300000,0.52,ok
면적 없음,20282,강남구,430000000,369700000,311100000,439400000,0.82,ok
면적 없음,20286,강남구,640000000,714400000,526800000,968800000,0.67,ok
면적 없음,20288,강남구,784000000,851500000,682000000,1063200000,0.71,ok
면적 없음,20289,강남구,320000000,318500000,234900000,432000000,0.69,ok
면적 없음,20290,강남구,280000000,381500000,321000000,453400000,0.87,ok
면적 없음,20292,강남구,560000000,308400000,204500000,465300000,0.33,ok
면적 없음,20293,강남구,215000000,353800000,260900000,479700000,0.61,ok
면적 없음,20294,강남구,780000000,986600000,727500000,1337900000,0.63,ok
면적 없음,20295,강남구,360000000,501200000,332300000,756100000,0.3,ok
면적 없음,20299,강남구,950000000,687900000,507300000,932900000,0.64,ok
면적 없음,20300,강남구,578000000,539400000,397700000,731400000,0.61,ok
면적 없음,20304,강남구,830000000,669500000,536200000,836000000,0.71,ok
면적 없음,20307,강남구,775000000,878700000,648000000,1191600000,0.62,ok
면적 없음,20308,강남구,780000000,876300000,646200000,1188400000,0.68,ok
면적 없음,20309,강남구,515000000,614800000,517300000,730600000,0.83,ok
면적 없음,20311,강남구,1700000000,3100000000,2055000000,4676300000,0.52,ok
면적 없음,20312,강남구,416000000,551000000,365300000,831200000,0.54,ok
면적 없음,20313,강남구,349000000,360400000,238900000,543700000,0.4,ok
면적 없음,20314,강남구,6500000000,5703500000,4568000000,7121200000,0.7,ok
면적 없음,20315,강남구,550000000,556300000,410200000,754400000,0.68,ok
면적 없음,20317,강남구,360000000,416600000,333700000,520200000,0.71,ok
면적 없음,20318,강남구,380000000,411800000,329800000,514200000,0.71,ok
면적 없음,20321,강남구,490000000,546000000,402600000,740400000,0.68,ok
면적 없음,20323,강남구,500000000,615600000,453900000,834800000,0.63,ok
면적 없음,20324,강남구,410000000,416600000,333700000,520200000,0.71,ok
면적 없음,20325,강남구,1380000000,1299500000,1040800000,1622500000,0.71,ok
면적 없음,20327,강남구,359000000,371700000,312800000,441700000,0.84,ok
면적 없음,20328,강남구,640000000,588200000,495000000,699100000,0.84,ok
면적 없음,20330,강남구,390000000,741300000,546700000,1005300000,0.66,ok
면적 없음,20331,강남구,767000000,770400000,648300000,915500000,0.83,ok
면적 없음,20332,강남구,690000000,613600000,452500000,832100000,0.69,ok
면적 없음,20334,강남구,179500000,198200000,158700000,247500000,0.74,ok
면적 없음,20339,강남구,810000000,809600000,681300000,962100000,0.81,ok
면적 없음,20340,강남구,380000000,453900000,334700000,615500000,0.63,ok
면적 없음,20341,강남구,410000000,432700000,319100000,586800000,0.63,ok
면적 없음,20344,강남구,365000000,396800000,292600000,538100000,0.67,ok
면적 없음,20345,강남구,595000000,576000000,424700000,781100000,0.67,ok
면적 없음,20346,강남구,750000000,660000000,486700000,895100000,0.65,ok
면적 없음,20351,강남구,950000000,888800000,711900000,1109800000,0.75,ok
면적 없음,20353,강남구,389000000,411800000,329800000,514200000,0.71,ok
면적 없음,20355,강남구,350000000,412600000,347200000,490300000,0.86,ok
면적 없음,20356,강남구,450000000,411800000,329800000,514200000,0.71,ok
면적 없음,20357,강남구,750000000,642500000,473800000,871300000,0.67,ok
면적 없음,20360,강남구,250000000,293300000,216300000,397800000,0.63,ok
면적 없음,20363,강남구,705000000,881200000,649800000,1195000000,0.69,ok
면적 없음,20366,강남구,635000000,748400000,629800000,889400000,0.82,ok
면적 없음,20367,강남구,427000000,415500000,349700000,493800000,0.88,ok
면적 없음,20369,강남구,1070000000,832200000,700200000,988900000,0.82,ok
면적 없음,20373,강남구,525000000,556300000,410200000,754400000,0.68,ok
면적 없음,20374,강남구,360000000,414000000,305300000,561400000,0.63,ok
면적 없음,20376,강남구,830000000,974900000,718900000,1322000000,0.68,ok
면적 없음,20377,강남구,690000000,544100000,401200000,737900000,0.69,ok
면적 없음,20378,강남구,480000000,318800000,235100000,432300000,0.69,ok
면적 없음,20379,강남구,488000000,348900000,279400000,435600000,0.7,ok
면적 없음,20380,강남구,470000000,509900000,408400000,636700000,0.7,ok
면적 없음,20381,강남구,485000000,509900000,408400000,636700000,0.7,ok
면적 없음,20383,강남구,270000000,318500000,234900000,432000000,0.69,ok
면적 없음,20384,강남구,270000000,292600000,215700000,396700000,0.69,ok
면적 없음,20385,강남구,275000000,292600000,215700000,396700000,0.69,ok
면적 없음,20386,강남구,305000000,381500000,321000000,453400000,0.87,ok
면적 없음,20390,강남구,690000000,845900000,623800000,1147100000,0.69,ok
면적 없음,20391,강남구,590000000,544500000,436100000,679900000,0.73,ok
면적 없음,20392,강남구,600000000,690000000,457400000,1040900000,0.57,ok
면적 없음,20395,강남구,580000000,595800000,477200000,744000000,0.77,ok
면적 없음,20396,강남구,290000000,331400000,278900000,393900000,0.83,ok
면적 없음,20398,강남구,700000000,425600000,340800000,531300000,0.7,ok
면적 없음,20399,강남구,440000000,318800000,235100000,432300000,0.69,ok
면적 없음,20403,강남구,410000000,447900000,296900000,675600000,0.44,ok
면적 없음,20408,강남구,205000000,226500000,167000000,307200000,0.68,ok
면적 없음,20409,강남구,585000000,620900000,497300000,775200000,0.76,ok
면적 없음,20410,강남구,360000000,369200000,310600000,438700000,0.8,ok
면적 없음,20423,강남구,780000000,749800000,552900000,1016800000,0.68,ok
면적 없음,20424,강남구,380000000,318800000,235100000,432300000,0.69,ok
면적 없음,20428,강남구,1030000000,778700000,574200000,1056000000,0.64,ok
면적 없음,20431,강남구,300000000,318500000,234900000,432000000,0.69,ok
면적 없음,20432,강남구,270000000,318500000,234900000,432000000,0.69,ok
면적 없음,20433,강남구,280000000,362400000,267300000,491500000,0.63,ok
면적 없음,20434,강남구,260000000,334100000,246300000,453000000,0.67,ok
면적 없음,20436,강남구,2950000000,3229300000,2381400000,4379300000,0.67,ok
면적 없음,20439,강남구,290000000,284000000,209400000,385200000,0.69,ok
면적 없음,20440,강남구,825000000,1285900000,852400000,1939700000,0.38,ok
면적 없음,20441,강남구,766200000,461200000,305700000,695700000,0.57,ok
면적 없음,20443,강남구,740000000,516100000,380600000,699800000,0.61,ok
면적 없음,20444,강남구,403000000,501000000,369400000,679400000,0.64,ok
면적 없음,20445,강남구,405000000,416600000,333700000,520200000,0.71,ok
면적 없음,20446,강남구,810000000,671600000,537900000,838600000,0.75,ok
면적 없음,20448,강남구,870000000,927900000,780800000,1102700000,0.82,ok
면적 없음,20449,강남구,358000000,345800000,291000000,410900000,0.85,ok
면적 없음,20452,강남구,480000000,581100000,465400000,725500000,0.79,ok
면적 없음,20453,강남구,865000000,728500000,583500000,909600000,0.77,ok
면적 없음,20459,강남구,285000000,546700000,362400000,824600000,0.34,ok
면적 없음,20460,강남구,750000000,698100000,587400000,829600000,0.87,ok
면적 없음,20461,강남구,440000000,411800000,329800000,514200000,0.71,ok
면적 없음,20462,강남구,430000000,509900000,408400000,636700000,0.7,ok
면적 없음,20464,강남구,468000000,514900000,341300000,776700000,0.6,ok
면적 없음,20465,강남구,425000000,538100000,356700000,811700000,0.54,ok
면적 없음,20467,강남구,425000000,378300000,303000000,472400000,0.72,ok
면적 없음,20468,강남구,580000000,521100000,384200000,706600000,0.65,ok
면적 없음,20469,강남구,2680000000,1711500000,1370800000,2136900000,0.77,ok
면적 없음,20470,강남구,345000000,466900000,344300000,633100000,0.62,ok
면적 없음,20473,강남구,1440000000,1274500000,1020700000,1591200000,0.72,ok
면적 없음,20474,강남구,499000000,545900000,402500000,740200000,0.66,ok
면적 없음,20477,강남구,990000000,718500000,529900000,974400000,0.66,ok
면적 없음,20479,강남구,480000000,632800000,506800000,790100000,0.71,ok
면적 없음,20481,강남구,880000000,1036200000,829900000,1293800000,0.78,ok
면적 없음,20483,강남구,660000000,715100000,527300000,969700000,0.7,ok
면적 없음,20484,강남구,780000000,753500000,634100000,895500000,0.86,ok
면적 없음,20486,강남구,650000000,443800000,327300000,601800000,0.65,ok
면적 없음,20487,강남구,215000000,210200000,155000000,285000000,0.69,ok
면적 없음,20490,강남구,930000000,951500000,800600000,1130700000,0.87,ok
면적 없음,20491,강남구,420000000,422700000,311700000,573200000,0.62,ok
면적 없음,20492,강남구,570000000,561000000,413700000,760800000,0.67,ok
면적 없음,20494,강남구,1075000000,868600000,640600000,1178000000,0.68,ok
면적 없음,20495,강남구,395000000,417000000,307500000,565500000,0.69,ok
면적 없음,20496,강남구,1300000000,1564100000,1153400000,2121100000,0.7,ok
면적 없음,20497,강남구,680000000,922300000,611400000,1391300000,0.29,ok
면적 없음,20498,강남구,443000000,412500000,304200000,559300000,0.64,ok
면적 없음,20499,강남구,1170000000,947000000,698300000,1284200000,0.65,ok
면적 없음,20500,강남구,870000000,1156700000,926400000,1444300000,0.76,ok
면적 없음,20501,강남구,550000000,546700000,362400000,824600000,0.34,ok
면적 없음,20502,강남구,170000000,273800000,201900000,371400000,0.61,ok
면적 없음,20506,강남구,320000000,318500000,234900000,432000000,0.69,ok
면적 없음,20509,강남구,495000000,580100000,384600000,875100000,0.59,ok
면적 없음,20510,강남구,425000000,382300000,306200000,477400000,0.71,ok
면적 없음,20511,강남구,730000000,732800000,586900000,915000000,0.79,ok
면적 없음,20516,강남구,700000000,672700000,496100000,912300000,0.65,ok
면적 없음,20521,강남구,300000000,448100000,330500000,607700000,0.65,ok
면적 없음,20522,강남구,292000000,334100000,246300000,453000000,0.67,ok
면적 없음,20525,강남구,202000000,414300000,305500000,561800000,0.69,ok
면적 없음,20526,강남구,435000000,681700000,451900000,1028300000,0.55,ok
면적 없음,20528,강남구,582000000,848100000,679300000,1058900000,0.77,ok
면적 없음,20531,강남구,790000000,516100000,380600000,699800000,0.61,ok
면적 없음,20532,강남구,820000000,1042500000,877300000,1238900000,0.8,ok
면적 없음,20534,강남구,835000000,516100000,380600000,699800000,0.61,ok
면적 없음,20536,강남구,320000000,625600000,461300000,848300000,0.63,ok
면적 없음,20538,강남구,1440000000,1274500000,1020700000,1591200000,0.72,ok
면적 없음,20539,강남구,950000000,1031600000,683900000,1556100000,0.5,ok
면적 없음,20540,강남구,800000000,643400000,426500000,970600000,0.59,ok
면적 없음,20541,강남구,640000000,708700000,567600000,884800000,0.78,ok
면적 없음,20543,강남구,495000000,603500000,400100000,910300000,0.52,ok
면적 없음,20544,강남구,300000000,285100000,239900000,338800000,0.81,ok
면적 없음,20545,강남구,580000000,308400000,204500000,465300000,0.33,ok
면적 없음,20546,강남구,370000000,416000000,306700000,564100000,0.61,ok
면적 없음,20548,강남구,470000000,470100000,346600000,637500000,0.66,ok
면적 없음,20550,강남구,735000000,577900000,426100000,783600000,0.66,ok
면적 없음,20551,강남구,300000000,284000000,209400000,385200000,0.69,ok
면적 없음,20552,강남구,1390000000,1039800000,689300000,1568500000,0.56,ok
면적 없음,20553,강남구,1570000000,1486000000,985100000,2241600000,0.49,ok
면적 없음,20555,강남구,535000000,557200000,446200000,695700000,0.71,ok
면적 없음,20556,강남구,720000000,655900000,483600000,889400000,0.64,ok
면적 없음,20559,강남구,845000000,910200000,765900000,1081600000,0.86,ok
면적 없음,20560,강남구,505000000,508700000,407400000,635100000,0.79,ok
면적 없음,20561,강남구,600000000,808000000,535600000,1218800000,0.36,ok
면적 없음,20567,강남구,600000000,474700000,350100000,643800000,0.67,ok
면적 없음,20568,강남구,446000000,420000000,278400000,633600000,0.3,ok
면적 없음,20569,강남구,330000000,370400000,296700000,462500000,0.76,ok
면적 없음,20573,강남구,320000000,374000000,314700000,444500000,0.83,ok
면적 없음,20574,강남구,1110000000,1480600000,981500000,2233400000,0.59,ok
면적 없음,20575,강남구,845000000,527700000,422700000,658900000,0.74,ok
면적 없음,20577,강남구,400000000,217700000,160600000,295300000,0.61,ok
면적 없음,20578,강남구,1600000000,1600400000,1061000000,2414200000,0.57,ok
면적 없음,20579,강남구,800000000,796200000,587200000,1079800000,0.61,ok
면적 없음,20581,강남구,390000000,557200000,410900000,755500000,0.64,ok
면적 없음,20582,강남구,815000000,702700000,518200000,952900000,0.66,ok
면적 없음,20589,강남구,290000000,284000000,209400000,385200000,0.69,ok
면적 없음,20591,강남구,400000000,360400000,238900000,543700000,0.4,ok
면적 없음,20592,강남구,515000000,469900000,346500000,637300000,0.61,ok
면적 없음,20594,강남구,370000000,392200000,289200000,531900000,0.65,ok
면적 없음,20598,강남구,410000000,451600000,380000000,536700000,0.88,ok
면적 없음,20604,강남구,800000000,796200000,587200000,1079800000,0.61,ok
면적 없음,20605,강남구,450000000,473500000,349200000,642100000,0.65,ok
면적 없음,20607,강남구,800000000,561200000,372000000,846600000,0.48,ok
면적 없음,20608,강남구,837000000,811100000,598100000,1099900000,0.7,ok
면적 없음,20609,강남구,800000000,737400000,543800000,999900000,0.63,ok
면적 없음,20610,강남구,650000000,474800000,380200000,592800000,0.76,ok
면적 없음,20616,강남구,690000000,710700000,569200000,887300000,0.73,ok
면적 없음,20617,강남구,1400000000,1321500000,974500000,1792100000,0.63,ok
면적 없음,20618,강남구,800000000,679300000,571600000,807200000,0.84,ok
면적 없음,20620,강남구,899000000,828600000,697200000,984700000,0.82,ok
면적 없음,20624,강남구,630000000,759500000,639100000,902600000,0.8,ok
면적 없음,20627,강남구,520000000,517300000,414300000,645900000,0.78,ok
면적 없음,20629,강남구,550000000,950500000,700900000,1289000000,0.7,ok
면적 없음,20630,강남구,720000000,839700000,672500000,1048400000,0.74,ok
면적 없음,20631,강남구,400000000,1724700000,1143300000,2601600000,0.6,ok
면적 없음,20634,강남구,665000000,720600000,531400000,977100000,0.65,ok
면적 없음,20635,강남구,335000000,350500000,258500000,475300000,0.62,ok
면적 없음,20637,강남구,890000000,615800000,518200000,731900000,0.83,ok
면적 없음,20638,강남구,800000000,745300000,494100000,1124300000,0.4,ok
면적 없음,20640,강남구,750000000,1119900000,742400000,1689300000,0.2,ok
면적 없음,20641,강남구,1450000000,1594100000,1276700000,1990300000,0.71,ok
면적 없음,20642,강남구,745000000,803100000,592200000,1089000000,0.61,ok
면적 없음,20646,강남구,355000000,374600000,276300000,508000000,0.69,ok
면적 없음,20653,강남구,179000000,185100000,136500000,251000000,0.65,ok
면적 없음,20654,강남구,1900000000,1855000000,1229700000,2798200000,0.59,ok
면적 없음,20656,강남구,750000000,1119900000,742400000,1689300000,0.2,ok
면적 없음,20657,강남구,700000000,1240000000,914400000,1681600000,0.63,ok
면적 없음,20658,강남구,630000000,1026300000,680300000,1548100000,0.55,ok
면적 없음,20659,강남구,910000000,918300000,735500000,1146500000,0.74,ok
면적 없음,20660,강남구,135000000,149000000,109900000,202000000,0.68,ok
면적 없음,20661,강남구,200000000,332700000,220600000,501900000,0.32,ok
면적 없음,20663,강남구,348000000,565400000,452800000,705900000,0.7,ok
면적 없음,20664,강남구,330000000,372200000,274500000,504700000,0.64,ok
면적 없음,20669,강남구,370000000,411900000,303700000,558600000,0.65,ok
면적 없음,20671,강남구,2430000000,2668500000,1769000000,4025400000,0.33,ok
면적 없음,20672,강남구,650000000,551300000,406500000,747600000,0.68,ok
면적 없음,20673,강남구,820000000,904300000,760900000,1074600000,0.82,ok
면적 없음,20676,강남구,192000000,201200000,148300000,272800000,0.67,ok
면적 없음,20680,강남구,320000000,382300000,306200000,477400000,0.71,ok
면적 없음,20683,강남구,805000000,750800000,553600000,1018100000,0.67,ok
면적 없음,20684,강남구,300000000,331200000,265200000,413500000,0.76,ok
면적 없음,20686,강남구,550000000,797900000,529000000,1203600000,0.52,ok
면적 없음,20688,강남구,679000000,700700000,561200000,874900000,0.7,ok
면적 없음,20692,강남구,525000000,487700000,390600000,608900000,0.7,ok
면적 없음,20693,강남구,150000000,360600000,239000000,543900000,0.54,ok
면적 없음,20694,강남구,220000000,225400000,166200000,305600000,0.69,ok
면적 없음,20695,강남구,1220000000,1123800000,945600000,1335500000,0.81,ok
면적 없음,20698,강남구,173000000,185100000,148200000,231100000,0.72,ok
면적 없음,20700,강남구,330000000,420800000,337000000,525400000,0.77,ok
면적 없음,20704,강남구,235000000,438000000,290400000,660700000,0.26,ok
면적 없음,20707,강남구,235000000,232300000,171300000,315100000,0.61,ok
면적 없음,20708,강남구,446000000,583700000,386900000,880500000,0.44,ok
면적 없음,20709,강남구,446000000,583700000,386900000,880500000,0.44,ok
면적 없음,20710,강남구,462000000,583700000,386900000,880500000,0.44,ok
면적 없음,20711,강남구,462000000,583700000,386900000,880500000,0.44,ok
면적 없음,20712,강남구,980000000,949100000,760200000,1185000000,0.7,ok
면적 없음,20714,강남구,650000000,841200000,620300000,1140700000,0.69,ok
면적 없음,20715,강남구,950000000,1190400000,877800000,1614300000,0.64,ok
면적 없음,20717,강남구,580000000,567400000,477400000,674200000,0.84,ok
면적 없음,20718,강남구,1000000000,1249800000,921600000,1694800000,0.67,ok
면적 없음,20721,강남구,705000000,760300000,639800000,903500000,0.84,ok
면적 없음,20723,강남구,420000000,416600000,333700000,520200000,0.71,ok
면적 없음,20725,강남구,350000000,392500000,330300000,466500000,0.86,ok
면적 없음,20727,강남구,510000000,534300000,354200000,805900000,0.59,ok
면적 없음,20728,강남구,194460000,206700000,165600000,258100000,0.71,ok
면적 없음,20729,강남구,194460000,206700000,165600000,258100000,0.71,ok
면적 없음,20730,강남구,236860000,206700000,165600000,258100000,0.71,ok
면적 없음,20731,강남구,194460000,216400000,159600000,293500000,0.7,ok
면적 없음,20732,강남구,194460000,216400000,159600000,293500000,0.7,ok
면적 없음,20733,강남구,236860000,216400000,159600000,293500000,0.7,ok
면적 없음,20734,강남구,191540000,201900000,148800000,273700000,0.7,ok
면적 없음,20735,강남구,191540000,201900000,148800000,273700000,0.7,ok
면적 없음,20736,강남구,232480000,201900000,148800000,273700000,0.7,ok
면적 없음,20738,강남구,780000000,669600000,493800000,908000000,0.69,ok
면적 없음,20739,강남구,240000000,271600000,228500000,322700000,0.87,ok
면적 없음,20740,강남구,495000000,542300000,456300000,644500000,0.87,ok
면적 없음,20743,강남구,525000000,497000000,366500000,674000000,0.69,ok
면적 없음,20746,강남구,650000000,824700000,660500000,1029700000,0.71,ok
면적 없음,20747,강남구,348000000,391900000,313900000,489300000,0.75,ok
면적 없음,20762,강남구,210000000,370700000,296900000,462800000,0.8,ok
면적 없음,20764,강남구,594000000,597400000,478500000,745900000,0.72,ok
면적 없음,20768,강남구,1570000000,1901600000,1523100000,2374300000,0.75,ok
면적 없음,20769,강남구,950000000,868700000,695800000,1084700000,0.75,ok
면적 없음,20771,강남구,222000000,224400000,165500000,304300000,0.62,ok
면적 없음,20772,강남구,2900000000,3548300000,2985800000,4216800000,0.81,ok
면적 없음,20773,강남구,200000000,212100000,156400000,287600000,0.69,ok
면적 없음,20775,강남구,450000000,475400000,400000000,565000000,0.88,ok
면적 없음,20776,강남구,1330000000,1612700000,1357100000,1916600000,0.85,ok
면적 없음,20778,강남구,385000000,382200000,281800000,518300000,0.64,ok
면적 없음,20782,강남구,310000000,346600000,255600000,470000000,0.6,ok
면적 없음,20793,강남구,1650000000,1896300000,1518800000,2367700000,0.76,ok
면적 없음,20794,강남구,210000000,238800000,191300000,298200000,0.79,ok
면적 없음,20796,강남구,1200000000,1291100000,1034100000,1612100000,0.79,ok
면적 없음,20799,강남구,380000000,436200000,349300000,544600000,0.79,ok
면적 없음,20803,강남구,815000000,722200000,578400000,901700000,0.79,ok
면적 없음,20804,강남구,310000000,708500000,522500000,960800000,0.65,ok
면적 없음,20805,강남구,220000000,239800000,201800000,285000000,0.87,ok
면적 없음,20806,강남구,349000000,383500000,307100000,478800000,0.75,ok
면적 없음,20808,강남구,175000000,202500000,149300000,274600000,0.67,ok
면적 없음,20810,강남구,600000000,791500000,666000000,940600000,0.84,ok
면적 없음,20816,강남구,540000000,570800000,420900000,774000000,0.61,ok
면적 없음,20818,강남구,249000000,366800000,308700000,435900000,0.84,ok
면적 없음,20820,강남구,515000000,343300000,227600000,517800000,0.35,ok
면적 없음,20822,강남구,690000000,556600000,410400000,754700000,0.7,ok
면적 없음,20823,강남구,367000000,440800000,292200000,665000000,0.46,ok
면적 없음,20824,강남구,660000000,699900000,560600000,873900000,0.78,ok
면적 없음,20825,강남구,585000000,419400000,309200000,568700000,0.69,ok
면적 없음,20829,강남구,345000000,330600000,264800000,412800000,0.8,ok
면적 없음,20831,강남구,1330000000,1190400000,877800000,1614200000,0.62,ok
면적 없음,20832,강남구,655000000,556600000,410400000,754700000,0.7,ok
면적 없음,20834,강남구,175000000,205500000,151500000,278700000,0.69,ok
면적 없음,20835,강남구,339000000,371600000,297600000,464000000,0.75,ok
면적 없음,20837,강남구,266830000,396300000,292200000,537400000,0.69,ok
면적 없음,20838,강남구,330870000,396300000,292200000,537400000,0.69,ok
면적 없음,20839,강남구,341540000,481800000,355300000,653400000,0.69,ok
면적 없음,20840,강남구,458950000,481800000,355300000,653400000,0.69,ok
면적 없음,20841,강남구,752470000,481800000,355300000,653400000,0.69,ok
면적 없음,20842,강남구,341540000,481800000,355300000,653400000,0.69,ok
면적 없음,20843,강남구,458950000,481800000,355300000,653400000,0.69,ok
면적 없음,20844,강남구,752470000,481800000,355300000,653400000,0.69,ok
면적 없음,20845,강남구,1686380000,1655900000,1393400000,1967900000,0.88,ok
면적 없음,20846,강남구,163000000,206700000,165600000,258100000,0.71,ok
면적 없음,20847,강남구,330000000,393400000,290100000,533500000,0.65,ok
면적 없음,20849,강남구,845000000,1687600000,1118800000,2545700000,0.56,ok
면적 없음,20850,강남구,680000000,445000000,328100000,603400000,0.61,ok
면적 없음,20853,강남구,445000000,458400000,338000000,621600000,0.66,ok
면적 없음,20854,강남구,750000000,642500000,473800000,871300000,0.67,ok
면적 없음,20856,강남구,550000000,489900000,392400000,611700000,0.78,ok
면적 없음,20859,강남구,440000000,458400000,338000000,621600000,0.66,ok
면적 없음,20863,강남구,940000000,1061200000,893000000,1261100000,0.83,ok
면적 없음,20867,강남구,505000000,501000000,369400000,679400000,0.64,ok
면적 없음,20871,강남구,740000000,668000000,442800000,1007700000,0.53,ok
면적 없음,20873,강남구,570000000,622300000,498400000,777000000,0.73,ok
면적 없음,20875,강남구,770000000,1004300000,740600000,1361900000,0.61,ok
면적 없음,20877,강남구,295000000,293300000,216300000,397800000,0.63,ok
면적 없음,20878,강남구,447500000,473500000,349200000,642100000,0.65,ok
면적 없음,20879,강남구,390000000,433800000,287600000,654400000,0.56,ok
면적 없음,20881,강남구,3190000000,3178700000,2674800000,3777500000,0.83,ok
면적 없음,20883,강남구,2370000000,3297900000,2432000000,4472300000,0.65,ok
면적 없음,20888,강남구,590000000,564300000,374100000,851300000,0.53,ok
면적 없음,20892,강남구,400000000,404100000,298000000,548000000,0.64,ok
면적 없음,20894,강남구,420000000,302300000,200400000,456000000,0.57,ok
면적 없음,20911,강남구,600000000,537400000,396300000,728700000,0.61,ok
면적 없음,20912,강남구,440000000,346600000,255600000,470000000,0.6,ok
면적 없음,20913,강남구,480000000,763700000,563200000,1035700000,0.64,ok
면적 없음,20919,강남구,400000000,358900000,302000000,426500000,0.8,ok
면적 없음,20924,강남구,730000000,690000000,457400000,1040900000,0.34,ok
면적 없음,20926,강남구,385000000,374900000,315400000,445500000,0.89,ok
면적 없음,20931,강남구,195000000,217700000,160600000,295300000,0.61,ok
면적 없음,20933,강남구,690000000,699200000,560000000,873000000,0.71,ok
면적 없음,20935,강남구,545000000,622300000,498400000,777000000,0.73,ok
면적 없음,20937,강남구,310000000,291500000,245200000,346400000,0.86,ok
면적 없음,20939,강남구,480000000,585400000,431700000,793900000,0.68,ok
면적 없음,20940,강남구,647000000,376500000,249600000,567900000,0.51,ok
면적 없음,20941,강남구,195000000,196200000,144700000,266100000,0.67,ok
면적 없음,20942,강남구,200000000,194500000,143400000,263700000,0.68,ok
면적 없음,20943,강남구,310000000,296600000,218700000,402200000,0.67,ok
면적 없음,20944,강남구,390000000,368800000,271900000,500100000,0.7,ok
면적 없음,20947,강남구,695000000,568900000,419500000,771500000,0.61,ok
면적 없음,20948,강남구,190000000,252000000,201800000,314600000,0.7,ok
면적 없음,20949,강남구,320000000,267200000,224800000,317500000,0.83,ok
면적 없음,20951,강남구,480000000,433600000,347300000,541400000,0.7,ok
면적 없음,20953,강남구,500000000,416000000,306700000,564100000,0.61,ok
면적 없음,20954,강남구,1460000000,1520500000,1279500000,1807000000,0.84,ok
면적 없음,20955,강남구,470000000,448100000,330500000,607700000,0.65,ok
면적 없음,20956,강남구,229000000,286200000,240800000,340100000,0.86,ok
면적 없음,20957,강남구,430000000,442600000,326400000,600200000,0.66,ok
면적 없음,20958,강남구,427000000,344600000,254100000,467300000,0.64,ok
면적 없음,20959,강남구,600000000,596500000,439900000,808900000,0.6,ok
면적 없음,20960,강남구,220000000,226100000,166700000,306600000,0.69,ok
면적 없음,20964,강남구,504000000,574000000,459700000,716700000,0.75,ok
면적 없음,20967,강남구,330000000,360900000,303700000,428900000,0.86,ok
면적 없음,20970,강남구,720000000,786000000,629500000,981400000,0.74,ok
면적 없음,20972,강남구,300000000,316000000,233100000,428600000,0.62,ok
면적 없음,20973,강남구,990000000,798400000,588800000,1082700000,0.61,ok
면적 없음,20974,강남구,295000000,289000000,243200000,343400000,0.85,ok
면적 없음,20975,강남구,479000000,525600000,442200000,624600000,0.81,ok
면적 없음,20976,강남구,700000000,681700000,451900000,1028300000,0.55,ok
면적 없음,20977,강남구,1180000000,1220000000,808700000,1840300000,0.58,ok
면적 없음,20978,강남구,350000000,442400000,326200000,599900000,0.65,ok
면적 없음,20979,강남구,701000000,681800000,546100000,851300000,0.71,ok
면적 없음,20989,강남구,525000000,603000000,482900000,752900000,0.74,ok
면적 없음,20990,강남구,1700000000,1402400000,1034200000,1901800000,0.64,ok
면적 없음,20991,강남구,410000000,442400000,326200000,599900000,0.65,ok
면적 없음,20992,강남구,540000000,502600000,402500000,627500000,0.8,ok
면적 없음,20993,강남구,532000000,554900000,409200000,752500000,0.66,ok
면적 없음,20994,강남구,320000000,293300000,216300000,397800000,0.63,ok
면적 없음,20996,강남구,1019000000,760500000,639900000,903800000,0.82,ok
면적 없음,20998,강남구,165000000,185100000,148200000,231100000,0.72,ok
면적 없음,20999,강남구,210000000,291100000,214600000,394700000,0.65,ok
면적 없음,21002,강남구,530000000,554200000,443800000,691900000,0.7,ok
면적 없음,21004,강남구,2600000000,1711500000,1370800000,2136900000,0.77,ok
면적 없음,21007,강남구,360000000,332700000,220600000,501900000,0.32,ok
면적 없음,21010,강남구,370000000,446000000,328900000,604800000,0.66,ok
면적 없음,21012,강남구,350000000,381500000,305500000,476300000,0.78,ok
면적 없음,21013,강남구,340000000,357400000,300700000,424700000,0.8,ok
면적 없음,21017,강남구,675000000,776900000,572900000,1053500000,0.66,ok
면적 없음,21018,강남구,1180000000,1151700000,763500000,1737400000,0.4,ok
면적 없음,21020,강남구,580000000,535200000,394600000,725700000,0.6,ok
면적 없음,21021,강남구,590000000,587200000,433000000,796300000,0.67,ok
면적 없음,21023,강남구,900000000,844100000,676100000,1054000000,0.76,ok
면적 없음,21031,강남구,240000000,414000000,305300000,561400000,0.63,ok
면적 없음,21035,강남구,920000000,977500000,648000000,1474600000,0.56,ok
면적 없음,21036,강남구,1070000000,939100000,752200000,1172600000,0.8,ok
면적 없음,21037,강남구,310000000,361100000,303800000,429100000,0.81,ok
면적 없음,21041,강남구,660000000,596300000,501800000,708700000,0.87,ok
면적 없음,21042,강남구,380000000,303800000,224000000,412000000,0.6,ok
면적 없음,21044,강남구,945000000,1163200000,978800000,1382400000,0.83,ok
면적 없음,21046,강남구,310000000,528600000,350400000,797400000,0.35,ok
면적 없음,21047,강남구,386000000,403500000,297500000,547100000,0.7,ok
면적 없음,21048,강남구,590000000,668100000,442900000,1007800000,0.39,ok
면적 없음,21049,강남구,500000000,411700000,303600000,558300000,0.65,ok
면적 없음,21050,강남구,529000000,328000000,241900000,444800000,0.67,ok
면적 없음,21053,강남구,570000000,734000000,587900000,916500000,0.71,ok
면적 없음,21056,강남구,690000000,543800000,401000000,737500000,0.62,ok
면적 없음,21058,강남구,1090000000,1319400000,874600000,1990200000,0.58,ok
면적 없음,21059,강남구,550000000,419700000,353100000,498700000,0.85,ok
면적 없음,21060,강남구,360000000,389200000,327500000,462600000,0.84,ok
면적 없음,21063,강남구,2080000000,2043000000,1354400000,3081900000,0.31,ok
면적 없음,21067,강남구,760000000,437600000,322700000,593500000,0.62,ok
면적 없음,21069,강남구,899000000,611100000,405100000,921900000,0.58,ok
면적 없음,21070,강남구,750000000,818500000,655500000,1021900000,0.79,ok
면적 없음,21073,강남구,500000000,483600000,356600000,655800000,0.68,ok
면적 없음,21074,강남구,500000000,465400000,391600000,553100000,0.86,ok
면적 없음,21075,강남구,610000000,628600000,463500000,852400000,0.65,ok
면적 없음,21077,강남구,510000000,593000000,499000000,704700000,0.87,ok
면적 없음,21078,강남구,340000000,327800000,275900000,389600000,0.83,ok
면적 없음,21082,강남구,548000000,545300000,361500000,822600000,0.55,ok
면적 없음,21084,강남구,6400000000,4844100000,3211200000,7307200000,0.36,ok
면적 없음,21085,강남구,800000000,647700000,429300000,977000000,0.41,ok
면적 없음,21087,강남구,545000000,448100000,330500000,607700000,0.65,ok
면적 없음,21091,강남구,380000000,393600000,290300000,533800000,0.65,ok
면적 없음,21093,강남구,620000000,385300000,324200000,457900000,0.83,ok
면적 없음,21099,강남구,370000000,425200000,357800000,505300000,0.82,ok
면적 없음,21100,강남구,840000000,1004300000,740600000,1361900000,0.61,ok
면적 없음,21103,강남구,960000000,741900000,594200000,926300000,0.77,ok
면적 없음,21105,강남구,550000000,483600000,356600000,655800000,0.68,ok
면적 없음,21106,강남구,407000000,419800000,336300000,524200000,0.79,ok
면적 없음,21107,강남구,890000000,852200000,682500000,1064000000,0.78,ok
면적 없음,21108,강남구,970000000,1220000000,808700000,1840300000,0.58,ok
면적 없음,21109,강남구,300000000,377900000,302700000,471800000,0.75,ok
면적 없음,21111,강남구,1840000000,2362000000,1741800000,3203100000,0.63,ok
면적 없음,21113,강남구,335000000,347100000,278000000,433400000,0.71,ok
면적 없음,21115,강남구,163000000,185100000,148200000,231100000,0.72,ok
면적 없음,21117,강남구,490000000,575900000,424700000,781000000,0.65,ok
면적 없음,21118,강남구,890000000,1220000000,808700000,1840300000,0.58,ok
면적 없음,21120,강남구,360000000,210200000,155000000,285000000,0.69,ok
면적 없음,21121,강남구,500000000,497800000,398700000,621500000,0.79,ok
면적 없음,21127,강남구,450000000,525100000,441900000,624000000,0.81,ok
면적 없음,21131,강남구,585000000,646300000,517700000,807000000,0.75,ok
면적 없음,21133,강남구,230000000,255500000,215000000,303700000,0.88,ok
면적 없음,21137,강남구,775000000,699200000,560000000,873000000,0.71,ok
면적 없음,21138,강남구,315000000,318800000,235100000,432300000,0.69,ok
면적 없음,21139,강남구,482000000,519900000,437500000,617900000,0.84,ok
면적 없음,21142,강남구,215000000,193300000,162700000,229800000,0.88,ok
면적 없음,21143,강남구,550000000,451900000,380300000,537000000,0.82,ok
면적 없음,21148,강남구,550000000,499300000,420100000,593400000,0.87,ok
면적 없음,21152,강남구,420000000,321600000,257600000,401600000,0.72,ok
면적 없음,21161,강남구,225000000,205500000,151500000,278700000,0.69,ok
면적 없음,21162,강남구,372000000,393900000,290500000,534200000,0.69,ok
면적 없음,21163,강남구,800000000,702800000,562900000,877600000,0.78,ok
면적 없음,21164,강남구,1250000000,912400000,730700000,1139200000,0.72,ok
면적 없음,21165,강남구,210000000,205500000,151500000,278700000,0.69,ok
면적 없음,21167,강남구,805000000,537700000,396500000,729100000,0.65,ok
면적 없음,21170,강남구,480000000,487500000,359500000,661100000,0.63,ok
면적 없음,21174,강남구,325000000,322200000,237600000,436900000,0.68,ok
면적 없음,21177,강남구,379000000,392000000,329900000,465900000,0.87,ok
면적 없음,21178,강남구,830000000,711100000,569500000,887800000,0.76,ok
면적 없음,21180,강남구,980000000,873500000,699600000,1090600000,0.72,ok
면적 없음,21181,강남구,1000000000,873500000,699600000,1090600000,0.72,ok
면적 없음,21185,강남구,522560000,953400000,763600000,1190400000,0.75,ok
면적 없음,21186,강남구,793000000,886700000,746100000,1053700000,0.84,ok
면적 없음,21188,강남구,377000000,407800000,343200000,484700000,0.88,ok
면적 없음,21190,강남구,1800000000,1729000000,1384800000,2158800000,0.72,ok
면적 없음,21195,강남구,706000000,414300000,305500000,561800000,0.69,ok
면적 없음,21197,강남구,830000000,947300000,758700000,1182800000,0.76,ok
면적 없음,21198,강남구,890000000,860800000,634800000,1167400000,0.67,ok
면적 없음,21199,강남구,1160000000,1220000000,808700000,1840300000,0.58,ok
면적 없음,21200,강남구,350000000,382300000,306200000,477400000,0.71,ok
면적 없음,21201,강남구,950000000,860800000,634800000,1167400000,0.67,ok
면적 없음,21202,강남구,420000000,321600000,257600000,401600000,0.72,ok
면적 없음,21206,강남구,550000000,496100000,417500000,589600000,0.83,ok
면적 없음,21207,강남구,365000000,314500000,251900000,392700000,0.7,ok
면적 없음,21208,강남구,500000000,795200000,669200000,945000000,0.85,ok
면적 없음,21213,강남구,190000000,193300000,162700000,229800000,0.88,ok
면적 없음,21214,강남구,705000000,658600000,485700000,893200000,0.69,ok
면적 없음,21216,강남구,645000000,459000000,367600000,573100000,0.72,ok
면적 없음,21219,강남구,235000000,336200000,269200000,419700000,0.76,ok
면적 없음,21220,강남구,350000000,365000000,307100000,433800000,0.85,ok
면적 없음·대상 거래 제외,8006,화곡동,198000000,186200000,156600000,221200000,0.82,ok
면적 없음·대상 거래 제외,8007,화곡동,161000000,162300000,136600000,192900000,0.84,ok
면적 없음·대상 거래 제외,8009,화곡동,200000000,248100000,164400000,374200000,0.57,ok
면적 없음·대상 거래 제외,8012,화곡동,79000000,123600000,82000000,186500000,0.4,ok
면적 없음·대상 거래 제외,8013,화곡동,200000000,192500000,162000000,228800000,0.82,ok
면적 없음·대상 거래 제외,8014,화곡동,180000000,180800000,133300000,245100000,0.69,ok
면적 없음·대상 거래 제외,8015,화곡동,240000000,229800000,193400000,273200000,0.84,ok
면적 없음·대상 거래 제외,8016,화곡동,240000000,258500000,190600000,350600000,0.67,ok
면적 없음·대상 거래 제외,8017,화곡동,240000000,255100000,169100000,384800000,0.59,ok
면적 없음·대상 거래 제외,8018,화곡동,235000000,216600000,182200000,257400000,0.83,ok
면적 없음·대상 거래 제외,8020,화곡동,415000000,412300000,347000000,490000000,0.86,ok
면적 없음·대상 거래 제외,8023,화곡동,245000000,201600000,148600000,273300000,0.68,ok
면적 없음·대상 거래 제외,8024,화곡동,245000000,227300000,150700000,342900000,0.31,ok
면적 없음·대상 거래 제외,8026,화곡동,219500000,186500000,149300000,232800000,0.79,ok
면적 없음·대상 거래 제외,8027,화곡동,305000000,204700000,135700000,308800000,0.32,ok
면적 없음·대상 거래 제외,8028,화곡동,230000000,239000000,158500000,360600000,0.32,ok
면적 없음·대상 거래 제외,8030,화곡동,280000000,267200000,197000000,362400000,0.64,ok
면적 없음·대상 거래 제외,8031,화곡동,70000000,110700000,73400000,167000000,0.44,ok
면적 없음·대상 거래 제외,8033,화곡동,195000000,200700000,168900000,238500000,0.8,ok
면적 없음·대상 거래 제외,8034,화곡동,240000000,254300000,168600000,383700000,0.59,ok
면적 없음·대상 거래 제외,8035,화곡동,260000000,251400000,166600000,379200000,0.5,ok
면적 없음·대상 거래 제외,8037,화곡동,255000000,249500000,209900000,296400000,0.83,ok
면적 없음·대상 거래 제외,8038,화곡동,250000000,273100000,218800000,341000000,0.79,ok
면적 없음·대상 거래 제외,8039,화곡동,270000000,232600000,186300000,290500000,0.77,ok
면적 없음·대상 거래 제외,8041,화곡동,160000000,272600000,180700000,411300000,0.55,ok
면적 없음·대상 거래 제외,8042,화곡동,355000000,420100000,336500000,524600000,0.79,ok
면적 없음·대상 거래 제외,8045,화곡동,90000000,130000000,86100000,196000000,0.2,ok
면적 없음·대상 거래 제외,8046,화곡동,100000000,177400000,117600000,267600000,0.5,ok
면적 없음·대상 거래 제외,8048,화곡동,288000000,273200000,218800000,341100000,0.76,ok
면적 없음·대상 거래 제외,8050,화곡동,165000000,212800000,170500000,265800000,0.76,ok
면적 없음·대상 거래 제외,8054,화곡동,240000000,262900000,210600000,328300000,0.78,ok
면적 없음·대상 거래 제외,8055,화곡동,160000000,191500000,161100000,227500000,0.83,ok
면적 없음·대상 거래 제외,8056,화곡동,245000000,247700000,182700000,335900000,0.69,ok
면적 없음·대상 거래 제외,8058,화곡동,215000000,201200000,133400000,303500000,0.57,ok
면적 없음·대상 거래 제외,8061,화곡동,310000000,224200000,179600000,280000000,0.8,ok
면적 없음·대상 거래 제외,8062,화곡동,158000000,180700000,119800000,272600000,0.55,ok
면적 없음·대상 거래 제외,8063,화곡동,106000000,144000000,95500000,217200000,0.58,ok
면적 없음·대상 거래 제외,8064,화곡동,310000000,268400000,225800000,318900000,0.81,ok
면적 없음·대상 거래 제외,8067,화곡동,200000000,327400000,275500000,389100000,0.81,ok
면적 없음·대상 거래 제외,8070,화곡동,355000000,420100000,336500000,524600000,0.79,ok
면적 없음·대상 거래 제외,8073,화곡동,130000000,134400000,89100000,202800000,0.48,ok
면적 없음·대상 거래 제외,8074,화곡동,199000000,175500000,147700000,208600000,0.85,ok
면적 없음·대상 거래 제외,8077,화곡동,175000000,247000000,163800000,372700000,0.53,ok
면적 없음·대상 거래 제외,8083,화곡동,259000000,354100000,261200000,480200000,0.66,ok
면적 없음·대상 거래 제외,8084,화곡동,308500000,333800000,246200000,452700000,0.66,ok
면적 없음·대상 거래 제외,8085,화곡동,303500000,332500000,245200000,450900000,0.66,ok
면적 없음·대상 거래 제외,8086,화곡동,262500000,353900000,260900000,479900000,0.66,ok
면적 없음·대상 거래 제외,8087,화곡동,303500000,333600000,246000000,452300000,0.66,ok
면적 없음·대상 거래 제외,8088,화곡동,308000000,332200000,245000000,450500000,0.66,ok
면적 없음·대상 거래 제외,8089,화곡동,264000000,347100000,255900000,470700000,0.66,ok
면적 없음·대상 거래 제외,8090,화곡동,305000000,327200000,241300000,443700000,0.66,ok
면적 없음·대상 거래 제외,8091,화곡동,310000000,325800000,240300000,441900000,0.66,ok
면적 없음·대상 거래 제외,8092,화곡동,265500000,352100000,259600000,477400000,0.66,ok
면적 없음·대상 거래 제외,8093,화곡동,306500000,331900000,244700000,450000000,0.66,ok
면적 없음·대상 거래 제외,8094,화곡동,311500000,330500000,243700000,448200000,0.66,ok
면적 없음·대상 거래 제외,8095,화곡동,262500000,352800000,260200000,478400000,0.66,ok
면적 없음·대상 거래 제외,8096,화곡동,303500000,332600000,245200000,451000000,0.66,ok
면적 없음·대상 거래 제외,8097,화곡동,308500000,331200000,244200000,449100000,0.66,ok
면적 없음·대상 거래 제외,8098,화곡동,135000000,194900000,156100000,243300000,0.75,ok
면적 없음·대상 거래 제외,8099,화곡동,155000000,166800000,133600000,208300000,0.75,ok
면적 없음·대상 거래 제외,8100,화곡동,140000000,178400000,118300000,269100000,0.55,ok
면적 없음·대상 거래 제외,8101,화곡동,370000000,249200000,165200000,375900000,0.56,ok
면적 없음·대상 거래 제외,8102,화곡동,158000000,177800000,117900000,268300000,0.5,ok
면적 없음·대상 거래 제외,8105,화곡동,240000000,190400000,126200000,287300000,0.55,ok
면적 없음·대상 거래 제외,8106,화곡동,200000000,206100000,136600000,310800000,0.58,ok
면적 없음·대상 거래 제외,8107,화곡동,190000000,217500000,183000000,258500000,0.83,ok
면적 없음·대상 거래 제외,8108,화곡동,195000000,223200000,187800000,265200000,0.84,ok
면적 없음·대상 거래 제외,8110,화곡동,245000000,263500000,211000000,329000000,0.8,ok
면적 없음·대상 거래 제외,8112,화곡동,280000000,249600000,210100000,296700000,0.84,ok
면적 없음·대상 거래 제외,8116,화곡동,340000000,296600000,196600000,447500000,0.55,ok
면적 없음·대상 거래 제외,8117,화곡동,190000000,274100000,230600000,325700000,0.84,ok
면적 없음·대상 거래 제외,8119,화곡동,237000000,228600000,183100000,285400000,0.75,ok
면적 없음·대상 거래 제외,8127,화곡동,233000000,222800000,147700000,336100000,0.58,ok
면적 없음·대상 거래 제외,8128,화곡동,329000000,310700000,206000000,468700000,0.5,ok
면적 없음·대상 거래 제외,8129,화곡동,165000000,175800000,116600000,265300000,0.56,ok
면적 없음·대상 거래 제외,8131,화곡동,300000000,284900000,210100000,386300000,0.66,ok
면적 없음·대상 거래 제외,8132,화곡동,156000000,184000000,135700000,249500000,0.69,ok
면적 없음·대상 거래 제외,8133,화곡동,160000000,116800000,77400000,176200000,0.59,ok
면적 없음·대상 거래 제외,8134,화곡동,224000000,167000000,110700000,252000000,0.59,ok
면적 없음·대상 거래 제외,8139,화곡동,196500000,202500000,134200000,305500000,0.5,ok
면적 없음·대상 거래 제외,8141,화곡동,230000000,191100000,126700000,288300000,0.59,ok
면적 없음·대상 거래 제외,8142,화곡동,110000000,161500000,107100000,243700000,0.43,ok
면적 없음·대상 거래 제외,8147,화곡동,177000000,165800000,109900000,250200000,0.57,ok
면적 없음·대상 거래 제외,8150,화곡동,210000000,170200000,143200000,202300000,0.82,ok
면적 없음·대상 거래 제외,8152,화곡동,260000000,197100000,145400000,267300000,0.67,ok
면적 없음·대상 거래 제외,8154,화곡동,80000000,255800000,169500000,385800000,0.39,ok
면적 없음·대상 거래 제외,8155,화곡동,278000000,294200000,195000000,443800000,0.57,ok
면적 없음·대상 거래 제외,8157,화곡동,230000000,224200000,148700000,338300000,0.58,ok
면적 없음·대상 거래 제외,8160,화곡동,60000000,100900000,66900000,152200000,0.39,ok
면적 없음·대상 거래 제외,8161,화곡동,210000000,210500000,177100000,250100000,0.82,ok
면적 없음·대상 거래 제외,8162,화곡동,257000000,198100000,158700000,247400000,0.75,ok
면적 없음·대상 거래 제외,8163,화곡동,300000000,174500000,146800000,207400000,0.82,ok
면적 없음·대상 거래 제외,8164,화곡동,170000000,170100000,112800000,256700000,0.53,ok
면적 없음·대상 거래 제외,8165,화곡동,199000000,239900000,159000000,361900000,0.58,ok
면적 없음·대상 거래 제외,8171,화곡동,280000000,229000000,151800000,345500000,0.58,ok
면적 없음·대상 거래 제외,8172,화곡동,110000000,191300000,126800000,288600000,0.3,ok
면적 없음·대상 거래 제외,8174,화곡동,430000000,341800000,252100000,463500000,0.61,ok
면적 없음·대상 거래 제외,8177,화곡동,217000000,256100000,169700000,386300000,0.51,ok
면적 없음·대상 거래 제외,8181,화곡동,250000000,229100000,183500000,286100000,0.72,ok
면적 없음·대상 거래 제외,8183,화곡동,300000000,255400000,169300000,385300000,0.49,ok
면적 없음·대상 거래 제외,8186,화곡동,390000000,242200000,160600000,365400000,0.57,ok
면적 없음·대상 거래 제외,8188,화곡동,167500000,215500000,142900000,325100000,0.58,ok
면적 없음·대상 거래 제외,8189,화곡동,110000000,167600000,123600000,227300000,0.67,ok
면적 없음·대상 거래 제외,8191,화곡동,277000000,268600000,226000000,319200000,0.83,ok
면적 없음·대상 거래 제외,8192,화곡동,200000000,190800000,126500000,287800000,0.33,ok
면적 없음·대상 거래 제외,8193,화곡동,229000000,239100000,191500000,298500000,0.74,ok
면적 없음·대상 거래 제외,8194,화곡동,277000000,244700000,162200000,369200000,0.56,ok
면적 없음·대상 거래 제외,8195,화곡동,233000000,223600000,188100000,265700000,0.84,ok
면적 없음·대상 거래 제외,8198,화곡동,145000000,157300000,104300000,237300000,0.4,ok
면적 없음·대상 거래 제외,8199,화곡동,280000000,235900000,174000000,319900000,0.69,ok
면적 없음·대상 거래 제외,8201,화곡동,190000000,180200000,119500000,271800000,0.32,ok
면적 없음·대상 거래 제외,8204,화곡동,390000000,205200000,136000000,309500000,0.29,ok
면적 없음·대상 거래 제외,8207,화곡동,189000000,265400000,223300000,315400000,0.81,ok
면적 없음·대상 거래 제외,8209,화곡동,150000000,134000000,88800000,202100000,0.42,ok
면적 없음·대상 거래 제외,8211,화곡동,137000000,185200000,148300000,231200000,0.8,ok
면적 없음·대상 거래 제외,8214,화곡동,240000000,279300000,235000000,331900000,0.85,ok
면적 없음·대상 거래 제외,8216,화곡동,150000000,185200000,148400000,231300000,0.77,ok
면적 없음·대상 거래 제외,8217,화곡동,210000000,207000000,137200000,312300000,0.59,ok
면적 없음·대상 거래 제외,8219,화곡동,370000000,315900000,253000000,394400000,0.77,ok
면적 없음·대상 거래 제외,8221,화곡동,245000000,220400000,162500000,298900000,0.66,ok
면적 없음·대상 거래 제외,8223,화곡동,155000000,188900000,125200000,284900000,0.54,ok
면적 없음·대상 거래 제외,8225,화곡동,190000000,160500000,106400000,242100000,0.4,ok
면적 없음·대상 거래 제외,8226,화곡동,165000000,221300000,177300000,276400000,0.79,ok
면적 없음·대상 거래 제외,8228,화곡동,90000000,117100000,77600000,176700000,0.48,ok
면적 없음·대상 거래 제외,8229,화곡동,230000000,227000000,150500000,342400000,0.58,ok
면적 없음·대상 거래 제외,8230,화곡동,184000000,288200000,191100000,434800000,0.6,ok
면적 없음·대상 거래 제외,8231,화곡동,220000000,189500000,159400000,225200000,0.82,ok
면적 없음·대상 거래 제외,8233,화곡동,178000000,179600000,151100000,213400000,0.83,ok
면적 없음·대상 거래 제외,8235,화곡동,258000000,271200000,200000000,367700000,0.66,ok
면적 없음·대상 거래 제외,8236,화곡동,278000000,223600000,148300000,337300000,0.57,ok
면적 없음·대상 거래 제외,8237,화곡동,220000000,230700000,152900000,347900000,0.55,ok
면적 없음·대상 거래 제외,8239,화곡동,305000000,306000000,257500000,363600000,0.84,ok
면적 없음·대상 거래 제외,8242,화곡동,154500000,174600000,139800000,218000000,0.73,ok
면적 없음·대상 거래 제외,8243,화곡동,201000000,219700000,184900000,261100000,0.8,ok
면적 없음·대상 거래 제외,8248,화곡동,405000000,406900000,342400000,483600000,0.86,ok
면적 없음·대상 거래 제외,8251,화곡동,276800000,287400000,241900000,341600000,0.85,ok
면적 없음·대상 거래 제외,8258,화곡동,230000000,155900000,131200000,185300000,0.82,ok
면적 없음·대상 거래 제외,8259,화곡동,330000000,233900000,196800000,277900000,0.85,ok
면적 없음·대상 거래 제외,8260,화곡동,290000000,207500000,137500000,312900000,0.32,ok
면적 없음·대상 거래 제외,8262,화곡동,140000000,169300000,142500000,201200000,0.85,ok
면적 없음·대상 거래 제외,8263,화곡동,240000000,153100000,128800000,181900000,0.83,ok
면적 없음·대상 거래 제외,8267,화곡동,242000000,262900000,221200000,312400000,0.83,ok
면적 없음·대상 거래 제외,8269,화곡동,160000000,186000000,149000000,232200000,0.75,ok
면적 없음·대상 거래 제외,8270,화곡동,193000000,155500000,103100000,234500000,0.29,ok
면적 없음·대상 거래 제외,8272,화곡동,55000000,106300000,70400000,160300000,0.22,ok
면적 없음·대상 거래 제외,8273,화곡동,220000000,344500000,275900000,430200000,0.78,ok
면적 없음·대상 거래 제외,8274,화곡동,140000000,165500000,132600000,206700000,0.76,ok
면적 없음·대상 거래 제외,8275,화곡동,125000000,153900000,113500000,208600000,0.67,ok
면적 없음·대상 거래 제외,8277,화곡동,185000000,260700000,219400000,309900000,0.81,ok
면적 없음·대상 거래 제외,8278,화곡동,125000000,178900000,118600000,269800000,0.34,ok
면적 없음·대상 거래 제외,8279,화곡동,190000000,204100000,135300000,307900000,0.6,ok
면적 없음·대상 거래 제외,8282,화곡동,215000000,199400000,159700000,248900000,0.79,ok
면적 없음·대상 거래 제외,8285,화곡동,185000000,187100000,157500000,222400000,0.85,ok
면적 없음·대상 거래 제외,8286,화곡동,250000000,206300000,136800000,311200000,0.47,ok
면적 없음·대상 거래 제외,8289,화곡동,175000000,247800000,208500000,294500000,0.85,ok
면적 없음·대상 거래 제외,8290,화곡동,258000000,193400000,128200000,291700000,0.31,ok
면적 없음·대상 거래 제외,8295,화곡동,275000000,247700000,208400000,294300000,0.8,ok
면적 없음·대상 거래 제외,8296,화곡동,202500000,221500000,186400000,263200000,0.85,ok
면적 없음·대상 거래 제외,8300,화곡동,230000000,252400000,186100000,342200000,0.68,ok
면적 없음·대상 거래 제외,8301,화곡동,186800000,204500000,150800000,277300000,0.6,ok
면적 없음·대상 거래 제외,8302,화곡동,270000000,229500000,152100000,346200000,0.56,ok
면적 없음·대상 거래 제외,8304,화곡동,145000000,118600000,99800000,140900000,0.83,ok
면적 없음·대상 거래 제외,8306,화곡동,215000000,234200000,172700000,317600000,0.65,ok
면적 없음·대상 거래 제외,8307,화곡동,168000000,193900000,163200000,230500000,0.82,ok
면적 없음·대상 거래 제외,8309,화곡동,202000000,186200000,123400000,280800000,0.28,ok
면적 없음·대상 거래 제외,8310,화곡동,290000000,230400000,152700000,347500000,0.54,ok
면적 없음·대상 거래 제외,8311,화곡동,270000000,290700000,192700000,438500000,0.59,ok
면적 없음·대상 거래 제외,8312,화곡동,260000000,241200000,159900000,363800000,0.46,ok
면적 없음·대상 거래 제외,8314,화곡동,225000000,318400000,211100000,480300000,0.3,ok
면적 없음·대상 거래 제외,8315,화곡동,289000000,297600000,250500000,353700000,0.84,ok
면적 없음·대상 거래 제외,8316,화곡동,261000000,255000000,214600000,303000000,0.88,ok
면적 없음·대상 거래 제외,8317,화곡동,287000000,236000000,198600000,280500000,0.84,ok
면적 없음·대상 거래 제외,8320,화곡동,300000000,278800000,234600000,331300000,0.85,ok
면적 없음·대상 거래 제외,8324,화곡동,279000000,267800000,214500000,334300000,0.76,ok
면적 없음·대상 거래 제외,8326,화곡동,177500000,204100000,135300000,307900000,0.55,ok
면적 없음·대상 거래 제외,8329,화곡동,230000000,229000000,151800000,345400000,0.6,ok
면적 없음·대상 거래 제외,8332,화곡동,152000000,157800000,126400000,197100000,0.77,ok
면적 없음·대상 거래 제외,8333,화곡동,255000000,413500000,274100000,623800000,0.55,ok
면적 없음·대상 거래 제외,8334,화곡동,220000000,183700000,154600000,218300000,0.82,ok
면적 없음·대상 거래 제외,8340,화곡동,185000000,216500000,173400000,270300000,0.79,ok
면적 없음·대상 거래 제외,8341,화곡동,260000000,244800000,180500000,331900000,0.68,ok
면적 없음·대상 거래 제외,8342,화곡동,290000000,202800000,134400000,305900000,0.59,ok
면적 없음·대상 거래 제외,8345,화곡동,295000000,268400000,225800000,318900000,0.81,ok
면적 없음·대상 거래 제외,8349,화곡동,184000000,126400000,83800000,190700000,0.22,ok
면적 없음·대상 거래 제외,8350,화곡동,174000000,177300000,117600000,267500000,0.33,ok
면적 없음·대상 거래 제외,8351,화곡동,140000000,165600000,109700000,249700000,0.33,ok
면적 없음·대상 거래 제외,8352,화곡동,255000000,208200000,138000000,314100000,0.59,ok
면적 없음·대상 거래 제외,8355,화곡동,270000000,271700000,180100000,409900000,0.57,ok
면적 없음·대상 거래 제외,8357,화곡동,295000000,273100000,218800000,341000000,0.79,ok
면적 없음·대상 거래 제외,8359,화곡동,245000000,220800000,146400000,333100000,0.54,ok
면적 없음·대상 거래 제외,8360,화곡동,235000000,217400000,182900000,258300000,0.84,ok
면적 없음·대상 거래 제외,8361,화곡동,280000000,239900000,159000000,361900000,0.58,ok
면적 없음·대상 거래 제외,8363,화곡동,325000000,221000000,146500000,333400000,0.28,ok
면적 없음·대상 거래 제외,8365,화곡동,220000000,287600000,230400000,359100000,0.76,ok
면적 없음·대상 거래 제외,8373,화곡동,227000000,277100000,204400000,375800000,0.66,ok
면적 없음·대상 거래 제외,8374,화곡동,400000000,192800000,127800000,290800000,0.32,ok
면적 없음·대상 거래 제외,8375,화곡동,325000000,239100000,158500000,360700000,0.56,ok
면적 없음·대상 거래 제외,8376,화곡동,173000000,185600000,123000000,280000000,0.58,ok
면적 없음·대상 거래 제외,8378,화곡동,190000000,255200000,188200000,346100000,0.67,ok
면적 없음·대상 거래 제외,8379,화곡동,317000000,284100000,227500000,354700000,0.8,ok
면적 없음·대상 거래 제외,8380,화곡동,273000000,260900000,219500000,310000000,0.83,ok
면적 없음·대상 거래 제외,8384,화곡동,240000000,156000000,103400000,235300000,0.32,ok
면적 없음·대상 거래 제외,8386,화곡동,150000000,224000000,148500000,337900000,0.59,ok
면적 없음·대상 거래 제외,8387,화곡동,285000000,212400000,140800000,320400000,0.59,ok
면적 없음·대상 거래 제외,8389,화곡동,270000000,254800000,214400000,302800000,0.83,ok
면적 없음·대상 거래 제외,8391,화곡동,300000000,200000000,132600000,301700000,0.32,ok
면적 없음·대상 거래 제외,8392,화곡동,185000000,213400000,141500000,322000000,0.31,ok
면적 없음·대상 거래 제외,8394,화곡동,170000000,163200000,130700000,203800000,0.8,ok
면적 없음·대상 거래 제외,8396,화곡동,300000000,201200000,133400000,303500000,0.33,ok
면적 없음·대상 거래 제외,8397,화곡동,240000000,199400000,132200000,300800000,0.32,ok
면적 없음·대상 거래 제외,8399,화곡동,210000000,231200000,185100000,288600000,0.8,ok
면적 없음·대상 거래 제외,8400,화곡동,170000000,170400000,113000000,257100000,0.55,ok
면적 없음·대상 거래 제외,8401,화곡동,380000000,370200000,273000000,502000000,0.61,ok
면적 없음·대상 거래 제외,8402,화곡동,135000000,198400000,131500000,299300000,0.46,ok
면적 없음·대상 거래 제외,8403,화곡동,200000000,207700000,174800000,246900000,0.84,ok
면적 없음·대상 거래 제외,8404,화곡동,110000000,142000000,94100000,214200000,0.54,ok
면적 없음·대상 거래 제외,8405,화곡동,168000000,177500000,117700000,267700000,0.6,ok
면적 없음·대상 거래 제외,8406,화곡동,299000000,279100000,185000000,421100000,0.58,ok
면적 없음·대상 거래 제외,8409,화곡동,130000000,162800000,107900000,245600000,0.36,ok
면적 없음·대상 거래 제외,8413,화곡동,270000000,231500000,153500000,349200000,0.58,ok
면적 없음·대상 거래 제외,8414,화곡동,185000000,208000000,175000000,247200000,0.84,ok
면적 없음·대상 거래 제외,8415,화곡동,340000000,274200000,181800000,413600000,0.24,ok
면적 없음·대상 거래 제외,8416,화곡동,180000000,187700000,124400000,283200000,0.52,ok
면적 없음·대상 거래 제외,8417,화곡동,340000000,212500000,140900000,320600000,0.28,ok
면적 없음·대상 거래 제외,8418,화곡동,140000000,142400000,105000000,193200000,0.6,ok
면적 없음·대상 거래 제외,8419,화곡동,205000000,233900000,155100000,352800000,0.59,ok
면적 없음·대상 거래 제외,8421,화곡동,77000000,167500000,111000000,252700000,0.41,ok
면적 없음·대상 거래 제외,8426,화곡동,160000000,185300000,122900000,279600000,0.33,ok
면적 없음·대상 거래 제외,8430,화곡동,186750000,246100000,163200000,371300000,0.33,ok
면적 없음·대상 거래 제외,8434,화곡동,208000000,180200000,119500000,271800000,0.57,ok
면적 없음·대상 거래 제외,8438,화곡동,215000000,217300000,144100000,327800000,0.47,ok
면적 없음·대상 거래 제외,8440,화곡동,250000000,239000000,158400000,360500000,0.57,ok
면적 없음·대상 거래 제외,8442,화곡동,185000000,159100000,127400000,198700000,0.73,ok
면적 없음·대상 거래 제외,8443,화곡동,215000000,237100000,157200000,357700000,0.57,ok
면적 없음·대상 거래 제외,8446,화곡동,385000000,304900000,224900000,413500000,0.64,ok
면적 없음·대상 거래 제외,8449,화곡동,154100000,259300000,171900000,391200000,0.57,ok
면적 없음·대상 거래 제외,8451,화곡동,278000000,257000000,170400000,387600000,0.57,ok
면적 없음·대상 거래 제외,8454,화곡동,235000000,146100000,96900000,220400000,0.54,ok
면적 없음·대상 거래 제외,8455,화곡동,300000000,253100000,213000000,300800000,0.8,ok
면적 없음·대상 거래 제외,8458,화곡동,172000000,198600000,131600000,299600000,0.58,ok
면적 없음·대상 거래 제외,8460,화곡동,190000000,208500000,138200000,314500000,0.59,ok
면적 없음·대상 거래 제외,8461,화곡동,167000000,187100000,124000000,282200000,0.53,ok
면적 없음·대상 거래 제외,8462,화곡동,190000000,239300000,191700000,298800000,0.74,ok
면적 없음·대상 거래 제외,8463,화곡동,166000000,191200000,126700000,288400000,0.6,ok
면적 없음·대상 거래 제외,8464,화곡동,155000000,196800000,157600000,245700000,0.71,ok
면적 없음·대상 거래 제외,8467,화곡동,260000000,227000000,167400000,307800000,0.62,ok
면적 없음·대상 거래 제외,8468,화곡동,149000000,194900000,129200000,293900000,0.56,ok
면적 없음·대상 거래 제외,8469,화곡동,165000000,170200000,143300000,202300000,0.85,ok
면적 없음·대상 거래 제외,8470,화곡동,245000000,256700000,170100000,387200000,0.56,ok
면적 없음·대상 거래 제외,8471,화곡동,220000000,240100000,159200000,362300000,0.59,ok
면적 없음·대상 거래 제외,8472,화곡동,240000000,197500000,130900000,298000000,0.54,ok
면적 없음·대상 거래 제외,8473,화곡동,285000000,227500000,150800000,343200000,0.59,ok
면적 없음·대상 거래 제외,8474,화곡동,130000000,183400000,121600000,276600000,0.3,ok
면적 없음·대상 거래 제외,8476,화곡동,108000000,131400000,87100000,198200000,0.51,ok
면적 없음·대상 거래 제외,8479,화곡동,268000000,216300000,173200000,270100000,0.8,ok
면적 없음·대상 거래 제외,8483,화곡동,170000000,143100000,120400000,170100000,0.84,ok
면적 없음·대상 거래 제외,8484,화곡동,234000000,233500000,187000000,291500000,0.77,ok
면적 없음·대상 거래 제외,8485,화곡동,220000000,231000000,153200000,348500000,0.28,ok
면적 없음·대상 거래 제외,8486,화곡동,220000000,262100000,173700000,395300000,0.54,ok
면적 없음·대상 거래 제외,8487,화곡동,220000000,247000000,182100000,334900000,0.6,ok
면적 없음·대상 거래 제외,8488,화곡동,255000000,255500000,169300000,385300000,0.57,ok
면적 없음·대상 거래 제외,8489,화곡동,190000000,200500000,132900000,302400000,0.56,ok
면적 없음·대상 거래 제외,8490,화곡동,205000000,182900000,121200000,275800000,0.57,ok
면적 없음·대상 거래 제외,8491,화곡동,295000000,234500000,155500000,353700000,0.25,ok
면적 없음·대상 거래 제외,8492,화곡동,240000000,267600000,177400000,403700000,0.54,ok
면적 없음·대상 거래 제외,8493,화곡동,188000000,235700000,188700000,294200000,0.79,ok
면적 없음·대상 거래 제외,8494,화곡동,250000000,236300000,189200000,295000000,0.78,ok
면적 없음·대상 거래 제외,8496,화곡동,215000000,224000000,165200000,303700000,0.68,ok
면적 없음·대상 거래 제외,8497,화곡동,200000000,233000000,171800000,315900000,0.67,ok
면적 없음·대상 거래 제외,8498,화곡동,233000000,192000000,127300000,289600000,0.56,ok
면적 없음·대상 거래 제외,8501,화곡동,165000000,219200000,161600000,297200000,0.6,ok
면적 없음·대상 거래 제외,8502,화곡동,140000000,145900000,116800000,182100000,0.79,ok
면적 없음·대상 거래 제외,8505,화곡동,250000000,214400000,142100000,323400000,0.56,ok
면적 없음·대상 거래 제외,8507,화곡동,235000000,246300000,197200000,307500000,0.8,ok
면적 없음·대상 거래 제외,8510,화곡동,287000000,218500000,183900000,259700000,0.84,ok
면적 없음·대상 거래 제외,8511,화곡동,297000000,229800000,152300000,346600000,0.48,ok
면적 없음·대상 거래 제외,8512,화곡동,207500000,222200000,147300000,335100000,0.58,ok
면적 없음·대상 거래 제외,8516,화곡동,300000000,189500000,125600000,285900000,0.59,ok
면적 없음·대상 거래 제외,8517,화곡동,265000000,206600000,137000000,311600000,0.59,ok
면적 없음·대상 거래 제외,8519,화곡동,183000000,122300000,98000000,152700000,0.75,ok
면적 없음·대상 거래 제외,8520,화곡동,260000000,248500000,183200000,337000000,0.6,ok
면적 없음·대상 거래 제외,8523,화곡동,215000000,188700000,125100000,284700000,0.56,ok
면적 없음·대상 거래 제외,8524,화곡동,250000000,234100000,155200000,353100000,0.56,ok
면적 없음·대상 거래 제외,8528,화곡동,237000000,273200000,218800000,341100000,0.76,ok
면적 없음·대상 거래 제외,8529,화곡동,170000000,165200000,109500000,249300000,0.32,ok
면적 없음·대상 거래 제외,8549,화곡동,124000000,163100000,130700000,203700000,0.8,ok
면적 없음·대상 거래 제외,8550,화곡동,200000000,216900000,143800000,327200000,0.59,ok
면적 없음·대상 거래 제외,8551,화곡동,220000000,206600000,137000000,311700000,0.59,ok
면적 없음·대상 거래 제외,8554,화곡동,355000000,330700000,219200000,498900000,0.49,ok
면적 없음·대상 거래 제외,8555,화곡동,230000000,222500000,147500000,335600000,0.56,ok
면적 없음·대상 거래 제외,8557,화곡동,180000000,170700000,125900000,231500000,0.67,ok
면적 없음·대상 거래 제외,8558,화곡동,220000000,165000000,109400000,248900000,0.29,ok
면적 없음·대상 거래 제외,8561,화곡동,220000000,184400000,122200000,278100000,0.32,ok
면적 없음·대상 거래 제외,8564,화곡동,148000000,253600000,168100000,382500000,0.56,ok
면적 없음·대상 거래 제외,8566,화곡동,205000000,171000000,113400000,257900000,0.31,ok
면적 없음·대상 거래 제외,8567,화곡동,140000000,155300000,102900000,234200000,0.31,ok
면적 없음·대상 거래 제외,8568,화곡동,249000000,172600000,114500000,260400000,0.54,ok
면적 없음·대상 거래 제외,8570,화곡동,240000000,229900000,152400000,346800000,0.3,ok
면적 없음·대상 거래 제외,8572,화곡동,156000000,161000000,129000000,201000000,0.79,ok
면적 없음·대상 거래 제외,8577,화곡동,100000000,125200000,100300000,156400000,0.71,ok
면적 없음·대상 거래 제외,8578,화곡동,239000000,219700000,184900000,261100000,0.83,ok
면적 없음·대상 거래 제외,8580,화곡동,185000000,180400000,133000000,244600000,0.67,ok
면적 없음·대상 거래 제외,8584,화곡동,297000000,226000000,149800000,340900000,0.57,ok
면적 없음·대상 거래 제외,8585,화곡동,346500000,394000000,290600000,534300000,0.69,ok
면적 없음·대상 거래 제외,8587,화곡동,235000000,213000000,179200000,253100000,0.82,ok
면적 없음·대상 거래 제외,8588,화곡동,79000000,256200000,169800000,386400000,0.33,ok
면적 없음·대상 거래 제외,8595,화곡동,279000000,214700000,142300000,323900000,0.58,ok
면적 없음·대상 거래 제외,8596,화곡동,155000000,172500000,145100000,205000000,0.81,ok
면적 없음·대상 거래 제외,8597,화곡동,340000000,252300000,167300000,380600000,0.31,ok
면적 없음·대상 거래 제외,8598,화곡동,313000000,305100000,256800000,362600000,0.89,ok
면적 없음·대상 거래 제외,8599,화곡동,367000000,302200000,200400000,455900000,0.57,ok
면적 없음·대상 거래 제외,8602,화곡동,180000000,201400000,169500000,239300000,0.81,ok
면적 없음·대상 거래 제외,8605,화곡동,120000000,157700000,104600000,237900000,0.31,ok
면적 없음·대상 거래 제외,8606,화곡동,180000000,242300000,160600000,365500000,0.52,ok
면적 없음·대상 거래 제외,8616,화곡동,139000000,168700000,141900000,200400000,0.81,ok
면적 없음·대상 거래 제외,8618,화곡동,300000000,288300000,191100000,435000000,0.6,ok
면적 없음·대상 거래 제외,8620,화곡동,240000000,259500000,172000000,391400000,0.57,ok
면적 없음·대상 거래 제외,8621,화곡동,163000000,186200000,149100000,232500000,0.76,ok
면적 없음·대상 거래 제외,8623,화곡동,310000000,300200000,199000000,452900000,0.51,ok
면적 없음·대상 거래 제외,8625,화곡동,230000000,174400000,139700000,217800000,0.78,ok
면적 없음·대상 거래 제외,8627,화곡동,310000000,194300000,143300000,263500000,0.67,ok
면적 없음·대상 거래 제외,8631,화곡동,355000000,246800000,163600000,372200000,0.47,ok
면적 없음·대상 거래 제외,8633,화곡동,200000000,198000000,131200000,298600000,0.56,ok
면적 없음·대상 거래 제외,8634,화곡동,340000000,283800000,188100000,428000000,0.53,ok
면적 없음·대상 거래 제외,8635,화곡동,235000000,201900000,133800000,304500000,0.3,ok
면적 없음·대상 거래 제외,8636,화곡동,330000000,311600000,206500000,470000000,0.58,ok
면적 없음·대상 거래 제외,8638,화곡동,280000000,269800000,178900000,407000000,0.57,ok
면적 없음·대상 거래 제외,8639,화곡동,190000000,287300000,190400000,433400000,0.59,ok
면적 없음·대상 거래 제외,8641,화곡동,385500000,480400000,354300000,651500000,0.65,ok
면적 없음·대상 거래 제외,8642,화곡동,399500000,474600000,350000000,643600000,0.65,ok
면적 없음·대상 거래 제외,8643,화곡동,410500000,467300000,344600000,633700000,0.65,ok
면적 없음·대상 거래 제외,8644,화곡동,391500000,479000000,353300000,649600000,0.65,ok
면적 없음·대상 거래 제외,8645,화곡동,405500000,473300000,349000000,641800000,0.65,ok
면적 없음·대상 거래 제외,8646,화곡동,416500000,466000000,343600000,631900000,0.65,ok
면적 없음·대상 거래 제외,8647,화곡동,391500000,470600000,347000000,638100000,0.65,ok
면적 없음·대상 거래 제외,8648,화곡동,405500000,464900000,342800000,630400000,0.65,ok
면적 없음·대상 거래 제외,8649,화곡동,416500000,457800000,337600000,620800000,0.65,ok
면적 없음·대상 거래 제외,8650,화곡동,343000000,448300000,330600000,608000000,0.65,ok
면적 없음·대상 거래 제외,8651,화곡동,379000000,428500000,316000000,581000000,0.65,ok
면적 없음·대상 거래 제외,8652,화곡동,395500000,424000000,312700000,575000000,0.65,ok
면적 없음·대상 거래 제외,8653,화곡동,276500000,396400000,292300000,537500000,0.66,ok
면적 없음·대상 거래 제외,8654,화곡동,314500000,382900000,282400000,519300000,0.66,ok
면적 없음·대상 거래 제외,8655,화곡동,347500000,366600000,270400000,497200000,0.66,ok
면적 없음·대상 거래 제외,8657,화곡동,230000000,187700000,124400000,283100000,0.49,ok
면적 없음·대상 거래 제외,8660,화곡동,328000000,247300000,182400000,335400000,0.63,ok
면적 없음·대상 거래 제외,8661,화곡동,250000000,285300000,240100000,339000000,0.81,ok
면적 없음·대상 거래 제외,8662,화곡동,190000000,180700000,152100000,214800000,0.87,ok
면적 없음·대상 거래 제외,8664,화곡동,270000000,224300000,179700000,280100000,0.77,ok
면적 없음·대상 거래 제외,8665,화곡동,145000000,155700000,103200000,234800000,0.32,ok
면적 없음·대상 거래 제외,8666,화곡동,220000000,222300000,147300000,335300000,0.57,ok
면적 없음·대상 거래 제외,8667,화곡동,340000000,282200000,226000000,352300000,0.78,ok
면적 없음·대상 거래 제외,8668,화곡동,175000000,282200000,237500000,335400000,0.82,ok
면적 없음·대상 거래 제외,8680,화곡동,90000000,143200000,94900000,216000000,0.41,ok
면적 없음·대상 거래 제외,8681,화곡동,239000000,161800000,107300000,244100000,0.58,ok
면적 없음·대상 거래 제외,8683,화곡동,270000000,261700000,173500000,394800000,0.53,ok
면적 없음·대상 거래 제외,8687,화곡동,225000000,179800000,119200000,271200000,0.55,ok
면적 없음·대상 거래 제외,8689,화곡동,210000000,232800000,154300000,351200000,0.32,ok
면적 없음·대상 거래 제외,8690,화곡동,249000000,182800000,121200000,275800000,0.33,ok
면적 없음·대상 거래 제외,8692,화곡동,260000000,204800000,135800000,309000000,0.48,ok
면적 없음·대상 거래 제외,8693,화곡동,208000000,232200000,171200000,314900000,0.68,ok
면적 없음·대상 거래 제외,8694,화곡동,375000000,339400000,271800000,423800000,0.75,ok
면적 없음·대상 거래 제외,8695,화곡동,277000000,233100000,171900000,316100000,0.6,ok
면적 없음·대상 거래 제외,8696,화곡동,250000000,202100000,134000000,304900000,0.32,ok
면적 없음·대상 거래 제외,8698,화곡동,225000000,235200000,156000000,354900000,0.57,ok
면적 없음·대상 거래 제외,8699,화곡동,285000000,222000000,147200000,334800000,0.53,ok
면적 없음·대상 거래 제외,8701,화곡동,185000000,214500000,171800000,267800000,0.79,ok
면적 없음·대상 거래 제외,8703,화곡동,225000000,231400000,194700000,275000000,0.81,ok
면적 없음·대상 거래 제외,8706,화곡동,295000000,204700000,172200000,243200000,0.84,ok
면적 없음·대상 거래 제외,8707,화곡동,130000000,195100000,129400000,294400000,0.52,ok
면적 없음·대상 거래 제외,8708,화곡동,163000000,154300000,102300000,232700000,0.58,ok
면적 없음·대상 거래 제외,8709,화곡동,255000000,214100000,141900000,322900000,0.46,ok
면적 없음·대상 거래 제외,8710,화곡동,150000000,205600000,136300000,310200000,0.54,ok
면적 없음·대상 거래 제외,8714,화곡동,365000000,297400000,250300000,353500000,0.86,ok
면적 없음·대상 거래 제외,8716,화곡동,220000000,226100000,181100000,282300000,0.76,ok
면적 없음·대상 거래 제외,8717,화곡동,235000000,188100000,124700000,283700000,0.58,ok
면적 없음·대상 거래 제외,8719,화곡동,90000000,116200000,77100000,175300000,0.57,ok
면적 없음·대상 거래 제외,8720,화곡동,100000000,170000000,112700000,256500000,0.55,ok
면적 없음·대상 거래 제외,8721,화곡동,215000000,204200000,135400000,308000000,0.54,ok
면적 없음·대상 거래 제외,8723,화곡동,250000000,282200000,187100000,425700000,0.59,ok
면적 없음·대상 거래 제외,8724,화곡동,263000000,293900000,194800000,443400000,0.59,ok
면적 없음·대상 거래 제외,8729,화곡동,270000000,182300000,120800000,274900000,0.33,ok
면적 없음·대상 거래 제외,8730,화곡동,260000000,231500000,153500000,349200000,0.57,ok
면적 없음·대상 거래 제외,8734,화곡동,200000000,200100000,132700000,301900000,0.32,ok
면적 없음·대상 거래 제외,8737,화곡동,225000000,249700000,165500000,376600000,0.57,ok
면적 없음·대상 거래 제외,8738,화곡동,220000000,172700000,114500000,260500000,0.32,ok
면적 없음·대상 거래 제외,8742,화곡동,290000000,267400000,177300000,403400000,0.49,ok
면적 없음·대상 거래 제외,8744,화곡동,203000000,222400000,164000000,301700000,0.64,ok
면적 없음·대상 거래 제외,8747,화곡동,255000000,237400000,157400000,358100000,0.32,ok
면적 없음·대상 거래 제외,8751,화곡동,142000000,155600000,103200000,234700000,0.56,ok
면적 없음·대상 거래 제외,8755,화곡동,242000000,215400000,181200000,256000000,0.86,ok
면적 없음·대상 거래 제외,8756,화곡동,150000000,195100000,164200000,231900000,0.84,ok
면적 없음·대상 거래 제외,8757,화곡동,290000000,226000000,166600000,306500000,0.65,ok
면적 없음·대상 거래 제외,8758,화곡동,285000000,291200000,193100000,439300000,0.56,ok
면적 없음·대상 거래 제외,8759,화곡동,190000000,246400000,181700000,334100000,0.6,ok
면적 없음·대상 거래 제외,8760,화곡동,228000000,169400000,112300000,255600000,0.32,ok
면적 없음·대상 거래 제외,8762,화곡동,145000000,157800000,126400000,197100000,0.77,ok
면적 없음·대상 거래 제외,8764,화곡동,122000000,146500000,97100000,221000000,0.49,ok
면적 없음·대상 거래 제외,8765,화곡동,272000000,196700000,130400000,296600000,0.33,ok
면적 없음·대상 거래 제외,8768,화곡동,138000000,183200000,121400000,276300000,0.54,ok
면적 없음·대상 거래 제외,8769,화곡동,150000000,156000000,103400000,235400000,0.32,ok
면적 없음·대상 거래 제외,8772,화곡동,287000000,212400000,178800000,252400000,0.83,ok
면적 없음·대상 거래 제외,8775,화곡동,272000000,225800000,149700000,340600000,0.57,ok
면적 없음·대상 거래 제외,8777,화곡동,175000000,224200000,148600000,338200000,0.52,ok
면적 없음·대상 거래 제외,8778,화곡동,305000000,259500000,172000000,391400000,0.58,ok
면적 없음·대상 거래 제외,8780,화곡동,197000000,186100000,123400000,280700000,0.57,ok
면적 없음·대상 거래 제외,8781,화곡동,160000000,192100000,127400000,289800000,0.56,ok
면적 없음·대상 거래 제외,8782,화곡동,213000000,245700000,206800000,292000000,0.84,ok
면적 없음·대상 거래 제외,8783,화곡동,128000000,162500000,107700000,245100000,0.57,ok
면적 없음·대상 거래 제외,8786,화곡동,269000000,270200000,199200000,366400000,0.66,ok
면적 없음·대상 거래 제외,8787,화곡동,170000000,193300000,128100000,291500000,0.33,ok
면적 없음·대상 거래 제외,8788,화곡동,210000000,207900000,137800000,313700000,0.5,ok
면적 없음·대상 거래 제외,8790,화곡동,151000000,190300000,126200000,287100000,0.32,ok
면적 없음·대상 거래 제외,8791,화곡동,159000000,195400000,129500000,294800000,0.48,ok
면적 없음·대상 거래 제외,8792,화곡동,288000000,246100000,163100000,371200000,0.58,ok
면적 없음·대상 거래 제외,8793,화곡동,200000000,182200000,134300000,247000000,0.69,ok
면적 없음·대상 거래 제외,8794,화곡동,52000000,123400000,81800000,186200000,0.22,ok
면적 없음·대상 거래 제외,8796,화곡동,170000000,189000000,125300000,285000000,0.52,ok
면적 없음·대상 거래 제외,8797,화곡동,350000000,265100000,195500000,359500000,0.67,ok
면적 없음·대상 거래 제외,8798,화곡동,236000000,249600000,184000000,338500000,0.65,ok
면적 없음·대상 거래 제외,8802,화곡동,250000000,240000000,192200000,299700000,0.75,ok
면적 없음·대상 거래 제외,8805,화곡동,310000000,276000000,182900000,416300000,0.56,ok
면적 없음·대상 거래 제외,8810,화곡동,193000000,177200000,149100000,210600000,0.82,ok
면적 없음·대상 거래 제외,8811,화곡동,248000000,262400000,220800000,311800000,0.86,ok
면적 없음·대상 거래 제외,8814,화곡동,200000000,246700000,163500000,372100000,0.49,ok
면적 없음·대상 거래 제외,8817,화곡동,250000000,266800000,176900000,402500000,0.58,ok
면적 없음·대상 거래 제외,8818,화곡동,190000000,200700000,133000000,302700000,0.59,ok
면적 없음·대상 거래 제외,8819,화곡동,130000000,154600000,102500000,233100000,0.42,ok
면적 없음·대상 거래 제외,8824,화곡동,218000000,153800000,101900000,232000000,0.6,ok
면적 없음·대상 거래 제외,8826,화곡동,153000000,149900000,126100000,178100000,0.86,ok
면적 없음·대상 거래 제외,8827,화곡동,102000000,137600000,91200000,207500000,0.57,ok
면적 없음·대상 거래 제외,8828,화곡동,137000000,192900000,154500000,240800000,0.79,ok
면적 없음·대상 거래 제외,8829,화곡동,137000000,170000000,112700000,256400000,0.32,ok
면적 없음·대상 거래 제외,8830,화곡동,188000000,190600000,126300000,287500000,0.58,ok
면적 없음·대상 거래 제외,8834,화곡동,260000000,258000000,171000000,389200000,0.58,ok
면적 없음·대상 거래 제외,8835,화곡동,220000000,201900000,133800000,304500000,0.32,ok
면적 없음·대상 거래 제외,8836,화곡동,160000000,158000000,104800000,238400000,0.56,ok
면적 없음·대상 거래 제외,8839,화곡동,220000000,204000000,135300000,307800000,0.32,ok
면적 없음·대상 거래 제외,8841,화곡동,222500000,228400000,151400000,344600000,0.59,ok
면적 없음·대상 거래 제외,8844,화곡동,218000000,220700000,146300000,332900000,0.59,ok
면적 없음·대상 거래 제외,8847,화곡동,263000000,247700000,182700000,335900000,0.69,ok
면적 없음·대상 거래 제외,8848,화곡동,200000000,198200000,131400000,299000000,0.32,ok
면적 없음·대상 거래 제외,8849,화곡동,257000000,199200000,167600000,236700000,0.86,ok
면적 없음·대상 거래 제외,8850,화곡동,218000000,160700000,106500000,242400000,0.52,ok
면적 없음·대상 거래 제외,8852,화곡동,177000000,180700000,133300000,245100000,0.66,ok
면적 없음·대상 거래 제외,8854,화곡동,400000000,324800000,215300000,490000000,0.56,ok
면적 없음·대상 거래 제외,8856,화곡동,350000000,244100000,161800000,368200000,0.52,ok
면적 없음·대상 거래 제외,8857,화곡동,245000000,274100000,219500000,342200000,0.71,ok
면적 없음·대상 거래 제외,8858,화곡동,180000000,213000000,179200000,253100000,0.84,ok
면적 없음·대상 거래 제외,8859,화곡동,171000000,223200000,178800000,278700000,0.78,ok
면적 없음·대상 거래 제외,8862,화곡동,180000000,179500000,119000000,270800000,0.57,ok
면적 없음·대상 거래 제외,8864,화곡동,200000000,128200000,85000000,193300000,0.29,ok
면적 없음·대상 거래 제외,8866,화곡동,239000000,261000000,219600000,310100000,0.82,ok
면적 없음·대상 거래 제외,8867,화곡동,237000000,279800000,185500000,422000000,0.55,ok
면적 없음·대상 거래 제외,8869,화곡동,278000000,228900000,151800000,345300000,0.55,ok
면적 없음·대상 거래 제외,8870,화곡동,95000000,124000000,82200000,187100000,0.34,ok
면적 없음·대상 거래 제외,8872,화곡동,264000000,149900000,99400000,226100000,0.58,ok
면적 없음·대상 거래 제외,8874,화곡동,185000000,252100000,201900000,314800000,0.78,ok
면적 없음·대상 거래 제외,8876,화곡동,210000000,196900000,130500000,297000000,0.59,ok
면적 없음·대상 거래 제외,8877,화곡동,160000000,159500000,105700000,240600000,0.33,ok
면적 없음·대상 거래 제외,8880,화곡동,160000000,109100000,72300000,164600000,0.53,ok
면적 없음·대상 거래 제외,8881,화곡동,235000000,280600000,186000000,423200000,0.55,ok
면적 없음·대상 거래 제외,8883,화곡동,230000000,261000000,173100000,393800000,0.53,ok
면적 없음·대상 거래 제외,8886,화곡동,299000000,273700000,181400000,412800000,0.25,ok
면적 없음·대상 거래 제외,8887,화곡동,275000000,282300000,187200000,425900000,0.26,ok
면적 없음·대상 거래 제외,8888,화곡동,210000000,175400000,116300000,264600000,0.31,ok
면적 없음·대상 거래 제외,8889,화곡동,148000000,162500000,130100000,202900000,0.79,ok
면적 없음·대상 거래 제외,8893,화곡동,213000000,170900000,113300000,257800000,0.3,ok
면적 없음·대상 거래 제외,8896,화곡동,261500000,261400000,192800000,354500000,0.66,ok
면적 없음·대상 거래 제외,8897,화곡동,50000000,101600000,67300000,153200000,0.22,ok
면적 없음·대상 거래 제외,8899,화곡동,278000000,283200000,187700000,427100000,0.57,ok
면적 없음·대상 거래 제외,8904,화곡동,260000000,255000000,214600000,303000000,0.88,ok
면적 없음·대상 거래 제외,8905,화곡동,215000000,165200000,109500000,249300000,0.55,ok
면적 없음·대상 거래 제외,8908,화곡동,170000000,243300000,161300000,366900000,0.46,ok
면적 없음·대상 거래 제외,8911,화곡동,165000000,174900000,147200000,207900000,0.85,ok
면적 없음·대상 거래 제외,8912,화곡동,233000000,190700000,140600000,258600000,0.68,ok
면적 없음·대상 거래 제외,8913,화곡동,230000000,205700000,173100000,244400000,0.82,ok
면적 없음·대상 거래 제외,8918,화곡동,240000000,236800000,157000000,357200000,0.54,ok
면적 없음·대상 거래 제외,8919,화곡동,185000000,228400000,182900000,285100000,0.77,ok
면적 없음·대상 거래 제외,8920,화곡동,230000000,229700000,152300000,346500000,0.59,ok
면적 없음·대상 거래 제외,8921,화곡동,350000000,222100000,177900000,277300000,0.76,ok
면적 없음·대상 거래 제외,8922,화곡동,445000000,282300000,187100000,425800000,0.25,ok
면적 없음·대상 거래 제외,8923,화곡동,197000000,257600000,170800000,388600000,0.53,ok
면적 없음·대상 거래 제외,8924,화곡동,327000000,349900000,294500000,415800000,0.84,ok
면적 없음·대상 거래 제외,8925,화곡동,338000000,247700000,164200000,373600000,0.56,ok
면적 없음·대상 거래 제외,8930,화곡동,113000000,133700000,88600000,201600000,0.42,ok
면적 없음·대상 거래 제외,8931,화곡동,277000000,220600000,146300000,332800000,0.57,ok
면적 없음·대상 거래 제외,8933,화곡동,207000000,240600000,177400000,326200000,0.67,ok
면적 없음·대상 거래 제외,8934,화곡동,110000000,125400000,83100000,189100000,0.22,ok
면적 없음·대상 거래 제외,8935,화곡동,185000000,194000000,155400000,242300000,0.79,ok
면적 없음·대상 거래 제외,8936,화곡동,210000000,237800000,157600000,358600000,0.52,ok
면적 없음·대상 거래 제외,8938,화곡동,200000000,201200000,133400000,303500000,0.57,ok
면적 없음·대상 거래 제외,8939,화곡동,120000000,186000000,123300000,280500000,0.58,ok
면적 없음·대상 거래 제외,8940,화곡동,220000000,222300000,187000000,264200000,0.84,ok
면적 없음·대상 거래 제외,8944,화곡동,257000000,242100000,160500000,365200000,0.33,ok
면적 없음·대상 거래 제외,8945,화곡동,230000000,220200000,146000000,332100000,0.56,ok
면적 없음·대상 거래 제외,8947,화곡동,330000000,266800000,224500000,317100000,0.82,ok
면적 없음·대상 거래 제외,8950,화곡동,175000000,224400000,179700000,280100000,0.77,ok
면적 없음·대상 거래 제외,8951,화곡동,210000000,187400000,124200000,282700000,0.32,ok
면적 없음·대상 거래 제외,8953,화곡동,175000000,190900000,140800000,258900000,0.66,ok
면적 없음·대상 거래 제외,8962,화곡동,200000000,215000000,180900000,255500000,0.82,ok
면적 없음·대상 거래 제외,8963,화곡동,93000000,101900000,67500000,153600000,0.5,ok
면적 없음·대상 거래 제외,8966,화곡동,220000000,160400000,106300000,242000000,0.28,ok
면적 없음·대상 거래 제외,8968,화곡동,150000000,154600000,130100000,183700000,0.81,ok
면적 없음·대상 거래 제외,8969,화곡동,185000000,183200000,154200000,217800000,0.84,ok
면적 없음·대상 거래 제외,8970,화곡동,195000000,202800000,134400000,305900000,0.58,ok
면적 없음·대상 거래 제외,8973,화곡동,255000000,368600000,244400000,556100000,0.5,ok
면적 없음·대상 거래 제외,8977,화곡동,257000000,188100000,124700000,283800000,0.33,ok
면적 없음·대상 거래 제외,8978,화곡동,238000000,232200000,153900000,350200000,0.5,ok
면적 없음·대상 거래 제외,8980,화곡동,115000000,169300000,135600000,211400000,0.76,ok
면적 없음·대상 거래 제외,8984,화곡동,340000000,191500000,161100000,227500000,0.85,ok
면적 없음·대상 거래 제외,8985,화곡동,285000000,276800000,183500000,417500000,0.57,ok
면적 없음·대상 거래 제외,8986,화곡동,133000000,128600000,103000000,160500000,0.73,ok
면적 없음·대상 거래 제외,8987,화곡동,270000000,175100000,116100000,264200000,0.31,ok
면적 없음·대상 거래 제외,8988,화곡동,235000000,165700000,109800000,250000000,0.32,ok
면적 없음·대상 거래 제외,8989,화곡동,135000000,221800000,147000000,334600000,0.59,ok
면적 없음·대상 거래 제외,8992,화곡동,170000000,177600000,149400000,211100000,0.84,ok
면적 없음·대상 거래 제외,8993,화곡동,210000000,190000000,159900000,225800000,0.84,ok
면적 없음·대상 거래 제외,8994,화곡동,220000000,204800000,135800000,308900000,0.56,ok
면적 없음·대상 거래 제외,8996,화곡동,180000000,201500000,169600000,239500000,0.83,ok
면적 없음·대상 거래 제외,8999,화곡동,250000000,244300000,195700000,305000000,0.79,ok
면적 없음·대상 거래 제외,9004,화곡동,210000000,184100000,154900000,218800000,0.82,ok
면적 없음·대상 거래 제외,9005,화곡동,215000000,223600000,188100000,265700000,0.82,ok
면적 없음·대상 거래 제외,9007,화곡동,300000000,254800000,214400000,302800000,0.83,ok
면적 없음·대상 거래 제외,9009,화곡동,290000000,251200000,211300000,298500000,0.82,ok
면적 없음·대상 거래 제외,9011,화곡동,290000000,266000000,176300000,401300000,0.56,ok
면적 없음·대상 거래 제외,9012,화곡동,208000000,206700000,137100000,311900000,0.52,ok
면적 없음·대상 거래 제외,9014,화곡동,227000000,200900000,133200000,303100000,0.6,ok
면적 없음·대상 거래 제외,9016,화곡동,330000000,224600000,148900000,338800000,0.52,ok
면적 없음·대상 거래 제외,9021,화곡동,213000000,283500000,209100000,384500000,0.68,ok
면적 없음·대상 거래 제외,9024,화곡동,238000000,266100000,223900000,316200000,0.82,ok
면적 없음·대상 거래 제외,9025,화곡동,285000000,248300000,209000000,295100000,0.82,ok
면적 없음·대상 거래 제외,9026,화곡동,188000000,225800000,180900000,282000000,0.73,ok
면적 없음·대상 거래 제외,9027,화곡동,375000000,292700000,194000000,441500000,0.25,ok
면적 없음·대상 거래 제외,9030,화곡동,265000000,237700000,175300000,322400000,0.67,ok
면적 없음·대상 거래 제외,9032,화곡동,174000000,217800000,174400000,271900000,0.74,ok
면적 없음·대상 거래 제외,9033,화곡동,185000000,195300000,129500000,294700000,0.56,ok
면적 없음·대상 거래 제외,9034,화곡동,240000000,170100000,112800000,256600000,0.33,ok
면적 없음·대상 거래 제외,9035,화곡동,260000000,247000000,182200000,335000000,0.6,ok
면적 없음·대상 거래 제외,9036,화곡동,240000000,224000000,165200000,303700000,0.68,ok
면적 없음·대상 거래 제외,9041,화곡동,170000000,151500000,127500000,180100000,0.86,ok
면적 없음·대상 거래 제외,9044,화곡동,200000000,198000000,131200000,298700000,0.55,ok
면적 없음·대상 거래 제외,9045,화곡동,263000000,216400000,143500000,326400000,0.58,ok
면적 없음·대상 거래 제외,9048,화곡동,216000000,229400000,152000000,346000000,0.57,ok
면적 없음·대상 거래 제외,9049,화곡동,390000000,279300000,185200000,421300000,0.28,ok
면적 없음·대상 거래 제외,9052,화곡동,220000000,185400000,122900000,279600000,0.27,ok
면적 없음·대상 거래 제외,9054,화곡동,195000000,203100000,134600000,306300000,0.32,ok
면적 없음·대상 거래 제외,9056,화곡동,250000000,298200000,250900000,354400000,0.83,ok
면적 없음·대상 거래 제외,9058,화곡동,300000000,311000000,261700000,369600000,0.89,ok
면적 없음·대상 거래 제외,9060,화곡동,179000000,190600000,160400000,226500000,0.83,ok
면적 없음·대상 거래 제외,9061,화곡동,152000000,118800000,78700000,179100000,0.36,ok
면적 없음·대상 거래 제외,9064,화곡동,180000000,175200000,116200000,264400000,0.56,ok
면적 없음·대상 거래 제외,9065,화곡동,169000000,191600000,141300000,259800000,0.63,ok
면적 없음·대상 거래 제외,9066,화곡동,171000000,205200000,136100000,309600000,0.58,ok
면적 없음·대상 거래 제외,9067,화곡동,175000000,194700000,163800000,231400000,0.84,ok
면적 없음·대상 거래 제외,9070,화곡동,200000000,224500000,188900000,266800000,0.8,ok
면적 없음·대상 거래 제외,9071,화곡동,215000000,233100000,186700000,291000000,0.79,ok
면적 없음·대상 거래 제외,9072,화곡동,185000000,164800000,109200000,248500000,0.47,ok
면적 없음·대상 거래 제외,9073,화곡동,178000000,179400000,151000000,213200000,0.85,ok
면적 없음·대상 거래 제외,9075,화곡동,220000000,267200000,197000000,362400000,0.64,ok
면적 없음·대상 거래 제외,9076,화곡동,123000000,144700000,95900000,218200000,0.38,ok
면적 없음·대상 거래 제외,9077,화곡동,249000000,233400000,196400000,277300000,0.86,ok
면적 없음·대상 거래 제외,9078,화곡동,180000000,213000000,179200000,253100000,0.84,ok
면적 없음·대상 거래 제외,9079,화곡동,165000000,151500000,100400000,228600000,0.57,ok
면적 없음·대상 거래 제외,9080,화곡동,260000000,261500000,173400000,394500000,0.3,ok
면적 없음·대상 거래 제외,9084,화곡동,359000000,316000000,253100000,394600000,0.79,ok
면적 없음·대상 거래 제외,9089,화곡동,235000000,275600000,231900000,327500000,0.84,ok
면적 없음·대상 거래 제외,9091,화곡동,265000000,207200000,174300000,246200000,0.83,ok
면적 없음·대상 거래 제외,9095,화곡동,234000000,224000000,148500000,337900000,0.59,ok
면적 없음·대상 거래 제외,9096,화곡동,250000000,215900000,181700000,256600000,0.84,ok
면적 없음·대상 거래 제외,9100,화곡동,227000000,233800000,155000000,352600000,0.6,ok
면적 없음·대상 거래 제외,9102,화곡동,150000000,177300000,130800000,240500000,0.66,ok
면적 없음·대상 거래 제외,9104,화곡동,279000000,250300000,210600000,297500000,0.86,ok
면적 없음·대상 거래 제외,9108,화곡동,180000000,175900000,116600000,265300000,0.26,ok
면적 없음·대상 거래 제외,9111,화곡동,230000000,157700000,104500000,237800000,0.31,ok
면적 없음·대상 거래 제외,9115,화곡동,240000000,234300000,197100000,278400000,0.8,ok
면적 없음·대상 거래 제외,9119,화곡동,145000000,191000000,126600000,288100000,0.3,ok
면적 없음·대상 거래 제외,9121,화곡동,420000000,302600000,200600000,456400000,0.48,ok
면적 없음·대상 거래 제외,9123,화곡동,259000000,265100000,195500000,359500000,0.67,ok
면적 없음·대상 거래 제외,9124,화곡동,255000000,277800000,184200000,419100000,0.59,ok
면적 없음·대상 거래 제외,9125,화곡동,182000000,167400000,111000000,252500000,0.56,ok
면적 없음·대상 거래 제외,9126,화곡동,260000000,168600000,111800000,254300000,0.56,ok
면적 없음·대상 거래 제외,9129,화곡동,160000000,168300000,111600000,254000000,0.27,ok
면적 없음·대상 거래 제외,9131,화곡동,165000000,156800000,132000000,186400000,0.82,ok
면적 없음·대상 거래 제외,9133,화곡동,210000000,155000000,102800000,233900000,0.32,ok
면적 없음·대상 거래 제외,9134,화곡동,430000000,275000000,182300000,414900000,0.53,ok
면적 없음·대상 거래 제외,9139,화곡동,150000000,123800000,82100000,186800000,0.23,ok
면적 없음·대상 거래 제외,9140,화곡동,233550000,265800000,196000000,360500000,0.68,ok
면적 없음·대상 거래 제외,9141,화곡동,235940000,265800000,196000000,360500000,0.68,ok
면적 없음·대상 거래 제외,9142,화곡동,235260000,262300000,193400000,355700000,0.68,ok
면적 없음·대상 거래 제외,9143,화곡동,240370000,262300000,193400000,355700000,0.68,ok
면적 없음·대상 거래 제외,9144,화곡동,235940000,265200000,195600000,359700000,0.68,ok
면적 없음·대상 거래 제외,9145,화곡동,238440000,265200000,195600000,359700000,0.68,ok
면적 없음·대상 거래 제외,9146,화곡동,237820000,261800000,193000000,355000000,0.68,ok
면적 없음·대상 거래 제외,9147,화곡동,242930000,261800000,193000000,355000000,0.68,ok
면적 없음·대상 거래 제외,9148,화곡동,239760000,260100000,191800000,352700000,0.68,ok
면적 없음·대상 거래 제외,9149,화곡동,240950000,260100000,191800000,352700000,0.68,ok
면적 없음·대상 거래 제외,9150,화곡동,239160000,256600000,189300000,348000000,0.68,ok
면적 없음·대상 거래 제외,9151,화곡동,242930000,256600000,189300000,348000000,0.68,ok
면적 없음·대상 거래 제외,9152,화곡동,239760000,263800000,194600000,357800000,0.68,ok
면적 없음·대상 거래 제외,9153,화곡동,240950000,263800000,194600000,357800000,0.68,ok
면적 없음·대상 거래 제외,9154,화곡동,242930000,260400000,192000000,353100000,0.68,ok
면적 없음·대상 거래 제외,9155,화곡동,242930000,260400000,192000000,353100000,0.68,ok
면적 없음·대상 거래 제외,9156,화곡동,239760000,263800000,194500000,357700000,0.68,ok
면적 없음·대상 거래 제외,9157,화곡동,242270000,263800000,194500000,357700000,0.68,ok
면적 없음·대상 거래 제외,9158,화곡동,242930000,260300000,191900000,353000000,0.68,ok
면적 없음·대상 거래 제외,9159,화곡동,242930000,260300000,191900000,353000000,0.68,ok
면적 없음·대상 거래 제외,9160,화곡동,224000000,234800000,188000000,293100000,0.74,ok
면적 없음·대상 거래 제외,9162,화곡동,165000000,152000000,100800000,229300000,0.31,ok
면적 없음·대상 거래 제외,9163,화곡동,198000000,181700000,120500000,274100000,0.57,ok
면적 없음·대상 거래 제외,9164,화곡동,278000000,240000000,192200000,299700000,0.75,ok
면적 없음·대상 거래 제외,9168,화곡동,270000000,187900000,124600000,283500000,0.29,ok
면적 없음·대상 거래 제외,9175,화곡동,125000000,213800000,141700000,322500000,0.58,ok
면적 없음·대상 거래 제외,9176,화곡동,200000000,222000000,147200000,334900000,0.55,ok
면적 없음·대상 거래 제외,9177,화곡동,360000000,262600000,221000000,312100000,0.86,ok
면적 없음·대상 거래 제외,9179,화곡동,160000000,175000000,147300000,208000000,0.82,ok
면적 없음·대상 거래 제외,9180,화곡동,250000000,139600000,92600000,210600000,0.28,ok
면적 없음·대상 거래 제외,9181,화곡동,120000000,142800000,114300000,178200000,0.76,ok
면적 없음·대상 거래 제외,9183,화곡동,302000000,317500000,267200000,377300000,0.89,ok
면적 없음·대상 거래 제외,9184,화곡동,266000000,256800000,170200000,387300000,0.53,ok
면적 없음·대상 거래 제외,9188,화곡동,298000000,231400000,170600000,313800000,0.6,ok
면적 없음·대상 거래 제외,9193,화곡동,449000000,302900000,223300000,410700000,0.63,ok
면적 없음·대상 거래 제외,9194,화곡동,155000000,149800000,99300000,225900000,0.57,ok
면적 없음·대상 거래 제외,9196,화곡동,249000000,185300000,155900000,220200000,0.8,ok
면적 없음·대상 거래 제외,9197,화곡동,220000000,199200000,167600000,236700000,0.85,ok
면적 없음·대상 거래 제외,9202,화곡동,270000000,173300000,114900000,261500000,0.25,ok
면적 없음·대상 거래 제외,9207,화곡동,250000000,264600000,195200000,358900000,0.6,ok
면적 없음·대상 거래 제외,9208,화곡동,138000000,134500000,107700000,167900000,0.8,ok
면적 없음·대상 거래 제외,9214,화곡동,140000000,151100000,100200000,228000000,0.51,ok
면적 없음·대상 거래 제외,9215,화곡동,100000000,108400000,71900000,163500000,0.42,ok
면적 없음·대상 거래 제외,9222,화곡동,215000000,155300000,102900000,234200000,0.58,ok
면적 없음·대상 거래 제외,9227,화곡동,175000000,171400000,113600000,258600000,0.31,ok
면적 없음·대상 거래 제외,9228,화곡동,310000000,204900000,135900000,309100000,0.32,ok
면적 없음·대상 거래 제외,9230,화곡동,159000000,184200000,122100000,277900000,0.56,ok
면적 없음·대상 거래 제외,9231,화곡동,190000000,184300000,147600000,230100000,0.71,ok
면적 없음·대상 거래 제외,9232,화곡동,299000000,223600000,148200000,337300000,0.32,ok
면적 없음·대상 거래 제외,9239,화곡동,248000000,283300000,187800000,427300000,0.55,ok
면적 없음·대상 거래 제외,9240,화곡동,550000000,170200000,112800000,256700000,0.3,ok
면적 없음·대상 거래 제외,9244,화곡동,160000000,202700000,162400000,253100000,0.73,ok
면적 없음·대상 거래 제외,9246,화곡동,155000000,177600000,117700000,267900000,0.49,ok
면적 없음·대상 거래 제외,9248,화곡동,270000000,215900000,181700000,256600000,0.84,ok
면적 없음·대상 거래 제외,9249,화곡동,180000000,123200000,81700000,185900000,0.55,ok
면적 없음·대상 거래 제외,9251,화곡동,360000000,211100000,169100000,263600000,0.71,ok
면적 없음·대상 거래 제외,9252,화곡동,287000000,245800000,196900000,306900000,0.78,ok
면적 없음·대상 거래 제외,9254,화곡동,235000000,223900000,179300000,279500000,0.72,ok
면적 없음·대상 거래 제외,9255,화곡동,350000000,333000000,280200000,395700000,0.9,ok
면적 없음·대상 거래 제외,9260,화곡동,380000000,267900000,177600000,404100000,0.54,ok
면적 없음·대상 거래 제외,9261,화곡동,471000000,308600000,247200000,385400000,0.79,ok
면적 없음·대상 거래 제외,9263,화곡동,180000000,177000000,117300000,267000000,0.58,ok
면적 없음·대상 거래 제외,9265,화곡동,250000000,162600000,107800000,245200000,0.59,ok
면적 없음·대상 거래 제외,9266,화곡동,239000000,254900000,214500000,302900000,0.82,ok
면적 없음·대상 거래 제외,9267,화곡동,170000000,187500000,157700000,222800000,0.83,ok
면적 없음·대상 거래 제외,9268,화곡동,400000000,346200000,229500000,522300000,0.47,ok
면적 없음·대상 거래 제외,9271,화곡동,183000000,355000000,261800000,481400000,0.61,ok
면적 없음·대상 거래 제외,9272,화곡동,215000000,214000000,141900000,322900000,0.57,ok
면적 없음·대상 거래 제외,9277,화곡동,130000000,155400000,130800000,184700000,0.81,ok
면적 없음·대상 거래 제외,9278,화곡동,340000000,122300000,81100000,184500000,0.43,ok
면적 없음·대상 거래 제외,9279,화곡동,140000000,146300000,97000000,220700000,0.32,ok
면적 없음·대상 거래 제외,9283,화곡동,300000000,209700000,139000000,316300000,0.37,ok
면적 없음·대상 거래 제외,9285,화곡동,150000000,133900000,88800000,202100000,0.39,ok
면적 없음·대상 거래 제외,9286,화곡동,250000000,264100000,211600000,329800000,0.71,ok
면적 없음·대상 거래 제외,9287,화곡동,100000000,140300000,93000000,211700000,0.31,ok
면적 없음·대상 거래 제외,9288,화곡동,190000000,210400000,139500000,317400000,0.55,ok
면적 없음·대상 거래 제외,9292,화곡동,157000000,187200000,124100000,282300000,0.54,ok
면적 없음·대상 거래 제외,9294,화곡동,220000000,220000000,145800000,331800000,0.59,ok
면적 없음·대상 거래 제외,9295,화곡동,230000000,249100000,209600000,296000000,0.85,ok
면적 없음·대상 거래 제외,9299,화곡동,246000000,271000000,228000000,322100000,0.82,ok
면적 없음·대상 거래 제외,9301,화곡동,238000000,258100000,171100000,389300000,0.55,ok
면적 없음·대상 거래 제외,9302,화곡동,183000000,289000000,191600000,435900000,0.56,ok
면적 없음·대상 거래 제외,9303,화곡동,310000000,281300000,236700000,334200000,0.87,ok
면적 없음·대상 거래 제외,9304,화곡동,230000000,216700000,143600000,326900000,0.57,ok
면적 없음·대상 거래 제외,9305,화곡동,225000000,207000000,174200000,246000000,0.81,ok
면적 없음·대상 거래 제외,9307,화곡동,251000000,246500000,163400000,371800000,0.6,ok
면적 없음·대상 거래 제외,9308,화곡동,165000000,153300000,101600000,231200000,0.57,ok
면적 없음·대상 거래 제외,9309,화곡동,90000000,110300000,73100000,166400000,0.53,ok
면적 없음·대상 거래 제외,9310,화곡동,264000000,228200000,151300000,344300000,0.32,ok
면적 없음·대상 거래 제외,9316,화곡동,250000000,263200000,210800000,328700000,0.71,ok
면적 없음·대상 거래 제외,9317,화곡동,290000000,238200000,200400000,283000000,0.84,ok
면적 없음·대상 거래 제외,9320,화곡동,195000000,163600000,108400000,246800000,0.58,ok
면적 없음·대상 거래 제외,9326,화곡동,190000000,183800000,121900000,277300000,0.55,ok
면적 없음·대상 거래 제외,9328,화곡동,210000000,236100000,174100000,320200000,0.69,ok
면적 없음·대상 거래 제외,9329,화곡동,215000000,227600000,182300000,284100000,0.79,ok
면적 없음·대상 거래 제외,9330,화곡동,215000000,227600000,182300000,284100000,0.79,ok
면적 없음·대상 거래 제외,9331,화곡동,255000000,173600000,139000000,216700000,0.79,ok
면적 없음·대상 거래 제외,9332,화곡동,185000000,268100000,177700000,404400000,0.57,ok
면적 없음·대상 거래 제외,9334,화곡동,104000000,187800000,124500000,283300000,0.57,ok
면적 없음·대상 거래 제외,9336,화곡동,230000000,180400000,151800000,214400000,0.84,ok
면적 없음·대상 거래 제외,9339,화곡동,420000000,300100000,198900000,452700000,0.5,ok
면적 없음·대상 거래 제외,9340,화곡동,265000000,261300000,173200000,394200000,0.51,ok
면적 없음·대상 거래 제외,9344,화곡동,150000000,215800000,143100000,325600000,0.4,ok
면적 없음·대상 거래 제외,9345,화곡동,120000000,209600000,138900000,316100000,0.59,ok
면적 없음·대상 거래 제외,9346,화곡동,194000000,202500000,170400000,240600000,0.82,ok
면적 없음·대상 거래 제외,9347,화곡동,250000000,239100000,191500000,298500000,0.74,ok
면적 없음·대상 거래 제외,9348,화곡동,173000000,197000000,130600000,297100000,0.58,ok
면적 없음·대상 거래 제외,9349,화곡동,131000000,219200000,184400000,260500000,0.81,ok
면적 없음·대상 거래 제외,9351,화곡동,212000000,211000000,139900000,318300000,0.58,ok
면적 없음·대상 거래 제외,9352,화곡동,255000000,241600000,203300000,287100000,0.81,ok
면적 없음·대상 거래 제외,9354,화곡동,307000000,248500000,199000000,310300000,0.79,ok
면적 없음·대상 거래 제외,9355,화곡동,220000000,216400000,143400000,326400000,0.57,ok
면적 없음·대상 거래 제외,9357,화곡동,285000000,221200000,186200000,262900000,0.84,ok
면적 없음·대상 거래 제외,9358,화곡동,90000000,96100000,63700000,145000000,0.53,ok
면적 없음·대상 거래 제외,9360,화곡동,169000000,175500000,116300000,264700000,0.52,ok
면적 없음·대상 거래 제외,9361,화곡동,135000000,129500000,103700000,161700000,0.79,ok
면적 없음·대상 거래 제외,9362,화곡동,105000000,126900000,84100000,191400000,0.48,ok
면적 없음·대상 거래 제외,9364,화곡동,235000000,213000000,141200000,321400000,0.56,ok
면적 없음·대상 거래 제외,9368,화곡동,187000000,195600000,156600000,244200000,0.8,ok
면적 없음·대상 거래 제외,9369,화곡동,203000000,163600000,137600000,194400000,0.83,ok
면적 없음·대상 거래 제외,9373,화곡동,270000000,172000000,144700000,204300000,0.83,ok
면적 없음·대상 거래 제외,9374,화곡동,206000000,255600000,169400000,385600000,0.57,ok
면적 없음·대상 거래 제외,9375,화곡동,140000000,113400000,75200000,171100000,0.54,ok
면적 없음·대상 거래 제외,9377,화곡동,222000000,215100000,181000000,255600000,0.81,ok
면적 없음·대상 거래 제외,9379,화곡동,240000000,189200000,151500000,236200000,0.76,ok
면적 없음·대상 거래 제외,9382,화곡동,310000000,239500000,201500000,284600000,0.8,ok
면적 없음·대상 거래 제외,9383,화곡동,258000000,256800000,216100000,305200000,0.85,ok
면적 없음·대상 거래 제외,9384,화곡동,90000000,165100000,109400000,249000000,0.32,ok
면적 없음·대상 거래 제외,9385,화곡동,272000000,189300000,125500000,285500000,0.32,ok
면적 없음·대상 거래 제외,9390,화곡동,208000000,198000000,131300000,298700000,0.59,ok
면적 없음·대상 거래 제외,9391,화곡동,285000000,288900000,243100000,343300000,0.81,ok
면적 없음·대상 거래 제외,9392,화곡동,200000000,279400000,235100000,332000000,0.83,ok
면적 없음·대상 거래 제외,9395,화곡동,430000000,215900000,143100000,325700000,0.49,ok
면적 없음·대상 거래 제외,9397,화곡동,250000000,188500000,125000000,284400000,0.53,ok
면적 없음·대상 거래 제외,9398,화곡동,247000000,149100000,98800000,224900000,0.52,ok
면적 없음·대상 거래 제외,9401,화곡동,240000000,267200000,197000000,362400000,0.64,ok
면적 없음·대상 거래 제외,9405,화곡동,230000000,200500000,147800000,271900000,0.66,ok
면적 없음·대상 거래 제외,9406,화곡동,153000000,133900000,88800000,202000000,0.2,ok
면적 없음·대상 거래 제외,9409,화곡동,160000000,206000000,136500000,310700000,0.52,ok
면적 없음·대상 거래 제외,9417,화곡동,160000000,192200000,127400000,290000000,0.58,ok
면적 없음·대상 거래 제외,9420,화곡동,300000000,200800000,133100000,302900000,0.32,ok
면적 없음·대상 거래 제외,9421,화곡동,170000000,188400000,124900000,284200000,0.59,ok
면적 없음·대상 거래 제외,9423,화곡동,200000000,241400000,160000000,364200000,0.57,ok
면적 없음·대상 거래 제외,9425,화곡동,232000000,311300000,261900000,369900000,0.85,ok
면적 없음·대상 거래 제외,9427,화곡동,290000000,244300000,195600000,305000000,0.77,ok
면적 없음·대상 거래 제외,9428,화곡동,398000000,257900000,206600000,322100000,0.77,ok
면적 없음·대상 거래 제외,9430,화곡동,245000000,207100000,174300000,246100000,0.81,ok
면적 없음·대상 거래 제외,9431,화곡동,330000000,271200000,217200000,338600000,0.78,ok
면적 없음·대상 거래 제외,9432,화곡동,205000000,207900000,166500000,259600000,0.78,ok
면적 없음·대상 거래 제외,9434,화곡동,175000000,169300000,124900000,229600000,0.7,ok
면적 없음·대상 거래 제외,9437,화곡동,228000000,207200000,137300000,312500000,0.6,ok
면적 없음·대상 거래 제외,9440,화곡동,198000000,219500000,175800000,274000000,0.77,ok
면적 없음·대상 거래 제외,9441,화곡동,400000000,243900000,205200000,289800000,0.83,ok
면적 없음·대상 거래 제외,9443,화곡동,227000000,279100000,185000000,421000000,0.54,ok
면적 없음·대상 거래 제외,9444,화곡동,298000000,265700000,176100000,400700000,0.57,ok
면적 없음·대상 거래 제외,9450,화곡동,220000000,214400000,142200000,323500000,0.57,ok
면적 없음·대상 거래 제외,9451,화곡동,113000000,207800000,153300000,281900000,0.64,ok
면적 없음·대상 거래 제외,9452,화곡동,150000000,161800000,107200000,244000000,0.52,ok
면적 없음·대상 거래 제외,9453,화곡동,165000000,173000000,114700000,260900000,0.53,ok
면적 없음·대상 거래 제외,9455,화곡동,160000000,165000000,121700000,223800000,0.65,ok
면적 없음·대상 거래 제외,9458,화곡동,223000000,254800000,187900000,345600000,0.61,ok
면적 없음·대상 거래 제외,9460,화곡동,175000000,187500000,157700000,222800000,0.83,ok
면적 없음·대상 거래 제외,9463,화곡동,240000000,207600000,174700000,246700000,0.83,ok
면적 없음·대상 거래 제외,9464,화곡동,260000000,246900000,182100000,334900000,0.6,ok
면적 없음·대상 거래 제외,9468,화곡동,164000000,187300000,124100000,282500000,0.57,ok
면적 없음·대상 거래 제외,9469,화곡동,283500000,276800000,221700000,345600000,0.8,ok
면적 없음·대상 거래 제외,9471,화곡동,110000000,116200000,77100000,175300000,0.46,ok
면적 없음·대상 거래 제외,9473,화곡동,135000000,132700000,97900000,180000000,0.61,ok
면적 없음·대상 거래 제외,9475,화곡동,175000000,163300000,137400000,194000000,0.81,ok
면적 없음·대상 거래 제외,9477,화곡동,120960000,188800000,151200000,235800000,0.74,ok
면적 없음·대상 거래 제외,9478,화곡동,123650000,188200000,124800000,283900000,0.52,ok
면적 없음·대상 거래 제외,9479,화곡동,134400000,285600000,240300000,339400000,0.85,ok
면적 없음·대상 거래 제외,9480,화곡동,151000000,138000000,91500000,208200000,0.28,ok
면적 없음·대상 거래 제외,9483,화곡동,490000000,317000000,210200000,478200000,0.56,ok
면적 없음·대상 거래 제외,9484,화곡동,242000000,221200000,146700000,333700000,0.57,ok
면적 없음·대상 거래 제외,9485,화곡동,230000000,232200000,154000000,350300000,0.57,ok
면적 없음·대상 거래 제외,9487,화곡동,280000000,245800000,163000000,370800000,0.55,ok
면적 없음·대상 거래 제외,9488,화곡동,160000000,160600000,106500000,242300000,0.54,ok
면적 없음·대상 거래 제외,9489,화곡동,250000000,231200000,194600000,274800000,0.83,ok
면적 없음·대상 거래 제외,9491,화곡동,194000000,183700000,121800000,277100000,0.31,ok
면적 없음·대상 거래 제외,9492,화곡동,230000000,167900000,111300000,253300000,0.3,ok
면적 없음·대상 거래 제외,9493,화곡동,267000000,190700000,160500000,226600000,0.83,ok
면적 없음·대상 거래 제외,9494,화곡동,296000000,199500000,132300000,300900000,0.32,ok
면적 없음·대상 거래 제외,9499,화곡동,350000000,169500000,112400000,255800000,0.32,ok
면적 없음·대상 거래 제외,9501,화곡동,260000000,292800000,215900000,397100000,0.6,ok
면적 없음·대상 거래 제외,9502,화곡동,200000000,200400000,132900000,302300000,0.32,ok
면적 없음·대상 거래 제외,9503,화곡동,105000000,172100000,114100000,259600000,0.28,ok
면적 없음·대상 거래 제외,9506,화곡동,250000000,252100000,167100000,380300000,0.6,ok
면적 없음·대상 거래 제외,9507,화곡동,250000000,268800000,215300000,335600000,0.71,ok
면적 없음·대상 거래 제외,9508,화곡동,250000000,268800000,215300000,335600000,0.71,ok
면적 없음·대상 거래 제외,9509,화곡동,250000000,267900000,214500000,334400000,0.71,ok
면적 없음·대상 거래 제외,9510,화곡동,250000000,267900000,214500000,334400000,0.71,ok
면적 없음·대상 거래 제외,9511,화곡동,250000000,267400000,225000000,317700000,0.89,ok
면적 없음·대상 거래 제외,9512,화곡동,250000000,265400000,223300000,315400000,0.89,ok
면적 없음·대상 거래 제외,9513,화곡동,250000000,264700000,212000000,330500000,0.71,ok
면적 없음·대상 거래 제외,9514,화곡동,158000000,137300000,91000000,207100000,0.23,ok
면적 없음·대상 거래 제외,9515,화곡동,270000000,223900000,165100000,303600000,0.68,ok
면적 없음·대상 거래 제외,9517,화곡동,265000000,178200000,118100000,268800000,0.6,ok
면적 없음·대상 거래 제외,9519,화곡동,153000000,95400000,63200000,143900000,0.33,ok
면적 없음·대상 거래 제외,9521,화곡동,430000000,281000000,186300000,423900000,0.29,ok
면적 없음·대상 거래 제외,9526,화곡동,183000000,233300000,154600000,351900000,0.29,ok
면적 없음·대상 거래 제외,9527,화곡동,385000000,384300000,254800000,579700000,0.57,ok
면적 없음·대상 거래 제외,9528,화곡동,214000000,179200000,118800000,270400000,0.29,ok
면적 없음·대상 거래 제외,9529,화곡동,248000000,211400000,140200000,319000000,0.55,ok
면적 없음·대상 거래 제외,9530,화곡동,261000000,243000000,179200000,329600000,0.6,ok
면적 없음·대상 거래 제외,9531,화곡동,350000000,221300000,186200000,263000000,0.81,ok
면적 없음·대상 거래 제외,9532,화곡동,165000000,217200000,174000000,271200000,0.7,ok
면적 없음·대상 거래 제외,9533,화곡동,143000000,150800000,99900000,227400000,0.53,ok
면적 없음·대상 거래 제외,9534,화곡동,155000000,193800000,128400000,292300000,0.28,ok
면적 없음·대상 거래 제외,9535,화곡동,210000000,214600000,142300000,323800000,0.57,ok
면적 없음·대상 거래 제외,9539,화곡동,309500000,299500000,252000000,355900000,0.89,ok
면적 없음·대상 거래 제외,9540,화곡동,280000000,226500000,150100000,341600000,0.59,ok
면적 없음·대상 거래 제외,9541,화곡동,259000000,380400000,280500000,515900000,0.68,ok
면적 없음·대상 거래 제외,9542,화곡동,230000000,217300000,160200000,294600000,0.67,ok
면적 없음·대상 거래 제외,9543,화곡동,167000000,240700000,177500000,326500000,0.66,ok
면적 없음·대상 거래 제외,9545,화곡동,97000000,127700000,94100000,173100000,0.65,ok
면적 없음·대상 거래 제외,9550,화곡동,210000000,338600000,224500000,510800000,0.6,ok
면적 없음·대상 거래 제외,9551,화곡동,258000000,223000000,147800000,336300000,0.31,ok
면적 없음·대상 거래 제외,9554,화곡동,129000000,154600000,123800000,193100000,0.72,ok
면적 없음·대상 거래 제외,9556,화곡동,136000000,209800000,176500000,249300000,0.82,ok
면적 없음·대상 거래 제외,9557,화곡동,136000000,102200000,67700000,154100000,0.51,ok
면적 없음·대상 거래 제외,9558,화곡동,180000000,199300000,167700000,236900000,0.82,ok
면적 없음·대상 거래 제외,9559,화곡동,225000000,229000000,183400000,285900000,0.78,ok
면적 없음·대상 거래 제외,9560,화곡동,388000000,325900000,274200000,387300000,0.81,ok
면적 없음·대상 거래 제외,9561,화곡동,265000000,248000000,164400000,374000000,0.33,ok
면적 없음·대상 거래 제외,9562,화곡동,340000000,268500000,178000000,405000000,0.59,ok
면적 없음·대상 거래 제외,9564,화곡동,309000000,189100000,125400000,285300000,0.53,ok
면적 없음·대상 거래 제외,9566,화곡동,350000000,313800000,208000000,473400000,0.56,ok
면적 없음·대상 거래 제외,9569,화곡동,180000000,101200000,67100000,152700000,0.52,ok
면적 없음·대상 거래 제외,9570,화곡동,320000000,322900000,271700000,383700000,0.86,ok
면적 없음·대상 거래 제외,9572,화곡동,158500000,158500000,105100000,239100000,0.32,ok
면적 없음·대상 거래 제외,9574,화곡동,288000000,190100000,126000000,286800000,0.33,ok
면적 없음·대상 거래 제외,9577,화곡동,280000000,264500000,222600000,314300000,0.84,ok
면적 없음·대상 거래 제외,9579,화곡동,200000000,174900000,116000000,263900000,0.55,ok
면적 없음·대상 거래 제외,9580,화곡동,185000000,188600000,125000000,284500000,0.59,ok
면적 없음·대상 거래 제외,9587,화곡동,320000000,277700000,233700000,330000000,0.87,ok
면적 없음·대상 거래 제외,9588,화곡동,225000000,232700000,154300000,351100000,0.58,ok
면적 없음·대상 거래 제외,9589,화곡동,183000000,187100000,124000000,282200000,0.29,ok
면적 없음·대상 거래 제외,9591,화곡동,450000000,374500000,248300000,564900000,0.55,ok
면적 없음·대상 거래 제외,9595,화곡동,300000000,275000000,202800000,372900000,0.65,ok
면적 없음·대상 거래 제외,9596,화곡동,300000000,276200000,183100000,416700000,0.6,ok
면적 없음·대상 거래 제외,9597,화곡동,198000000,229200000,192900000,272400000,0.84,ok
면적 없음·대상 거래 제외,9598,화곡동,249000000,301900000,200200000,455400000,0.6,ok
면적 없음·대상 거래 제외,9599,화곡동,248000000,278400000,205300000,377500000,0.65,ok
면적 없음·대상 거래 제외,9600,화곡동,100000000,168200000,111500000,253700000,0.26,ok
면적 없음·대상 거래 제외,9601,화곡동,195000000,238100000,175500000,322800000,0.67,ok
면적 없음·대상 거래 제외,9603,화곡동,210000000,219000000,175400000,273400000,0.77,ok
면적 없음·대상 거래 제외,9604,화곡동,253000000,168400000,111600000,254000000,0.32,ok
면적 없음·대상 거래 제외,9605,화곡동,150000000,174000000,115300000,262400000,0.3,ok
면적 없음·대상 거래 제외,9606,화곡동,200000000,234200000,155300000,353300000,0.58,ok
면적 없음·대상 거래 제외,9609,화곡동,290000000,252200000,167200000,380500000,0.58,ok
면적 없음·대상 거래 제외,9610,화곡동,240000000,246400000,163300000,371700000,0.32,ok
면적 없음·대상 거래 제외,9611,화곡동,180000000,157300000,116000000,213400000,0.6,ok
면적 없음·대상 거래 제외,9614,화곡동,300000000,268400000,178000000,404900000,0.56,ok
면적 없음·대상 거래 제외,9615,화곡동,153000000,167300000,140800000,198800000,0.8,ok
면적 없음·대상 거래 제외,9618,화곡동,299000000,304100000,255900000,361300000,0.84,ok
면적 없음·대상 거래 제외,9619,화곡동,297000000,241100000,193100000,301100000,0.8,ok
면적 없음·대상 거래 제외,9620,화곡동,297000000,241100000,193100000,301100000,0.8,ok
면적 없음·대상 거래 제외,9621,화곡동,165000000,159800000,105900000,241000000,0.5,ok
면적 없음·대상 거래 제외,9622,화곡동,270000000,226700000,190800000,269400000,0.82,ok
면적 없음·대상 거래 제외,9624,화곡동,210000000,345700000,229200000,521500000,0.48,ok
면적 없음·대상 거래 제외,9626,화곡동,385000000,330600000,219200000,498700000,0.57,ok
면적 없음·대상 거래 제외,9627,화곡동,315000000,299500000,252000000,355900000,0.89,ok
면적 없음·대상 거래 제외,9631,화곡동,258000000,205600000,151600000,278800000,0.65,ok
면적 없음·대상 거래 제외,9634,화곡동,260000000,292200000,193700000,440800000,0.57,ok
면적 없음·대상 거래 제외,9635,화곡동,232000000,156500000,103800000,236100000,0.17,ok
면적 없음·대상 거래 제외,9637,화곡동,190000000,223100000,187700000,265100000,0.87,ok
면적 없음·대상 거래 제외,9638,화곡동,210000000,224500000,179800000,280300000,0.75,ok
면적 없음·대상 거래 제외,9639,화곡동,203000000,240600000,177400000,326200000,0.67,ok
면적 없음·대상 거래 제외,9640,화곡동,268000000,168400000,111600000,254000000,0.23,ok
면적 없음·대상 거래 제외,9641,화곡동,200000000,188800000,125200000,284900000,0.59,ok
면적 없음·대상 거래 제외,9642,화곡동,65200000,113900000,75500000,171700000,0.4,ok
면적 없음·대상 거래 제외,9643,화곡동,190000000,219800000,145700000,331600000,0.57,ok
면적 없음·대상 거래 제외,9645,화곡동,185000000,161000000,118700000,218300000,0.68,ok
면적 없음·대상 거래 제외,9647,화곡동,195000000,169700000,112500000,255900000,0.47,ok
면적 없음·대상 거래 제외,9648,화곡동,200000000,200200000,132700000,302000000,0.33,ok
면적 없음·대상 거래 제외,9649,화곡동,160000000,173400000,145900000,206000000,0.81,ok
면적 없음·대상 거래 제외,9650,화곡동,256000000,244800000,196000000,305600000,0.77,ok
면적 없음·대상 거래 제외,9651,화곡동,129000000,158500000,105000000,239000000,0.49,ok
면적 없음·대상 거래 제외,9655,화곡동,105000000,180000000,119300000,271500000,0.23,ok
면적 없음·대상 거래 제외,9656,화곡동,455000000,344300000,228200000,519300000,0.54,ok
면적 없음·대상 거래 제외,9657,화곡동,370000000,279900000,235500000,332600000,0.85,ok
면적 없음·대상 거래 제외,9658,화곡동,71000000,78000000,51700000,117600000,0.5,ok
면적 없음·대상 거래 제외,9659,화곡동,245000000,227000000,167400000,307800000,0.62,ok
면적 없음·대상 거래 제외,9667,화곡동,460000000,317000000,210200000,478200000,0.53,ok
면적 없음·대상 거래 제외,9668,화곡동,220000000,201200000,148400000,272900000,0.67,ok
면적 없음·대상 거래 제외,9670,화곡동,235000000,237200000,157200000,357800000,0.58,ok
면적 없음·대상 거래 제외,9672,화곡동,255000000,184800000,122500000,278800000,0.29,ok
면적 없음·대상 거래 제외,9675,화곡동,300000000,297500000,250400000,353600000,0.82,ok
면적 없음·대상 거래 제외,9676,화곡동,135000000,154500000,130000000,183600000,0.8,ok
면적 없음·대상 거래 제외,9677,화곡동,245000000,181000000,152300000,215100000,0.86,ok
면적 없음·대상 거래 제외,9678,화곡동,225000000,267500000,177300000,403500000,0.54,ok
면적 없음·대상 거래 제외,9679,화곡동,330000000,261400000,220000000,310700000,0.82,ok
면적 없음·대상 거래 제외,9680,화곡동,209000000,175700000,147900000,208800000,0.82,ok
면적 없음·대상 거래 제외,9681,화곡동,110000000,173700000,115200000,262100000,0.32,ok
면적 없음·대상 거래 제외,9688,화곡동,200000000,248900000,165000000,375500000,0.59,ok
면적 없음·대상 거래 제외,9690,화곡동,249000000,280700000,186100000,423400000,0.58,ok
면적 없음·대상 거래 제외,9692,화곡동,315000000,327000000,216800000,493200000,0.57,ok
면적 없음·대상 거래 제외,9693,화곡동,195000000,184600000,122300000,278400000,0.32,ok
면적 없음·대상 거래 제외,9694,화곡동,265000000,385100000,324000000,457600000,0.86,ok
면적 없음·대상 거래 제외,9695,화곡동,119000000,123200000,81600000,185800000,0.37,ok
면적 없음·대상 거래 제외,9696,화곡동,290000000,242800000,160900000,366200000,0.57,ok
면적 없음·대상 거래 제외,9699,화곡동,330000000,155600000,114800000,211000000,0.69,ok
면적 없음·대상 거래 제외,9700,화곡동,190910000,258900000,207400000,323300000,0.8,ok
면적 없음·대상 거래 제외,9702,화곡동,320000000,251900000,211900000,299300000,0.81,ok
면적 없음·대상 거래 제외,9703,화곡동,245000000,248700000,164900000,375200000,0.58,ok
면적 없음·대상 거래 제외,9704,화곡동,100000000,172800000,114600000,260700000,0.22,ok
면적 없음·대상 거래 제외,9705,화곡동,228000000,242800000,161000000,366300000,0.59,ok
면적 없음·대상 거래 제외,9706,화곡동,330000000,155600000,114800000,211000000,0.69,ok
면적 없음·대상 거래 제외,9708,화곡동,310000000,210100000,176800000,249700000,0.85,ok
면적 없음·대상 거래 제외,9709,화곡동,210000000,231300000,153300000,348900000,0.58,ok
면적 없음·대상 거래 제외,9713,화곡동,145000000,142100000,94200000,214400000,0.47,ok
면적 없음·대상 거래 제외,9715,화곡동,146000000,174800000,115900000,263700000,0.45,ok
면적 없음·대상 거래 제외,9716,화곡동,117000000,126000000,83600000,190100000,0.23,ok
면적 없음·대상 거래 제외,9718,화곡동,230000000,289900000,232200000,361900000,0.8,ok
면적 없음·대상 거래 제외,9719,화곡동,220000000,219700000,145600000,331400000,0.58,ok
면적 없음·대상 거래 제외,9720,화곡동,270000000,224900000,149100000,339200000,0.32,ok
면적 없음·대상 거래 제외,9721,화곡동,195000000,184800000,122500000,278700000,0.31,ok
면적 없음·대상 거래 제외,9723,화곡동,348000000,229100000,151900000,345600000,0.51,ok
면적 없음·대상 거래 제외,9726,화곡동,263000000,234700000,197500000,278900000,0.82,ok
면적 없음·대상 거래 제외,9727,화곡동,138000000,172800000,138400000,215800000,0.79,ok
면적 없음·대상 거래 제외,9731,화곡동,233000000,277500000,183900000,418500000,0.59,ok
면적 없음·대상 거래 제외,9734,화곡동,180000000,192200000,127400000,289900000,0.51,ok
면적 없음·대상 거래 제외,9735,화곡동,242000000,221400000,146800000,334000000,0.6,ok
면적 없음·대상 거래 제외,9736,화곡동,245000000,200800000,133100000,302900000,0.56,ok
면적 없음·대상 거래 제외,9737,화곡동,126000000,143600000,115000000,179300000,0.71,ok
면적 없음·대상 거래 제외,9738,화곡동,236000000,179300000,118900000,270500000,0.57,ok
면적 없음·대상 거래 제외,9739,화곡동,210000000,202000000,133900000,304800000,0.54,ok
면적 없음·대상 거래 제외,9740,화곡동,210000000,177500000,149300000,210900000,0.8,ok
면적 없음·대상 거래 제외,9742,화곡동,225000000,237600000,157500000,358400000,0.29,ok
면적 없음·대상 거래 제외,9746,화곡동,130000000,155400000,114600000,210800000,0.65,ok
면적 없음·대상 거래 제외,9747,화곡동,268000000,210600000,177200000,250300000,0.86,ok
면적 없음·대상 거래 제외,9750,화곡동,116000000,127700000,84700000,192700000,0.47,ok
면적 없음·대상 거래 제외,9751,화곡동,350000000,358800000,301900000,426300000,0.9,ok
면적 없음·대상 거래 제외,9752,화곡동,305000000,250800000,211100000,298100000,0.86,ok
면적 없음·대상 거래 제외,9753,화곡동,299000000,188000000,124600000,283600000,0.32,ok
면적 없음·대상 거래 제외,9755,화곡동,170000000,257200000,170500000,387900000,0.33,ok
면적 없음·대상 거래 제외,9756,화곡동,330000000,196400000,130200000,296300000,0.6,ok
면적 없음·대상 거래 제외,9758,화곡동,91000000,113600000,91000000,141800000,0.73,ok
면적 없음·대상 거래 제외,9759,화곡동,185000000,188300000,124800000,284100000,0.53,ok
면적 없음·대상 거래 제외,9760,화곡동,198360000,261000000,173000000,393700000,0.58,ok
면적 없음·대상 거래 제외,9762,화곡동,188000000,163600000,137600000,194400000,0.83,ok
면적 없음·대상 거래 제외,9766,화곡동,141000000,246100000,181500000,333700000,0.61,ok
면적 없음·대상 거래 제외,9767,화곡동,140000000,158600000,127000000,198000000,0.76,ok
면적 없음·대상 거래 제외,9768,화곡동,263000000,230100000,193600000,273400000,0.84,ok
면적 없음·대상 거래 제외,9773,화곡동,210000000,220700000,146300000,332900000,0.57,ok
면적 없음·대상 거래 제외,9774,화곡동,140000000,148200000,98200000,223600000,0.56,ok
면적 없음·대상 거래 제외,9775,화곡동,140000000,169900000,112600000,256300000,0.49,ok
면적 없음·대상 거래 제외,9777,화곡동,250000000,217400000,144100000,327900000,0.58,ok
면적 없음·대상 거래 제외,9784,화곡동,240000000,209600000,138900000,316100000,0.59,ok
면적 없음·대상 거래 제외,9785,화곡동,168000000,156800000,132000000,186400000,0.82,ok
면적 없음·대상 거래 제외,9790,화곡동,345000000,342700000,288400000,407300000,0.85,ok
면적 없음·대상 거래 제외,9791,화곡동,305000000,307000000,258300000,364800000,0.89,ok
면적 없음·대상 거래 제외,9793,화곡동,260000000,278200000,234100000,330600000,0.81,ok
면적 없음·대상 거래 제외,9794,화곡동,275000000,311500000,229700000,422400000,0.61,ok
면적 없음·대상 거래 제외,9796,화곡동,155000000,198500000,131600000,299400000,0.48,ok
면적 없음·대상 거래 제외,9798,화곡동,292500000,183900000,121900000,277300000,0.48,ok
면적 없음·대상 거래 제외,9804,화곡동,368000000,290100000,244100000,344800000,0.86,ok
면적 없음·대상 거래 제외,9807,화곡동,330000000,169700000,112500000,255900000,0.28,ok
면적 없음·대상 거래 제외,9809,화곡동,155000000,174500000,146800000,207400000,0.83,ok
면적 없음·대상 거래 제외,9811,화곡동,232000000,303700000,201300000,458100000,0.58,ok
면적 없음·대상 거래 제외,9813,화곡동,170000000,297400000,197100000,448600000,0.53,ok
면적 없음·대상 거래 제외,9814,화곡동,236000000,188300000,138900000,255400000,0.67,ok
면적 없음·대상 거래 제외,9818,화곡동,185000000,197800000,166400000,235000000,0.82,ok
면적 없음·대상 거래 제외,15480,관악구,650000000,495800000,328700000,748000000,0.15,ok
면적 없음·대상 거래 제외,15481,관악구,440000000,474200000,399000000,563500000,0.86,ok
면적 없음·대상 거래 제외,15484,관악구,195000000,217600000,144300000,328300000,0.28,ok
면적 없음·대상 거래 제외,15486,관악구,230000000,200600000,133000000,302700000,0.31,ok
면적 없음·대상 거래 제외,15488,관악구,440000000,430600000,285400000,649500000,0.6,ok
면적 없음·대상 거래 제외,15490,관악구,590000000,757500000,502200000,1142700000,0.55,ok
면적 없음·대상 거래 제외,15492,관악구,410000000,388200000,257400000,585600000,0.56,ok
면적 없음·대상 거래 제외,15497,관악구,297500000,265600000,212700000,331700000,0.72,ok
면적 없음·대상 거래 제외,15499,관악구,270000000,263800000,174900000,398000000,0.59,ok
면적 없음·대상 거래 제외,15505,관악구,370000000,551600000,365700000,832100000,0.59,ok
면적 없음·대상 거래 제외,15506,관악구,700000000,810700000,537400000,1222900000,0.26,ok
면적 없음·대상 거래 제외,15511,관악구,126000000,144200000,95600000,217500000,0.4,ok
면적 없음·대상 거래 제외,15515,관악구,360000000,293800000,194700000,443100000,0.44,ok
면적 없음·대상 거래 제외,15516,관악구,355000000,470300000,311800000,709500000,0.57,ok
면적 없음·대상 거래 제외,15518,관악구,210000000,280900000,186200000,423800000,0.27,ok
면적 없음·대상 거래 제외,15522,관악구,122000000,242500000,160800000,365800000,0.57,ok
면적 없음·대상 거래 제외,15525,관악구,200000000,348200000,230800000,525200000,0.56,ok
면적 없음·대상 거래 제외,15527,관악구,290000000,328000000,217500000,494800000,0.56,ok
면적 없음·대상 거래 제외,15529,관악구,330000000,371700000,274100000,504000000,0.61,ok
면적 없음·대상 거래 제외,15532,관악구,260000000,325100000,239700000,440800000,0.65,ok
면적 없음·대상 거래 제외,15536,관악구,350000000,242000000,160500000,365100000,0.57,ok
면적 없음·대상 거래 제외,15537,관악구,620000000,297300000,197100000,448400000,0.27,ok
면적 없음·대상 거래 제외,15543,관악구,315000000,435200000,288500000,656400000,0.32,ok
면적 없음·대상 거래 제외,15544,관악구,438000000,436800000,367500000,519100000,0.86,ok
면적 없음·대상 거래 제외,15545,관악구,200000000,251300000,166600000,379000000,0.55,ok
면적 없음·대상 거래 제외,15546,관악구,253000000,349200000,279700000,436000000,0.8,ok
면적 없음·대상 거래 제외,15547,관악구,100000000,235800000,156300000,355700000,0.37,ok
면적 없음·대상 거래 제외,15550,관악구,390000000,370300000,245500000,558600000,0.57,ok
면적 없음·대상 거래 제외,15553,관악구,670000000,682500000,452400000,1029500000,0.24,ok
면적 없음·대상 거래 제외,15556,관악구,294000000,314400000,208400000,474200000,0.3,ok
면적 없음·대상 거래 제외,15559,관악구,950000000,1117200000,740600000,1685300000,0.49,ok
면적 없음·대상 거래 제외,15560,관악구,225000000,254500000,168700000,383900000,0.58,ok
면적 없음·대상 거래 제외,15561,관악구,267500000,328000000,241800000,444700000,0.62,ok
면적 없음·대상 거래 제외,15562,관악구,415000000,462500000,306600000,697700000,0.33,ok
면적 없음·대상 거래 제외,15563,관악구,900000000,1095500000,726300000,1652600000,0.47,ok
면적 없음·대상 거래 제외,15564,관악구,300000000,321000000,270100000,381500000,0.87,ok
면적 없음·대상 거래 제외,15566,관악구,280000000,345500000,254800000,468600000,0.61,ok
면적 없음·대상 거래 제외,15567,관악구,385000000,409000000,344200000,486000000,0.86,ok
면적 없음·대상 거래 제외,15570,관악구,280000000,132500000,97700000,179700000,0.6,ok
면적 없음·대상 거래 제외,15571,관악구,298000000,268300000,214900000,335100000,0.71,ok
면적 없음·대상 거래 제외,15573,관악구,320000000,335000000,281900000,398100000,0.84,ok
면적 없음·대상 거래 제외,15574,관악구,265000000,330300000,219000000,498300000,0.59,ok
면적 없음·대상 거래 제외,15576,관악구,560000000,566300000,476600000,673000000,0.84,ok
면적 없음·대상 거래 제외,15578,관악구,200000000,149000000,109900000,202000000,0.6,ok
면적 없음·대상 거래 제외,15584,관악구,430000000,463900000,307500000,699800000,0.57,ok
면적 없음·대상 거래 제외,15586,관악구,278000000,290400000,192500000,438100000,0.54,ok
면적 없음·대상 거래 제외,15589,관악구,325000000,315600000,252800000,394000000,0.78,ok
면적 없음·대상 거래 제외,15590,관악구,172000000,152200000,100900000,229700000,0.17,ok
면적 없음·대상 거래 제외,15591,관악구,360000000,255200000,169200000,384900000,0.31,ok
면적 없음·대상 거래 제외,15594,관악구,353000000,292300000,193800000,441000000,0.54,ok
면적 없음·대상 거래 제외,15596,관악구,230000000,260600000,172800000,393100000,0.57,ok
면적 없음·대상 거래 제외,15597,관악구,617500000,412200000,273300000,621800000,0.55,ok
면적 없음·대상 거래 제외,15599,관악구,420000000,351900000,233300000,530800000,0.46,ok
면적 없음·대상 거래 제외,15601,관악구,815000000,930100000,616600000,1403100000,0.51,ok
면적 없음·대상 거래 제외,15602,관악구,249000000,294800000,236100000,368100000,0.72,ok
면적 없음·대상 거래 제외,15605,관악구,100000000,121200000,80300000,182800000,0.39,ok
면적 없음·대상 거래 제외,15613,관악구,345000000,355700000,262300000,482400000,0.61,ok
면적 없음·대상 거래 제외,15615,관악구,325000000,350700000,232500000,529000000,0.32,ok
면적 없음·대상 거래 제외,15616,관악구,260000000,294400000,195200000,444100000,0.25,ok
면적 없음·대상 거래 제외,15617,관악구,170000000,221300000,146700000,333800000,0.35,ok
면적 없음·대상 거래 제외,15619,관악구,487500000,330400000,219000000,498400000,0.26,ok
면적 없음·대상 거래 제외,15622,관악구,450000000,261800000,173500000,394900000,0.55,ok
면적 없음·대상 거래 제외,15623,관악구,545000000,477500000,316500000,720300000,0.33,ok
면적 없음·대상 거래 제외,15625,관악구,275000000,357500000,300800000,424800000,0.88,ok
면적 없음·대상 거래 제외,15627,관악구,278000000,277100000,233200000,329300000,0.88,ok
면적 없음·대상 거래 제외,15629,관악구,350000000,371100000,273700000,503300000,0.7,ok
면적 없음·대상 거래 제외,15630,관악구,140000000,202400000,134200000,305300000,0.51,ok
면적 없음·대상 거래 제외,15637,관악구,358000000,299300000,198400000,451400000,0.19,ok
면적 없음·대상 거래 제외,15638,관악구,309000000,318900000,235200000,432400000,0.69,ok
면적 없음·대상 거래 제외,15640,관악구,440000000,226600000,150200000,341800000,0.49,ok
면적 없음·대상 거래 제외,15641,관악구,560000000,908000000,727200000,1133700000,0.76,ok
면적 없음·대상 거래 제외,15642,관악구,311000000,307000000,203500000,463200000,0.27,ok
면적 없음·대상 거래 제외,15645,관악구,290000000,310700000,206000000,468700000,0.57,ok
면적 없음·대상 거래 제외,15648,관악구,100000000,181600000,120400000,274000000,0.2,ok
면적 없음·대상 거래 제외,15650,관악구,360000000,350900000,232600000,529400000,0.52,ok
면적 없음·대상 거래 제외,15652,관악구,340000000,327900000,217400000,494600000,0.59,ok
면적 없음·대상 거래 제외,15656,관악구,783000000,419400000,278100000,632700000,0.3,ok
면적 없음·대상 거래 제외,15657,관악구,415000000,402000000,296500000,545200000,0.6,ok
면적 없음·대상 거래 제외,15663,관악구,305000000,320300000,269500000,380600000,0.89,ok
면적 없음·대상 거래 제외,15665,관악구,445000000,430800000,362500000,511900000,0.81,ok
면적 없음·대상 거래 제외,15666,관악구,105000000,121800000,80700000,183700000,0.48,ok
면적 없음·대상 거래 제외,15671,관악구,830000000,915700000,607000000,1381300000,0.56,ok
면적 없음·대상 거래 제외,15672,관악구,300000000,263000000,174300000,396700000,0.29,ok
면적 없음·대상 거래 제외,15673,관악구,70000000,85300000,56500000,128600000,0.51,ok
면적 없음·대상 거래 제외,15675,관악구,429000000,390300000,258700000,588800000,0.6,ok
면적 없음·대상 거래 제외,15678,관악구,220000000,380000000,319800000,451600000,0.85,ok
면적 없음·대상 거래 제외,15681,관악구,97000000,132300000,87700000,199600000,0.51,ok
면적 없음·대상 거래 제외,15683,관악구,195000000,226300000,150000000,341400000,0.55,ok
면적 없음·대상 거래 제외,15684,관악구,292000000,241100000,159800000,363700000,0.3,ok
면적 없음·대상 거래 제외,15686,관악구,350000000,551300000,365400000,831600000,0.14,ok
면적 없음·대상 거래 제외,15688,관악구,270000000,272300000,180500000,410800000,0.27,ok
면적 없음·대상 거래 제외,15689,관악구,760000000,1006300000,742100000,1364600000,0.65,ok
면적 없음·대상 거래 제외,15691,관악구,560000000,561500000,372200000,846900000,0.54,ok
면적 없음·대상 거래 제외,15693,관악구,237500000,451600000,299400000,681300000,0.31,ok
면적 없음·대상 거래 제외,15695,관악구,160000000,231500000,170700000,313900000,0.7,ok
면적 없음·대상 거래 제외,15697,관악구,305000000,316100000,209600000,476900000,0.57,ok
면적 없음·대상 거래 제외,15698,관악구,430000000,334700000,281600000,397700000,0.82,ok
면적 없음·대상 거래 제외,15701,관악구,365000000,386900000,309900000,483100000,0.71,ok
면적 없음·대상 거래 제외,15702,관악구,309000000,224400000,148800000,338600000,0.5,ok
면적 없음·대상 거래 제외,15703,관악구,445000000,330800000,219300000,499000000,0.28,ok
면적 없음·대상 거래 제외,15704,관악구,380000000,387500000,256900000,584600000,0.57,ok
면적 없음·대상 거래 제외,15705,관악구,255000000,252900000,167700000,381600000,0.53,ok
면적 없음·대상 거래 제외,15707,관악구,145000000,233500000,154800000,352200000,0.23,ok
면적 없음·대상 거래 제외,15708,관악구,170000000,242000000,160400000,365000000,0.4,ok
면적 없음·대상 거래 제외,15711,관악구,190000000,214000000,171400000,267200000,0.73,ok
면적 없음·대상 거래 제외,15712,관악구,257000000,295500000,236700000,368900000,0.79,ok
면적 없음·대상 거래 제외,15713,관악구,290000000,405800000,269000000,612100000,0.51,ok
면적 없음·대상 거래 제외,15717,관악구,150000000,130300000,86400000,196600000,0.48,ok
면적 없음·대상 거래 제외,15721,관악구,270000000,243800000,179800000,330600000,0.68,ok
면적 없음·대상 거래 제외,15722,관악구,340000000,259100000,171700000,390800000,0.32,ok
면적 없음·대상 거래 제외,15726,관악구,185000000,221800000,147100000,334600000,0.45,ok
면적 없음·대상 거래 제외,15728,관악구,250000000,232400000,154000000,350500000,0.52,ok
면적 없음·대상 거래 제외,15729,관악구,645000000,1422300000,1048800000,1928700000,0.63,ok
면적 없음·대상 거래 제외,15731,관악구,368000000,419900000,278400000,633400000,0.55,ok
면적 없음·대상 거래 제외,15734,관악구,100000000,306300000,203000000,462000000,0.08,ok
면적 없음·대상 거래 제외,15751,관악구,160000000,293300000,194400000,442500000,0.3,ok
면적 없음·대상 거래 제외,15752,관악구,199000000,310700000,205900000,468600000,0.54,ok
면적 없음·대상 거래 제외,15753,관악구,300000000,355800000,235900000,536700000,0.49,ok
면적 없음·대상 거래 제외,15754,관악구,135000000,183500000,121700000,276900000,0.29,ok
면적 없음·대상 거래 제외,15755,관악구,750000000,1005300000,741300000,1363300000,0.65,ok
면적 없음·대상 거래 제외,15757,관악구,243000000,300200000,199000000,452800000,0.28,ok
면적 없음·대상 거래 제외,15760,관악구,380000000,385000000,255200000,580800000,0.53,ok
면적 없음·대상 거래 제외,15761,관악구,870000000,951400000,762000000,1187800000,0.74,ok
면적 없음·대상 거래 제외,15764,관악구,288000000,334700000,221900000,504900000,0.26,ok
면적 없음·대상 거래 제외,15765,관악구,410000000,317400000,210400000,478800000,0.33,ok
면적 없음·대상 거래 제외,15768,관악구,230000000,234500000,197400000,278700000,0.82,ok
면적 없음·대상 거래 제외,15774,관악구,105000000,298200000,197700000,449900000,0.57,ok
면적 없음·대상 거래 제외,15775,관악구,167000000,208600000,138300000,314600000,0.6,ok
면적 없음·대상 거래 제외,15776,관악구,284000000,349500000,231700000,527200000,0.26,ok
면적 없음·대상 거래 제외,15777,관악구,170000000,219100000,145300000,330600000,0.56,ok
면적 없음·대상 거래 제외,15778,관악구,160000000,156200000,103600000,235700000,0.31,ok
면적 없음·대상 거래 제외,15779,관악구,300000000,349400000,231600000,527000000,0.58,ok
면적 없음·대상 거래 제외,15782,관악구,347000000,248700000,199200000,310500000,0.79,ok
면적 없음·대상 거래 제외,15789,관악구,180000000,171200000,113500000,258300000,0.44,ok
면적 없음·대상 거래 제외,15792,관악구,400000000,297900000,197500000,449300000,0.25,ok
면적 없음·대상 거래 제외,15793,관악구,640000000,568700000,377000000,857800000,0.45,ok
면적 없음·대상 거래 제외,15794,관악구,146000000,213400000,141500000,322000000,0.3,ok
면적 없음·대상 거래 제외,15795,관악구,440000000,440500000,292000000,664400000,0.57,ok
면적 없음·대상 거래 제외,15796,관악구,330000000,354100000,234700000,534200000,0.51,ok
면적 없음·대상 거래 제외,15797,관악구,295000000,346500000,229700000,522700000,0.54,ok
면적 없음·대상 거래 제외,15798,관악구,340000000,353100000,260400000,478900000,0.69,ok
면적 없음·대상 거래 제외,15801,관악구,175000000,224800000,149000000,339100000,0.49,ok
면적 없음·대상 거래 제외,15802,관악구,342000000,222600000,147500000,335700000,0.49,ok
면적 없음·대상 거래 제외,15803,관악구,162000000,240800000,192900000,300700000,0.71,ok
면적 없음·대상 거래 제외,15804,관악구,180000000,211600000,140300000,319200000,0.37,ok
면적 없음·대상 거래 제외,15824,관악구,360000000,394700000,291100000,535300000,0.65,ok
면적 없음·대상 거래 제외,15825,관악구,340000000,312000000,249900000,389600000,0.72,ok
면적 없음·대상 거래 제외,15826,관악구,320000000,415200000,306200000,563000000,0.6,ok
면적 없음·대상 거래 제외,15827,관악구,160000000,293800000,235300000,366800000,0.73,ok
면적 없음·대상 거래 제외,15828,관악구,250000000,238700000,158200000,360100000,0.54,ok
면적 없음·대상 거래 제외,15830,관악구,230000000,226300000,150000000,341300000,0.58,ok
면적 없음·대상 거래 제외,15833,관악구,220000000,161900000,107400000,244300000,0.5,ok
면적 없음·대상 거래 제외,15836,관악구,380000000,420700000,278900000,634600000,0.59,ok
면적 없음·대상 거래 제외,15838,관악구,280000000,265600000,195900000,360200000,0.62,ok
면적 없음·대상 거래 제외,15840,관악구,300000000,346700000,291700000,412000000,0.87,ok
면적 없음·대상 거래 제외,15842,관악구,425000000,451500000,299300000,681000000,0.32,ok
면적 없음·대상 거래 제외,15843,관악구,450000000,243800000,161600000,367800000,0.21,ok
면적 없음·대상 거래 제외,15844,관악구,228000000,351800000,233200000,530600000,0.31,ok
면적 없음·대상 거래 제외,15846,관악구,400000000,278300000,222900000,347400000,0.72,ok
면적 없음·대상 거래 제외,15848,관악구,578420000,627100000,462400000,850300000,0.61,ok
면적 없음·대상 거래 제외,15849,관악구,573720000,628500000,463400000,852200000,0.69,ok
면적 없음·대상 거래 제외,15850,관악구,587190000,628500000,463400000,852200000,0.69,ok
면적 없음·대상 거래 제외,15851,관악구,580170000,624400000,460400000,846700000,0.69,ok
면적 없음·대상 거래 제외,15852,관악구,583670000,624400000,460400000,846700000,0.69,ok
면적 없음·대상 거래 제외,15853,관악구,575220000,628000000,463100000,851600000,0.69,ok
면적 없음·대상 거래 제외,15854,관악구,588690000,628000000,463100000,851600000,0.69,ok
면적 없음·대상 거래 제외,15855,관악구,581670000,623900000,460100000,846100000,0.69,ok
면적 없음·대상 거래 제외,15856,관악구,585170000,623900000,460100000,846100000,0.69,ok
면적 없음·대상 거래 제외,15857,관악구,576970000,627400000,462700000,850800000,0.69,ok
면적 없음·대상 거래 제외,15858,관악구,590690000,627400000,462700000,850800000,0.69,ok
면적 없음·대상 거래 제외,15859,관악구,583420000,623400000,459700000,845300000,0.69,ok
면적 없음·대상 거래 제외,15860,관악구,586920000,623400000,459700000,845300000,0.69,ok
면적 없음·대상 거래 제외,15861,관악구,576970000,628400000,463400000,852200000,0.7,ok
면적 없음·대상 거래 제외,15862,관악구,590690000,628400000,463400000,852200000,0.7,ok
면적 없음·대상 거래 제외,15863,관악구,556070000,625800000,461400000,848600000,0.7,ok
면적 없음·대상 거래 제외,15864,관악구,583420000,625800000,461400000,848600000,0.7,ok
면적 없음·대상 거래 제외,15866,관악구,503000000,609600000,404100000,919500000,0.55,ok
면적 없음·대상 거래 제외,15868,관악구,450000000,423300000,280600000,638500000,0.58,ok
면적 없음·대상 거래 제외,15873,관악구,300000000,414000000,331500000,516900000,0.73,ok
면적 없음·대상 거래 제외,15874,관악구,260000000,262700000,210400000,328000000,0.77,ok
면적 없음·대상 거래 제외,15876,관악구,190000000,299300000,198400000,451400000,0.58,ok
면적 없음·대상 거래 제외,15878,관악구,198000000,193600000,128300000,292100000,0.34,ok
면적 없음·대상 거래 제외,15879,관악구,250000000,340800000,225900000,514100000,0.58,ok
면적 없음·대상 거래 제외,15883,관악구,660000000,308000000,204200000,464600000,0.26,ok
면적 없음·대상 거래 제외,15888,관악구,247000000,239400000,191700000,298900000,0.77,ok
면적 없음·대상 거래 제외,15889,관악구,350000000,383800000,254400000,578900000,0.58,ok
면적 없음·대상 거래 제외,15890,관악구,225000000,272100000,217900000,339700000,0.72,ok
면적 없음·대상 거래 제외,15891,관악구,285000000,336800000,223300000,508000000,0.49,ok
면적 없음·대상 거래 제외,15898,관악구,370000000,336600000,223100000,507700000,0.52,ok
면적 없음·대상 거래 제외,15899,관악구,130000000,162000000,107400000,244400000,0.42,ok
면적 없음·대상 거래 제외,15900,관악구,380000000,367000000,243300000,553600000,0.58,ok
면적 없음·대상 거래 제외,15903,관악구,260000000,279400000,235100000,332100000,0.82,ok
면적 없음·대상 거래 제외,15906,관악구,350000000,318400000,255000000,397600000,0.7,ok
면적 없음·대상 거래 제외,15911,관악구,340000000,320200000,256400000,399800000,0.7,ok
면적 없음·대상 거래 제외,15912,관악구,180000000,205700000,164800000,256900000,0.75,ok
면적 없음·대상 거래 제외,15914,관악구,623510000,341000000,226100000,514400000,0.11,ok
면적 없음·대상 거래 제외,15915,관악구,370000000,427400000,283300000,644800000,0.48,ok
면적 없음·대상 거래 제외,15916,관악구,230000000,205600000,136300000,310200000,0.29,ok
면적 없음·대상 거래 제외,15918,관악구,590000000,625900000,461600000,848800000,0.69,ok
면적 없음·대상 거래 제외,15920,관악구,700000000,458900000,304200000,692200000,0.13,ok
면적 없음·대상 거래 제외,15931,관악구,440000000,411600000,272800000,620800000,0.58,ok
면적 없음·대상 거래 제외,15932,관악구,220000000,264800000,175500000,399400000,0.51,ok
면적 없음·대상 거래 제외,15933,관악구,260000000,345500000,229000000,521200000,0.56,ok
면적 없음·대상 거래 제외,15935,관악구,200000000,175600000,116400000,264900000,0.4,ok
면적 없음·대상 거래 제외,15936,관악구,200000000,175600000,116400000,264900000,0.4,ok
면적 없음·대상 거래 제외,15939,관악구,290000000,256600000,170100000,387100000,0.57,ok
면적 없음·대상 거래 제외,15940,관악구,290000000,165700000,109900000,250000000,0.17,ok
면적 없음·대상 거래 제외,15941,관악구,310000000,262300000,210100000,327500000,0.78,ok
면적 없음·대상 거래 제외,15944,관악구,348000000,374900000,315500000,445500000,0.86,ok
면적 없음·대상 거래 제외,15946,관악구,380000000,390200000,258700000,588600000,0.56,ok
면적 없음·대상 거래 제외,15947,관악구,820000000,787800000,631000000,983600000,0.78,ok
면적 없음·대상 거래 제외,15949,관악구,460000000,304900000,202100000,459900000,0.3,ok
면적 없음·대상 거래 제외,15950,관악구,438000000,382400000,253500000,576800000,0.25,ok
면적 없음·대상 거래 제외,15952,관악구,300000000,314100000,251600000,392200000,0.79,ok
면적 없음·대상 거래 제외,15953,관악구,240000000,242900000,161000000,366400000,0.56,ok
면적 없음·대상 거래 제외,15956,관악구,420000000,426800000,314800000,578800000,0.6,ok
면적 없음·대상 거래 제외,15957,관악구,450000000,504200000,334200000,760500000,0.59,ok
면적 없음·대상 거래 제외,15961,관악구,670000000,514600000,341100000,776200000,0.43,ok
면적 없음·대상 거래 제외,15963,관악구,565000000,599100000,397200000,903700000,0.59,ok
면적 없음·대상 거래 제외,15964,관악구,508000000,498100000,399000000,622000000,0.72,ok
면적 없음·대상 거래 제외,15968,관악구,299000000,287400000,190500000,433500000,0.58,ok
면적 없음·대상 거래 제외,15969,관악구,900000000,962900000,638300000,1452500000,0.49,ok
면적 없음·대상 거래 제외,15976,관악구,380000000,260300000,208400000,325000000,0.78,ok
면적 없음·대상 거래 제외,15981,관악구,300000000,382100000,253300000,576400000,0.32,ok
면적 없음·대상 거래 제외,15982,관악구,690000000,653300000,433100000,985500000,0.5,ok
면적 없음·대상 거래 제외,15985,관악구,439000000,287400000,190500000,433600000,0.59,ok
면적 없음·대상 거래 제외,15989,관악구,385000000,353100000,297100000,419600000,0.8,ok
면적 없음·대상 거래 제외,15990,관악구,130000000,184500000,122300000,278300000,0.23,ok
면적 없음·대상 거래 제외,15992,관악구,150000000,186300000,123500000,281000000,0.41,ok
면적 없음·대상 거래 제외,15996,관악구,193000000,278700000,184800000,420500000,0.32,ok
면적 없음·대상 거래 제외,15997,관악구,820000000,839800000,556700000,1266900000,0.58,ok
면적 없음·대상 거래 제외,15998,관악구,920000000,970600000,777400000,1211900000,0.74,ok
면적 없음·대상 거래 제외,16000,관악구,240000000,294100000,216900000,398800000,0.69,ok
면적 없음·대상 거래 제외,16001,관악구,340000000,260600000,172700000,393100000,0.27,ok
면적 없음·대상 거래 제외,16003,관악구,150000000,130300000,86400000,196600000,0.48,ok
면적 없음·대상 거래 제외,16005,관악구,230000000,240500000,192600000,300300000,0.79,ok
면적 없음·대상 거래 제외,16007,관악구,395000000,348800000,231200000,526100000,0.26,ok
면적 없음·대상 거래 제외,16010,관악구,335000000,413600000,274200000,623900000,0.29,ok
면적 없음·대상 거래 제외,16012,관악구,205000000,189200000,125400000,285400000,0.49,ok
면적 없음·대상 거래 제외,16017,관악구,398000000,445300000,295200000,671700000,0.54,ok
면적 없음·대상 거래 제외,16019,관악구,195000000,202700000,162400000,253100000,0.72,ok
면적 없음·대상 거래 제외,16020,관악구,220000000,209800000,168000000,261900000,0.77,ok
면적 없음·대상 거래 제외,16022,관악구,375000000,379600000,279900000,514700000,0.61,ok
면적 없음·대상 거래 제외,16023,관악구,237000000,219600000,145500000,331200000,0.58,ok
면적 없음·대상 거래 제외,16024,관악구,200000000,227200000,182000000,283700000,0.73,ok
면적 없음·대상 거래 제외,16026,관악구,220000000,213800000,141800000,322600000,0.17,ok
면적 없음·대상 거래 제외,16027,관악구,180000000,344500000,228400000,519700000,0.27,ok
면적 없음·대상 거래 제외,16028,관악구,320000000,292300000,234100000,364900000,0.78,ok
면적 없음·대상 거래 제외,16029,관악구,750000000,758500000,559300000,1028600000,0.64,ok
면적 없음·대상 거래 제외,16030,관악구,155000000,187800000,124500000,283300000,0.46,ok
면적 없음·대상 거래 제외,16031,관악구,280000000,344000000,228000000,518900000,0.46,ok
면적 없음·대상 거래 제외,16036,관악구,425000000,280900000,186200000,423800000,0.25,ok
면적 없음·대상 거래 제외,16037,관악구,375000000,385200000,308500000,480900000,0.71,ok
면적 없음·대상 거래 제외,16039,관악구,340000000,323200000,214200000,487500000,0.34,ok
면적 없음·대상 거래 제외,16040,관악구,290000000,281100000,186300000,424000000,0.58,ok
면적 없음·대상 거래 제외,16041,관악구,248500000,291800000,193400000,440100000,0.53,ok
면적 없음·대상 거래 제외,16042,관악구,270000000,270500000,179300000,408100000,0.6,ok
면적 없음·대상 거래 제외,16044,관악구,305000000,251700000,201600000,314300000,0.76,ok
면적 없음·대상 거래 제외,16046,관악구,270000000,410800000,272400000,619700000,0.58,ok
면적 없음·대상 거래 제외,16047,관악구,339000000,382600000,321900000,454700000,0.87,ok
면적 없음·대상 거래 제외,16048,관악구,345000000,352000000,259600000,477300000,0.6,ok
면적 없음·대상 거래 제외,16051,관악구,410000000,295100000,195600000,445200000,0.6,ok
면적 없음·대상 거래 제외,16052,관악구,382000000,375100000,276600000,508700000,0.63,ok
면적 없음·대상 거래 제외,16054,관악구,195000000,242800000,204300000,288600000,0.84,ok
면적 없음·대상 거래 제외,16055,관악구,390000000,366500000,293500000,457600000,0.71,ok
면적 없음·대상 거래 제외,16061,관악구,295000000,294500000,195200000,444300000,0.59,ok
면적 없음·대상 거래 제외,16064,관악구,355000000,363700000,241100000,548600000,0.58,ok
면적 없음·대상 거래 제외,16069,관악구,250000000,243800000,161600000,367800000,0.14,ok
면적 없음·대상 거래 제외,16071,관악구,310000000,363000000,240600000,547600000,0.27,ok
면적 없음·대상 거래 제외,16077,관악구,185000000,180600000,119700000,272400000,0.19,ok
면적 없음·대상 거래 제외,16078,관악구,328000000,373400000,275400000,506400000,0.64,ok
면적 없음·대상 거래 제외,16079,관악구,340000000,274500000,182000000,414100000,0.29,ok
면적 없음·대상 거래 제외,16080,관악구,380000000,258300000,171200000,389600000,0.31,ok
면적 없음·대상 거래 제외,16083,관악구,425000000,274000000,181600000,413300000,0.28,ok
면적 없음·대상 거래 제외,16085,관악구,200000000,208000000,137900000,313800000,0.51,ok
면적 없음·대상 거래 제외,16086,관악구,395000000,320600000,269800000,381000000,0.81,ok
면적 없음·대상 거래 제외,16087,관악구,160000000,247400000,164000000,373300000,0.25,ok
면적 없음·대상 거래 제외,16093,관악구,295000000,219300000,175700000,273900000,0.75,ok
면적 없음·대상 거래 제외,16094,관악구,450000000,472200000,313000000,712300000,0.55,ok
면적 없음·대상 거래 제외,16107,관악구,250000000,214200000,142000000,323200000,0.42,ok
면적 없음·대상 거래 제외,16108,관악구,635000000,572800000,379700000,864100000,0.58,ok
면적 없음·대상 거래 제외,16109,관악구,80000000,209600000,154600000,284300000,0.6,ok
면적 없음·대상 거래 제외,16110,관악구,308000000,221200000,146600000,333600000,0.51,ok
면적 없음·대상 거래 제외,16111,관악구,410000000,287000000,190200000,432900000,0.26,ok
면적 없음·대상 거래 제외,16112,관악구,240000000,250700000,166200000,378200000,0.3,ok
면적 없음·대상 거래 제외,16114,관악구,300000000,263600000,211100000,329100000,0.79,ok
면적 없음·대상 거래 제외,16115,관악구,160000000,245400000,181000000,332800000,0.67,ok
면적 없음·대상 거래 제외,16116,관악구,220000000,223500000,179000000,279000000,0.74,ok
면적 없음·대상 거래 제외,16117,관악구,234000000,244700000,205900000,290800000,0.83,ok
면적 없음·대상 거래 제외,16118,관악구,234000000,244700000,205900000,290800000,0.83,ok
면적 없음·대상 거래 제외,16121,관악구,400000000,328000000,217400000,494800000,0.52,ok
면적 없음·대상 거래 제외,16122,관악구,315000000,322900000,271700000,383700000,0.85,ok
면적 없음·대상 거래 제외,16123,관악구,315000000,322900000,271700000,383700000,0.85,ok
면적 없음·대상 거래 제외,16128,관악구,137000000,344900000,228600000,520300000,0.55,ok
면적 없음·대상 거래 제외,16129,관악구,335000000,317000000,210100000,478200000,0.59,ok
면적 없음·대상 거래 제외,16130,관악구,120000000,183900000,121900000,277400000,0.46,ok
면적 없음·대상 거래 제외,16131,관악구,175000000,174500000,139800000,217900000,0.74,ok
면적 없음·대상 거래 제외,16133,관악구,213000000,263100000,174400000,396900000,0.53,ok
면적 없음·대상 거래 제외,16134,관악구,263500000,240000000,159100000,362000000,0.5,ok
면적 없음·대상 거래 제외,16136,관악구,232000000,277000000,221900000,345900000,0.73,ok
면적 없음·대상 거래 제외,16137,관악구,470000000,461800000,306100000,696600000,0.49,ok
면적 없음·대상 거래 제외,16138,관악구,455000000,316400000,209800000,477300000,0.29,ok
면적 없음·대상 거래 제외,16141,관악구,273700000,445700000,375000000,529600000,0.85,ok
면적 없음·대상 거래 제외,16144,관악구,630000000,583100000,467000000,728000000,0.7,ok
면적 없음·대상 거래 제외,16146,관악구,248000000,318800000,268300000,378900000,0.87,ok
면적 없음·대상 거래 제외,16149,관악구,313000000,322700000,214000000,486900000,0.56,ok
면적 없음·대상 거래 제외,16151,관악구,198000000,193900000,128600000,292500000,0.48,ok
면적 없음·대상 거래 제외,16152,관악구,250000000,366800000,243200000,553300000,0.29,ok
면적 없음·대상 거래 제외,16153,관악구,395000000,404300000,340200000,480500000,0.81,ok
면적 없음·대상 거래 제외,16154,관악구,350000000,252200000,167200000,380500000,0.57,ok
면적 없음·대상 거래 제외,16155,관악구,435000000,391800000,259800000,591100000,0.58,ok
면적 없음·대상 거래 제외,16156,관악구,760000000,399800000,320200000,499200000,0.7,ok
면적 없음·대상 거래 제외,16157,관악구,985000000,887500000,588400000,1338800000,0.55,ok
면적 없음·대상 거래 제외,16168,관악구,300000000,319000000,211500000,481200000,0.26,ok
면적 없음·대상 거래 제외,16173,관악구,365000000,345800000,229300000,521700000,0.57,ok
면적 없음·대상 거래 제외,16174,관악구,269000000,275700000,182800000,415900000,0.53,ok
면적 없음·대상 거래 제외,16177,관악구,170000000,245400000,181000000,332800000,0.67,ok
면적 없음·대상 거래 제외,16178,관악구,285000000,298000000,197600000,449500000,0.57,ok
면적 없음·대상 거래 제외,16179,관악구,307000000,312100000,206900000,470800000,0.59,ok
면적 없음·대상 거래 제외,16180,관악구,185000000,247900000,198600000,309600000,0.71,ok
면적 없음·대상 거래 제외,16183,관악구,320000000,318900000,255400000,398100000,0.72,ok
면적 없음·대상 거래 제외,16185,관악구,250000000,330200000,218900000,498200000,0.59,ok
면적 없음·대상 거래 제외,16186,관악구,250000000,238600000,158200000,359900000,0.29,ok
면적 없음·대상 거래 제외,16189,관악구,470000000,421600000,310900000,571700000,0.64,ok
면적 없음·대상 거래 제외,16191,관악구,526000000,660200000,528700000,824300000,0.76,ok
면적 없음·대상 거래 제외,16192,관악구,860000000,859900000,634100000,1166100000,0.66,ok
면적 없음·대상 거래 제외,16193,관악구,260000000,194200000,128800000,293000000,0.6,ok
면적 없음·대상 거래 제외,16196,관악구,400000000,418900000,352500000,497800000,0.85,ok
면적 없음·대상 거래 제외,16198,관악구,210000000,287000000,211700000,389200000,0.61,ok
면적 없음·대상 거래 제외,16199,관악구,290000000,260900000,172900000,393500000,0.28,ok
면적 없음·대상 거래 제외,16204,관악구,110000000,136700000,90600000,206200000,0.25,ok
면적 없음·대상 거래 제외,16208,관악구,515000000,356800000,236500000,538200000,0.24,ok
면적 없음·대상 거래 제외,16213,관악구,305000000,268600000,215100000,335400000,0.71,ok
면적 없음·대상 거래 제외,16214,관악구,305000000,268600000,215100000,335400000,0.71,ok
면적 없음·대상 거래 제외,16216,관악구,700000000,864800000,573300000,1304600000,0.47,ok
면적 없음·대상 거래 제외,16217,관악구,112000000,260400000,172600000,392800000,0.28,ok
면적 없음·대상 거래 제외,16218,관악구,160000000,151700000,100500000,228800000,0.31,ok
면적 없음·대상 거래 제외,16220,관악구,320000000,292500000,215700000,396700000,0.63,ok
면적 없음·대상 거래 제외,16221,관악구,365000000,375600000,249000000,566700000,0.53,ok
면적 없음·대상 거래 제외,16223,관악구,455000000,324200000,214900000,489100000,0.54,ok
면적 없음·대상 거래 제외,16226,관악구,250000000,322500000,213800000,486400000,0.26,ok
면적 없음·대상 거래 제외,16229,관악구,400000000,363400000,240900000,548200000,0.58,ok
면적 없음·대상 거래 제외,16230,관악구,440000000,316100000,266000000,375700000,0.85,ok
면적 없음·대상 거래 제외,16233,관악구,400000000,288700000,191400000,435500000,0.32,ok
면적 없음·대상 거래 제외,16234,관악구,427000000,542400000,359600000,818300000,0.56,ok
면적 없음·대상 거래 제외,16236,관악구,340000000,379100000,251300000,571900000,0.58,ok
면적 없음·대상 거래 제외,16237,관악구,320000000,365000000,242000000,550600000,0.51,ok
면적 없음·대상 거래 제외,16238,관악구,190000000,224800000,149000000,339000000,0.49,ok
면적 없음·대상 거래 제외,16246,관악구,475000000,407600000,270200000,614800000,0.54,ok
면적 없음·대상 거래 제외,16247,관악구,148000000,273800000,230400000,325400000,0.85,ok
면적 없음·대상 거래 제외,16248,관악구,280000000,277300000,233400000,329600000,0.86,ok
면적 없음·대상 거래 제외,16249,관악구,355000000,331800000,279200000,394300000,0.85,ok
면적 없음·대상 거래 제외,16250,관악구,180000000,257100000,170400000,387800000,0.52,ok
면적 없음·대상 거래 제외,16251,관악구,350000000,338600000,224500000,510800000,0.3,ok
면적 없음·대상 거래 제외,16252,관악구,175000000,274300000,181800000,413800000,0.31,ok
면적 없음·대상 거래 제외,16257,관악구,340000000,291600000,193300000,439800000,0.58,ok
면적 없음·대상 거래 제외,16259,관악구,247000000,322400000,213700000,486400000,0.52,ok
면적 없음·대상 거래 제외,16260,관악구,350000000,353800000,260900000,479800000,0.6,ok
면적 없음·대상 거래 제외,16263,관악구,330000000,306000000,202900000,461600000,0.29,ok
면적 없음·대상 거래 제외,16265,관악구,227000000,224100000,148600000,338100000,0.56,ok
면적 없음·대상 거래 제외,16266,관악구,340000000,347200000,256000000,470800000,0.61,ok
면적 없음·대상 거래 제외,16270,관악구,345000000,278900000,184900000,420700000,0.32,ok
면적 없음·대상 거래 제외,16272,관악구,440000000,270700000,179400000,408300000,0.52,ok
면적 없음·대상 거래 제외,16273,관악구,282000000,330500000,278100000,392800000,0.83,ok
면적 없음·대상 거래 제외,16274,관악구,383000000,413600000,274200000,623800000,0.57,ok
면적 없음·대상 거래 제외,16278,관악구,460000000,429500000,361400000,510400000,0.85,ok
면적 없음·대상 거래 제외,16279,관악구,155000000,207900000,137800000,313600000,0.53,ok
면적 없음·대상 거래 제외,16280,관악구,187000000,207600000,137600000,313200000,0.55,ok
면적 없음·대상 거래 제외,16281,관악구,400000000,328700000,217900000,495900000,0.26,ok
면적 없음·대상 거래 제외,16283,관악구,270000000,376000000,249300000,567200000,0.54,ok
면적 없음·대상 거래 제외,16286,관악구,285000000,305100000,202300000,460200000,0.41,ok
면적 없음·대상 거래 제외,16287,관악구,598000000,609500000,449400000,826500000,0.62,ok
면적 없음·대상 거래 제외,16290,관악구,215000000,281800000,237100000,334900000,0.85,ok
면적 없음·대상 거래 제외,16292,관악구,190000000,190900000,126500000,287900000,0.49,ok
면적 없음·대상 거래 제외,16296,관악구,410000000,418400000,277400000,631100000,0.51,ok
면적 없음·대상 거래 제외,16298,관악구,140000000,166900000,133700000,208400000,0.75,ok
면적 없음·대상 거래 제외,16300,관악구,215000000,245900000,163000000,371000000,0.51,ok
면적 없음·대상 거래 제외,16303,관악구,275000000,306400000,245400000,382600000,0.71,ok
면적 없음·대상 거래 제외,16305,관악구,130000000,138600000,91900000,209000000,0.42,ok
면적 없음·대상 거래 제외,16306,관악구,368000000,379800000,304200000,474200000,0.7,ok
면적 없음·대상 거래 제외,16307,관악구,225000000,240200000,159200000,362300000,0.29,ok
면적 없음·대상 거래 제외,16315,관악구,323000000,332100000,279400000,394700000,0.86,ok
면적 없음·대상 거래 제외,16318,관악구,370000000,369500000,310900000,439100000,0.8,ok
면적 없음·대상 거래 제외,16319,관악구,420000000,424400000,357100000,504300000,0.8,ok
면적 없음·대상 거래 제외,16329,관악구,240000000,333700000,221200000,503300000,0.59,ok
면적 없음·대상 거래 제외,16330,관악구,290000000,347600000,230400000,524300000,0.51,ok
면적 없음·대상 거래 제외,16331,관악구,249000000,307900000,227100000,417600000,0.6,ok
면적 없음·대상 거래 제외,16332,관악구,455000000,454700000,301400000,685800000,0.33,ok
면적 없음·대상 거래 제외,16333,관악구,280000000,289400000,243500000,343900000,0.85,ok
면적 없음·대상 거래 제외,16341,관악구,230000000,236100000,198600000,280500000,0.8,ok
면적 없음·대상 거래 제외,16342,관악구,215000000,242200000,178600000,328500000,0.62,ok
면적 없음·대상 거래 제외,16345,관악구,237000000,274200000,219600000,342400000,0.73,ok
면적 없음·대상 거래 제외,16350,관악구,188000000,167000000,140500000,198500000,0.81,ok
면적 없음·대상 거래 제외,16352,관악구,530000000,508500000,407300000,634900000,0.78,ok
면적 없음·대상 거래 제외,16354,관악구,203000000,211500000,140200000,319000000,0.52,ok
면적 없음·대상 거래 제외,16356,관악구,253000000,250100000,165800000,377300000,0.29,ok
면적 없음·대상 거래 제외,16357,관악구,300000000,304300000,201700000,459000000,0.54,ok
면적 없음·대상 거래 제외,16358,관악구,200000000,297500000,197200000,448800000,0.3,ok
면적 없음·대상 거래 제외,16359,관악구,262000000,361600000,289600000,451500000,0.8,ok
면적 없음·대상 거래 제외,16360,관악구,155000000,207600000,137600000,313200000,0.36,ok
면적 없음·대상 거래 제외,16363,관악구,300000000,315600000,232700000,427900000,0.67,ok
면적 없음·대상 거래 제외,16364,관악구,243000000,266400000,176600000,401800000,0.3,ok
면적 없음·대상 거래 제외,16366,관악구,715000000,551100000,365400000,831400000,0.34,ok
면적 없음·대상 거래 제외,16372,관악구,247000000,319000000,211500000,481300000,0.27,ok
면적 없음·대상 거래 제외,16374,관악구,203000000,218400000,144800000,329500000,0.49,ok
면적 없음·대상 거래 제외,16375,관악구,500000000,338100000,224200000,510100000,0.48,ok
면적 없음·대상 거래 제외,16376,관악구,200000000,210000000,168200000,262300000,0.76,ok
면적 없음·대상 거래 제외,16387,관악구,345000000,515500000,341800000,777700000,0.55,ok
면적 없음·대상 거래 제외,16388,관악구,208000000,211200000,140000000,318600000,0.59,ok
면적 없음·대상 거래 제외,16389,관악구,378000000,352100000,233400000,531100000,0.49,ok
면적 없음·대상 거래 제외,16392,관악구,330000000,289800000,243800000,344300000,0.81,ok
면적 없음·대상 거래 제외,16393,관악구,310000000,265900000,176300000,401100000,0.31,ok
면적 없음·대상 거래 제외,16396,관악구,380000000,366600000,243000000,553000000,0.55,ok
면적 없음·대상 거래 제외,16397,관악구,740000000,691000000,458100000,1042400000,0.25,ok
면적 없음·대상 거래 제외,16400,관악구,259000000,291000000,192900000,439000000,0.5,ok
면적 없음·대상 거래 제외,16401,관악구,140000000,160000000,106100000,241400000,0.43,ok
면적 없음·대상 거래 제외,16402,관악구,540000000,404000000,267800000,609500000,0.32,ok
면적 없음·대상 거래 제외,16405,관악구,360000000,257700000,170800000,388800000,0.3,ok
면적 없음·대상 거래 제외,16406,관악구,380000000,249300000,165300000,376100000,0.49,ok
면적 없음·대상 거래 제외,16409,관악구,420000000,331500000,219800000,500100000,0.3,ok
면적 없음·대상 거래 제외,16410,관악구,350000000,232000000,171100000,314600000,0.62,ok
면적 없음·대상 거래 제외,16413,관악구,710000000,713900000,526500000,968200000,0.63,ok
면적 없음·대상 거래 제외,16415,관악구,335000000,318900000,211400000,481100000,0.48,ok
면적 없음·대상 거래 제외,16417,관악구,292000000,365600000,242400000,551500000,0.31,ok
면적 없음·대상 거래 제외,16422,관악구,190000000,245200000,162600000,369900000,0.5,ok
면적 없음·대상 거래 제외,16424,관악구,200000000,192900000,162300000,229200000,0.82,ok
면적 없음·대상 거래 제외,16425,관악구,475000000,249900000,165700000,377000000,0.57,ok
면적 없음·대상 거래 제외,16429,관악구,350000000,340500000,251100000,461700000,0.7,ok
면적 없음·대상 거래 제외,16434,관악구,202000000,209200000,176000000,248600000,0.82,ok
면적 없음·대상 거래 제외,16438,관악구,628000000,506600000,335800000,764200000,0.55,ok
면적 없음·대상 거래 제외,16441,관악구,395000000,275900000,232200000,327900000,0.84,ok
면적 없음·대상 거래 제외,16443,관악구,285000000,205300000,136100000,309700000,0.32,ok
면적 없음·대상 거래 제외,16445,관악구,225000000,244100000,205400000,290100000,0.84,ok
면적 없음·대상 거래 제외,16450,관악구,183000000,265200000,175800000,400100000,0.52,ok
면적 없음·대상 거래 제외,16451,관악구,305000000,323100000,271900000,384000000,0.85,ok
면적 없음·대상 거래 제외,16453,관악구,226000000,254400000,168700000,383800000,0.49,ok
면적 없음·대상 거래 제외,16454,관악구,349000000,363600000,306000000,432100000,0.86,ok
면적 없음·대상 거래 제외,16456,관악구,345000000,352300000,259800000,477800000,0.7,ok
면적 없음·대상 거래 제외,16459,관악구,463000000,416000000,275800000,627500000,0.55,ok
면적 없음·대상 거래 제외,16461,관악구,445000000,324500000,215100000,489600000,0.25,ok
면적 없음·대상 거래 제외,16463,관악구,297000000,332200000,279600000,394800000,0.86,ok
면적 없음·대상 거래 제외,16465,관악구,372000000,309600000,248000000,386500000,0.79,ok
면적 없음·대상 거래 제외,16467,관악구,338000000,356200000,285300000,444800000,0.78,ok
면적 없음·대상 거래 제외,16468,관악구,390000000,387500000,285800000,525500000,0.63,ok
면적 없음·대상 거래 제외,16469,관악구,247000000,264300000,211700000,330000000,0.76,ok
면적 없음·대상 거래 제외,16475,관악구,470000000,498700000,399400000,622700000,0.72,ok
면적 없음·대상 거래 제외,16476,관악구,400000000,396000000,262500000,597300000,0.59,ok
면적 없음·대상 거래 제외,16479,관악구,310000000,308800000,204700000,465800000,0.57,ok
면적 없음·대상 거래 제외,16480,관악구,240000000,264000000,175000000,398200000,0.28,ok
면적 없음·대상 거래 제외,16483,관악구,298000000,243800000,179800000,330600000,0.68,ok
면적 없음·대상 거래 제외,16485,관악구,330000000,246200000,163200000,371400000,0.28,ok
면적 없음·대상 거래 제외,16488,관악구,315000000,410500000,272200000,619300000,0.53,ok
면적 없음·대상 거래 제외,16492,관악구,600000000,640300000,472200000,868300000,0.61,ok
면적 없음·대상 거래 제외,16494,관악구,290000000,299500000,198500000,451800000,0.24,ok
면적 없음·대상 거래 제외,16498,관악구,375000000,345200000,290500000,410300000,0.81,ok
면적 없음·대상 거래 제외,16500,관악구,377000000,288000000,190900000,434500000,0.26,ok
면적 없음·대상 거래 제외,16501,관악구,370000000,330400000,219000000,498400000,0.26,ok
면적 없음·대상 거래 제외,16502,관악구,140000000,160600000,118500000,217800000,0.67,ok
면적 없음·대상 거래 제외,16503,관악구,400000000,258900000,171700000,390600000,0.28,ok
면적 없음·대상 거래 제외,16504,관악구,770000000,659000000,436900000,994100000,0.24,ok
면적 없음·대상 거래 제외,16505,관악구,785000000,767200000,565700000,1040300000,0.64,ok
면적 없음·대상 거래 제외,16506,관악구,305000000,280700000,186100000,423400000,0.31,ok
면적 없음·대상 거래 제외,16507,관악구,439000000,291300000,193100000,439400000,0.35,ok
면적 없음·대상 거래 제외,16508,관악구,250000000,296200000,196300000,446800000,0.49,ok
면적 없음·대상 거래 제외,16509,관악구,205500000,265400000,175900000,400300000,0.3,ok
면적 없음·대상 거래 제외,16510,관악구,250000000,300300000,221400000,407200000,0.63,ok
면적 없음·대상 거래 제외,16513,관악구,376000000,509300000,428600000,605300000,0.82,ok
면적 없음·대상 거래 제외,16516,관악구,410000000,395600000,291700000,536500000,0.63,ok
면적 없음·대상 거래 제외,16517,관악구,315000000,296800000,196800000,447700000,0.51,ok
면적 없음·대상 거래 제외,16521,관악구,260000000,458300000,367100000,572200000,0.75,ok
면적 없음·대상 거래 제외,16522,관악구,335000000,294800000,236100000,368000000,0.78,ok
면적 없음·대상 거래 제외,16524,관악구,240000000,266800000,176900000,402500000,0.31,ok
면적 없음·대상 거래 제외,16527,관악구,278000000,273300000,201500000,370600000,0.7,ok
면적 없음·대상 거래 제외,16528,관악구,299000000,283500000,187900000,427600000,0.27,ok
면적 없음·대상 거래 제외,16530,관악구,340000000,368500000,310100000,437900000,0.81,ok
면적 없음·대상 거래 제외,16533,관악구,204500000,258700000,171500000,390200000,0.29,ok
면적 없음·대상 거래 제외,16534,관악구,465000000,516000000,413300000,644300000,0.72,ok
면적 없음·대상 거래 제외,16535,관악구,190000000,157600000,104500000,237800000,0.49,ok
면적 없음·대상 거래 제외,16536,관악구,200000000,282500000,187300000,426200000,0.51,ok
면적 없음·대상 거래 제외,16539,관악구,162000000,154000000,102100000,232300000,0.49,ok
면적 없음·대상 거래 제외,16540,관악구,300000000,343600000,227800000,518400000,0.58,ok
면적 없음·대상 거래 제외,16541,관악구,378000000,379200000,303700000,473400000,0.71,ok
면적 없음·대상 거래 제외,16542,관악구,220000000,321700000,213300000,485300000,0.4,ok
면적 없음·대상 거래 제외,16544,관악구,182500000,194300000,128800000,293100000,0.53,ok
면적 없음·대상 거래 제외,16546,관악구,232000000,297500000,238300000,371400000,0.79,ok
면적 없음·대상 거래 제외,16547,관악구,375000000,417000000,276400000,629000000,0.58,ok
면적 없음·대상 거래 제외,16550,관악구,670000000,589300000,390600000,888900000,0.39,ok
면적 없음·대상 거래 제외,16552,관악구,410000000,442200000,293100000,667000000,0.32,ok
면적 없음·대상 거래 제외,16555,관악구,200000000,333000000,220700000,502300000,0.49,ok
면적 없음·대상 거래 제외,16556,관악구,550000000,709400000,470200000,1070100000,0.47,ok
면적 없음·대상 거래 제외,16557,관악구,530000000,735900000,619200000,874500000,0.83,ok
면적 없음·대상 거래 제외,16558,관악구,290000000,496400000,329100000,748800000,0.53,ok
면적 없음·대상 거래 제외,16559,관악구,360000000,303200000,201000000,457300000,0.29,ok
면적 없음·대상 거래 제외,16566,관악구,465000000,400600000,320800000,500100000,0.75,ok
면적 없음·대상 거래 제외,16567,관악구,905000000,954000000,764000000,1191100000,0.75,ok
면적 없음·대상 거래 제외,16569,관악구,180000000,168100000,111400000,253600000,0.45,ok
면적 없음·대상 거래 제외,16573,관악구,275000000,369500000,310900000,439100000,0.8,ok
면적 없음·대상 거래 제외,16574,관악구,340000000,367300000,270800000,498100000,0.63,ok
면적 없음·대상 거래 제외,16575,관악구,480000000,435800000,321400000,591000000,0.61,ok
면적 없음·대상 거래 제외,16577,관악구,180000000,358000000,237300000,540100000,0.43,ok
면적 없음·대상 거래 제외,16579,관악구,150000000,195500000,129600000,294900000,0.33,ok
면적 없음·대상 거래 제외,16580,관악구,280000000,324500000,215100000,489500000,0.58,ok
면적 없음·대상 거래 제외,16583,관악구,300000000,422100000,279800000,636700000,0.58,ok
면적 없음·대상 거래 제외,16584,관악구,215000000,244100000,205400000,290100000,0.84,ok
면적 없음·대상 거래 제외,16585,관악구,290000000,286500000,189900000,432100000,0.57,ok
면적 없음·대상 거래 제외,16586,관악구,380000000,362900000,290700000,453200000,0.71,ok
면적 없음·대상 거래 제외,16589,관악구,345000000,342200000,226800000,516200000,0.54,ok
면적 없음·대상 거래 제외,16591,관악구,370000000,341500000,287400000,405900000,0.82,ok
면적 없음·대상 거래 제외,16593,관악구,285000000,366200000,242800000,552400000,0.58,ok
면적 없음·대상 거래 제외,16594,관악구,160000000,258500000,171400000,390000000,0.57,ok
면적 없음·대상 거래 제외,16599,관악구,365000000,252400000,167300000,380700000,0.24,ok
면적 없음·대상 거래 제외,16602,관악구,500000000,312200000,207000000,470900000,0.25,ok
면적 없음·대상 거래 제외,16603,관악구,290000000,319200000,211600000,481500000,0.59,ok
면적 없음·대상 거래 제외,16607,관악구,300000000,362700000,267500000,491900000,0.69,ok
면적 없음·대상 거래 제외,16613,관악구,435000000,468200000,394000000,556400000,0.81,ok
면적 없음·대상 거래 제외,16614,관악구,219000000,258800000,171600000,390400000,0.31,ok
면적 없음·대상 거래 제외,16616,관악구,320000000,309900000,205400000,467400000,0.49,ok
면적 없음·대상 거래 제외,16625,관악구,350000000,285800000,189400000,431100000,0.28,ok
면적 없음·대상 거래 제외,16627,관악구,190000000,279200000,185100000,421200000,0.28,ok
면적 없음·대상 거래 제외,16629,관악구,380000000,316600000,209900000,477600000,0.28,ok
면적 없음·대상 거래 제외,16633,관악구,450000000,279000000,185000000,420900000,0.27,ok
면적 없음·대상 거래 제외,16637,관악구,455000000,458000000,385400000,544300000,0.8,ok
면적 없음·대상 거래 제외,16638,관악구,280000000,278400000,184600000,420000000,0.53,ok
면적 없음·대상 거래 제외,16640,관악구,300000000,335100000,222200000,505500000,0.52,ok
면적 없음·대상 거래 제외,16642,관악구,280000000,279500000,235200000,332200000,0.89,ok
면적 없음·대상 거래 제외,16644,관악구,250000000,261800000,220300000,311100000,0.82,ok
면적 없음·대상 거래 제외,16645,관악구,370000000,352600000,233700000,531900000,0.58,ok
면적 없음·대상 거래 제외,16647,관악구,180000000,352700000,233800000,532000000,0.18,ok
면적 없음·대상 거래 제외,16648,관악구,460000000,401600000,266200000,605700000,0.6,ok
면적 없음·대상 거래 제외,16649,관악구,390000000,468400000,375100000,584800000,0.79,ok
면적 없음·대상 거래 제외,16650,관악구,462000000,367100000,270700000,497800000,0.63,ok
면적 없음·대상 거래 제외,16651,관악구,162000000,239100000,158500000,360600000,0.24,ok
면적 없음·대상 거래 제외,16652,관악구,325000000,286900000,190200000,432800000,0.37,ok
면적 없음·대상 거래 제외,16653,관악구,330000000,311600000,206600000,470000000,0.59,ok
면적 없음·대상 거래 제외,16654,관악구,435000000,321400000,270400000,381900000,0.85,ok
면적 없음·대상 거래 제외,16656,관악구,343200000,439000000,323700000,595300000,0.65,ok
면적 없음·대상 거래 제외,16659,관악구,297000000,188400000,124900000,284200000,0.43,ok
면적 없음·대상 거래 제외,16660,관악구,290000000,340400000,225700000,513500000,0.49,ok
면적 없음·대상 거래 제외,16662,관악구,285000000,224800000,149000000,339000000,0.34,ok
면적 없음·대상 거래 제외,16663,관악구,425000000,420300000,278600000,634100000,0.57,ok
면적 없음·대상 거래 제외,16665,관악구,210000000,275100000,182300000,414900000,0.32,ok
면적 없음·대상 거래 제외,16666,관악구,350000000,356900000,300300000,424100000,0.86,ok
면적 없음·대상 거래 제외,16667,관악구,379000000,421300000,354500000,500600000,0.81,ok
면적 없음·대상 거래 제외,16668,관악구,810000000,788200000,522500000,1189000000,0.47,ok
면적 없음·대상 거래 제외,16669,관악구,198000000,207300000,137500000,312800000,0.44,ok
면적 없음·대상 거래 제외,16671,관악구,300000000,321500000,270600000,382100000,0.87,ok
면적 없음·대상 거래 제외,16672,관악구,127000000,213700000,141600000,322300000,0.29,ok
면적 없음·대상 거래 제외,16674,관악구,352000000,264600000,175400000,399100000,0.33,ok
면적 없음·대상 거래 제외,16675,관악구,258000000,313800000,208000000,473400000,0.49,ok
면적 없음·대상 거래 제외,16681,관악구,350000000,326300000,274500000,387700000,0.8,ok
면적 없음·대상 거래 제외,16682,관악구,429000000,347500000,230400000,524200000,0.44,ok
면적 없음·대상 거래 제외,16683,관악구,338000000,336900000,223300000,508200000,0.57,ok
면적 없음·대상 거래 제외,16685,관악구,730000000,631600000,531500000,750600000,0.81,ok
면적 없음·대상 거래 제외,16686,관악구,350000000,350800000,232500000,529200000,0.56,ok
면적 없음·대상 거래 제외,16688,관악구,310000000,407100000,269900000,614100000,0.56,ok
면적 없음·대상 거래 제외,16689,관악구,288000000,273600000,201800000,371100000,0.68,ok
면적 없음·대상 거래 제외,16701,관악구,685000000,653700000,433400000,986100000,0.59,ok
면적 없음·대상 거래 제외,16705,관악구,480000000,324100000,214800000,488900000,0.2,ok
면적 없음·대상 거래 제외,16706,관악구,500000000,408400000,270700000,616000000,0.4,ok
면적 없음·대상 거래 제외,16710,관악구,350000000,282900000,208600000,383600000,0.62,ok
면적 없음·대상 거래 제외,16718,관악구,670000000,663200000,558100000,788100000,0.83,ok
면적 없음·대상 거래 제외,16719,관악구,389000000,288500000,191300000,435300000,0.56,ok
면적 없음·대상 거래 제외,16721,관악구,388000000,346300000,229600000,522400000,0.54,ok
면적 없음·대상 거래 제외,16723,관악구,307000000,298500000,197900000,450300000,0.56,ok
면적 없음·대상 거래 제외,16724,관악구,348000000,268900000,178200000,405600000,0.38,ok
면적 없음·대상 거래 제외,16725,관악구,463500000,558400000,411800000,757300000,0.64,ok
면적 없음·대상 거래 제외,16726,관악구,471500000,555400000,409500000,753100000,0.64,ok
면적 없음·대상 거래 제외,16727,관악구,488500000,549400000,405200000,745100000,0.64,ok
면적 없음·대상 거래 제외,16728,관악구,471500000,554800000,409100000,752400000,0.64,ok
면적 없음·대상 거래 제외,16729,관악구,479000000,551800000,406900000,748200000,0.64,ok
면적 없음·대상 거래 제외,16730,관악구,496000000,545900000,402500000,740200000,0.64,ok
면적 없음·대상 거래 제외,16731,관악구,503500000,575900000,484600000,684400000,0.81,ok
면적 없음·대상 거래 제외,16732,관악구,547500000,557100000,468800000,662000000,0.81,ok
면적 없음·대상 거래 제외,16733,관악구,501000000,595100000,500800000,707300000,0.81,ok
면적 없음·대상 거래 제외,16734,관악구,506500000,582600000,490200000,692300000,0.81,ok
면적 없음·대상 거래 제외,16737,관악구,419000000,418300000,277300000,631000000,0.56,ok
면적 없음·대상 거래 제외,16738,관악구,691000000,535700000,355200000,808200000,0.29,ok
면적 없음·대상 거래 제외,16739,관악구,820000000,723400000,608700000,859600000,0.83,ok
면적 없음·대상 거래 제외,16743,관악구,255000000,288300000,191100000,434800000,0.56,ok
면적 없음·대상 거래 제외,16744,관악구,230000000,327500000,217100000,494000000,0.29,ok
면적 없음·대상 거래 제외,16746,관악구,115000000,307300000,203700000,463600000,0.53,ok
면적 없음·대상 거래 제외,16748,관악구,385000000,375700000,300900000,469000000,0.71,ok
면적 없음·대상 거래 제외,16749,관악구,167000000,168600000,124400000,228700000,0.69,ok
면적 없음·대상 거래 제외,16750,관악구,800000000,694000000,511800000,941100000,0.67,ok
면적 없음·대상 거래 제외,16751,관악구,570000000,455100000,364500000,568300000,0.75,ok
면적 없음·대상 거래 제외,16755,관악구,257000000,227300000,182000000,283800000,0.79,ok
면적 없음·대상 거래 제외,16756,관악구,185000000,166900000,133700000,208400000,0.75,ok
면적 없음·대상 거래 제외,16757,관악구,170000000,177800000,117900000,268200000,0.47,ok
면적 없음·대상 거래 제외,16758,관악구,210000000,189800000,152000000,237000000,0.75,ok
면적 없음·대상 거래 제외,16759,관악구,395000000,361200000,266400000,489900000,0.63,ok
면적 없음·대상 거래 제외,16761,관악구,320000000,309100000,247500000,385900000,0.7,ok
면적 없음·대상 거래 제외,16762,관악구,460000000,486000000,322200000,733100000,0.58,ok
면적 없음·대상 거래 제외,16763,관악구,170000000,206900000,137200000,312100000,0.53,ok
면적 없음·대상 거래 제외,16766,관악구,120000000,180400000,119600000,272100000,0.15,ok
면적 없음·대상 거래 제외,16769,관악구,599500000,578600000,486900000,687600000,0.88,ok
면적 없음·대상 거래 제외,16773,관악구,121000000,248400000,164700000,374700000,0.37,ok
면적 없음·대상 거래 제외,16775,관악구,260000000,173600000,115100000,261900000,0.56,ok
면적 없음·대상 거래 제외,16777,관악구,580000000,615100000,453600000,834100000,0.68,ok
면적 없음·대상 거래 제외,16778,관악구,665000000,784500000,520100000,1183500000,0.43,ok
면적 없음·대상 거래 제외,16783,관악구,280000000,260300000,191900000,353000000,0.68,ok
면적 없음·대상 거래 제외,16784,관악구,364500000,276000000,183000000,416400000,0.31,ok
면적 없음·대상 거래 제외,16787,관악구,235000000,219300000,161700000,297400000,0.68,ok
면적 없음·대상 거래 제외,16788,관악구,535000000,451900000,299600000,681600000,0.59,ok
면적 없음·대상 거래 제외,16789,관악구,430000000,509300000,428600000,605300000,0.82,ok
면적 없음·대상 거래 제외,16792,관악구,350000000,388600000,257600000,586200000,0.32,ok
면적 없음·대상 거래 제외,16793,관악구,243000000,246000000,163100000,371100000,0.55,ok
면적 없음·대상 거래 제외,16796,관악구,320000000,335500000,222400000,506100000,0.56,ok
면적 없음·대상 거래 제외,16806,관악구,370000000,268300000,214900000,335000000,0.79,ok
면적 없음·대상 거래 제외,16807,관악구,880000000,985500000,653300000,1486600000,0.55,ok
면적 없음·대상 거래 제외,16808,관악구,100000000,156700000,103900000,236400000,0.14,ok
면적 없음·대상 거래 제외,16809,관악구,390000000,422500000,355600000,502100000,0.86,ok
면적 없음·대상 거래 제외,16810,관악구,330000000,258300000,190500000,350300000,0.7,ok
면적 없음·대상 거래 제외,16813,관악구,353000000,408200000,270600000,615700000,0.55,ok
면적 없음·대상 거래 제외,16816,관악구,185000000,334200000,221500000,504100000,0.3,ok
면적 없음·대상 거래 제외,16817,관악구,325000000,306800000,203400000,462900000,0.53,ok
면적 없음·대상 거래 제외,16818,관악구,295000000,322500000,258300000,402600000,0.76,ok
면적 없음·대상 거래 제외,16819,관악구,350000000,406200000,269300000,612700000,0.54,ok
면적 없음·대상 거래 제외,16820,관악구,390000000,162900000,130500000,203400000,0.79,ok
면적 없음·대상 거래 제외,16822,관악구,185000000,224500000,148800000,338600000,0.51,ok
면적 없음·대상 거래 제외,16824,관악구,300000000,302400000,200400000,456100000,0.51,ok
면적 없음·대상 거래 제외,16827,관악구,850000000,810300000,649000000,1011700000,0.78,ok
면적 없음·대상 거래 제외,16828,관악구,180000000,200100000,132700000,301900000,0.35,ok
면적 없음·대상 거래 제외,16829,관악구,430000000,386000000,309100000,481900000,0.78,ok
면적 없음·대상 거래 제외,16830,관악구,430000000,386000000,309100000,481900000,0.78,ok
면적 없음·대상 거래 제외,16835,관악구,235000000,276000000,221000000,344600000,0.75,ok
면적 없음·대상 거래 제외,16837,관악구,230000000,242200000,160600000,365400000,0.29,ok
면적 없음·대상 거래 제외,16838,관악구,385000000,365600000,292800000,456500000,0.72,ok
면적 없음·대상 거래 제외,16840,관악구,300000000,338200000,224200000,510100000,0.22,ok
면적 없음·대상 거래 제외,16841,관악구,380000000,274300000,181800000,413800000,0.39,ok
면적 없음·대상 거래 제외,16842,관악구,580000000,615100000,453600000,834100000,0.68,ok
면적 없음·대상 거래 제외,16844,관악구,250000000,240500000,159400000,362800000,0.49,ok
면적 없음·대상 거래 제외,16846,관악구,280000000,259300000,191200000,351600000,0.68,ok
면적 없음·대상 거래 제외,16849,관악구,299000000,223000000,147800000,336400000,0.15,ok
면적 없음·대상 거래 제외,16851,관악구,160000000,330100000,218800000,498000000,0.53,ok
면적 없음·대상 거래 제외,16852,관악구,805000000,839800000,556700000,1266900000,0.58,ok
면적 없음·대상 거래 제외,16853,관악구,480000000,469100000,345900000,636100000,0.64,ok
면적 없음·대상 거래 제외,16855,관악구,255000000,280600000,206900000,380500000,0.7,ok
면적 없음·대상 거래 제외,16856,관악구,185000000,223200000,148000000,336700000,0.5,ok
면적 없음·대상 거래 제외,16857,관악구,300000000,365800000,269800000,496100000,0.64,ok
면적 없음·대상 거래 제외,16860,관악구,340000000,336300000,269300000,419900000,0.7,ok
면적 없음·대상 거래 제외,16861,관악구,215000000,419400000,278100000,632700000,0.33,ok
면적 없음·대상 거래 제외,16864,관악구,283000000,273300000,201500000,370600000,0.7,ok
면적 없음·대상 거래 제외,16865,관악구,905000000,606100000,401800000,914300000,0.36,ok
면적 없음·대상 거래 제외,16871,관악구,320000000,301100000,199600000,454300000,0.5,ok
면적 없음·대상 거래 제외,16874,관악구,850000000,746300000,494800000,1125800000,0.56,ok
면적 없음·대상 거래 제외,16876,관악구,160000000,225700000,149600000,340400000,0.36,ok
면적 없음·대상 거래 제외,16877,관악구,245000000,216300000,143400000,326300000,0.33,ok
면적 없음·대상 거래 제외,16884,관악구,250000000,258800000,171600000,390400000,0.51,ok
면적 없음·대상 거래 제외,16889,관악구,255000000,215100000,158600000,291700000,0.62,ok
면적 없음·대상 거래 제외,16890,관악구,280000000,294800000,236100000,368100000,0.77,ok
면적 없음·대상 거래 제외,16892,관악구,377000000,381500000,305500000,476300000,0.71,ok
면적 없음·대상 거래 제외,16895,관악구,380000000,438500000,323300000,594600000,0.62,ok
면적 없음·대상 거래 제외,16898,관악구,260000000,280500000,185900000,423100000,0.5,ok
면적 없음·대상 거래 제외,16899,관악구,300000000,477100000,316300000,719700000,0.57,ok
면적 없음·대상 거래 제외,16903,관악구,305000000,245400000,162700000,370100000,0.3,ok
면적 없음·대상 거래 제외,16905,관악구,420000000,463600000,307300000,699300000,0.59,ok
면적 없음·대상 거래 제외,16909,관악구,165000000,236400000,156700000,356600000,0.24,ok
면적 없음·대상 거래 제외,16910,관악구,267000000,317100000,210200000,478300000,0.55,ok
면적 없음·대상 거래 제외,16916,관악구,350000000,336300000,223000000,507400000,0.54,ok
면적 없음·대상 거래 제외,16917,관악구,255000000,185800000,123200000,280300000,0.16,ok
면적 없음·대상 거래 제외,16920,관악구,170000000,283800000,238800000,337300000,0.85,ok
면적 없음·대상 거래 제외,16921,관악구,300000000,316600000,209900000,477600000,0.57,ok
면적 없음·대상 거래 제외,16925,관악구,720000000,668400000,443100000,1008300000,0.4,ok
면적 없음·대상 거래 제외,16926,관악구,360000000,314900000,208800000,475100000,0.49,ok
면적 없음·대상 거래 제외,16928,관악구,320000000,316800000,210000000,477900000,0.59,ok
면적 없음·대상 거래 제외,16930,관악구,368000000,385800000,284500000,523200000,0.7,ok
면적 없음·대상 거래 제외,16931,관악구,450000000,393900000,261100000,594200000,0.53,ok
면적 없음·대상 거래 제외,16933,관악구,315000000,256400000,170000000,386800000,0.28,ok
면적 없음·대상 거래 제외,16935,관악구,197000000,190500000,152600000,237800000,0.73,ok
면적 없음·대상 거래 제외,16937,관악구,410000000,412600000,273600000,622500000,0.6,ok
면적 없음·대상 거래 제외,16939,관악구,230000000,305000000,202200000,460100000,0.5,ok
면적 없음·대상 거래 제외,16940,관악구,250000000,343500000,227700000,518100000,0.56,ok
면적 없음·대상 거래 제외,16941,관악구,283000000,237900000,157700000,358900000,0.59,ok
면적 없음·대상 거래 제외,16942,관악구,245000000,235500000,173700000,319400000,0.69,ok
면적 없음·대상 거래 제외,16943,관악구,265000000,270000000,179000000,407200000,0.31,ok
면적 없음·대상 거래 제외,16944,관악구,190000000,185800000,123200000,280300000,0.19,ok
면적 없음·대상 거래 제외,16945,관악구,485000000,309700000,205300000,467200000,0.26,ok
면적 없음·대상 거래 제외,16948,관악구,630000000,608000000,511700000,722600000,0.83,ok
면적 없음·대상 거래 제외,16950,관악구,238000000,315400000,209100000,475800000,0.31,ok
면적 없음·대상 거래 제외,16951,관악구,470000000,369500000,245000000,557400000,0.47,ok
면적 없음·대상 거래 제외,16953,관악구,230000000,246100000,207100000,292500000,0.86,ok
면적 없음·대상 거래 제외,16954,관악구,510000000,478800000,383500000,597900000,0.72,ok
면적 없음·대상 거래 제외,16957,관악구,220000000,301900000,200200000,455500000,0.52,ok
면적 없음·대상 거래 제외,16960,관악구,185000000,226900000,150400000,342300000,0.22,ok
면적 없음·대상 거래 제외,16962,관악구,230000000,163600000,120600000,221800000,0.63,ok
면적 없음·대상 거래 제외,16963,관악구,530000000,430100000,344500000,537000000,0.74,ok
면적 없음·대상 거래 제외,16965,관악구,275000000,248500000,183200000,337000000,0.67,ok
면적 없음·대상 거래 제외,16966,관악구,320000000,243600000,161500000,367400000,0.32,ok
면적 없음·대상 거래 제외,16967,관악구,298000000,444800000,328000000,603100000,0.68,ok
면적 없음·대상 거래 제외,16970,관악구,260000000,387100000,310000000,483300000,0.73,ok
면적 없음·대상 거래 제외,16972,관악구,235000000,267300000,177200000,403200000,0.49,ok
면적 없음·대상 거래 제외,16973,관악구,325000000,253300000,167900000,382100000,0.27,ok
면적 없음·대상 거래 제외,16974,관악구,375000000,353100000,282800000,440800000,0.72,ok
면적 없음·대상 거래 제외,16976,관악구,445000000,367600000,243700000,554500000,0.29,ok
면적 없음·대상 거래 제외,16978,관악구,260000000,329800000,218600000,497500000,0.27,ok
면적 없음·대상 거래 제외,16979,관악구,180000000,166900000,133700000,208400000,0.75,ok
면적 없음·대상 거래 제외,16980,관악구,310000000,278500000,184600000,420100000,0.51,ok
면적 없음·대상 거래 제외,16981,관악구,265000000,307100000,203600000,463300000,0.3,ok
면적 없음·대상 거래 제외,16982,관악구,193000000,228400000,151400000,344600000,0.51,ok
면적 없음·대상 거래 제외,16984,관악구,445000000,429000000,284400000,647100000,0.28,ok
면적 없음·대상 거래 제외,16985,관악구,240000000,293100000,194300000,442200000,0.31,ok
면적 없음·대상 거래 제외,16986,관악구,240000000,207300000,137400000,312600000,0.14,ok
면적 없음·대상 거래 제외,16987,관악구,760000000,770900000,511000000,1162900000,0.57,ok
면적 없음·대상 거래 제외,16991,관악구,185000000,223100000,147900000,336500000,0.39,ok
면적 없음·대상 거래 제외,16992,관악구,295000000,298800000,198100000,450700000,0.3,ok
면적 없음·대상 거래 제외,16995,관악구,280000000,347400000,230300000,524000000,0.55,ok
면적 없음·대상 거래 제외,16996,관악구,300000000,261200000,209200000,326100000,0.77,ok
면적 없음·대상 거래 제외,16998,관악구,450000000,409800000,271600000,618100000,0.49,ok
면적 없음·대상 거래 제외,16999,관악구,145000000,216600000,159700000,293700000,0.61,ok
면적 없음·대상 거래 제외,17000,관악구,329000000,439100000,323800000,595500000,0.68,ok
면적 없음·대상 거래 제외,17004,관악구,240000000,229200000,151900000,345700000,0.5,ok
면적 없음·대상 거래 제외,17008,관악구,507500000,509500000,408100000,636100000,0.72,ok
면적 없음·대상 거래 제외,17009,관악구,360000000,335700000,268900000,419100000,0.77,ok
면적 없음·대상 거래 제외,17010,관악구,353000000,428500000,316000000,581000000,0.7,ok
면적 없음·대상 거래 제외,17012,관악구,395000000,352600000,233700000,531800000,0.58,ok
면적 없음·대상 거래 제외,17013,관악구,270000000,330700000,219200000,498800000,0.28,ok
면적 없음·대상 거래 제외,17015,관악구,509000000,340900000,286800000,405100000,0.86,ok
면적 없음·대상 거래 제외,17016,관악구,173000000,219700000,145700000,331500000,0.19,ok
면적 없음·대상 거래 제외,17017,관악구,287000000,273000000,181000000,411800000,0.3,ok
면적 없음·대상 거래 제외,17018,관악구,328000000,281400000,225300000,351300000,0.79,ok
면적 없음·대상 거래 제외,17020,관악구,100000000,195800000,129800000,295400000,0.19,ok
면적 없음·대상 거래 제외,17024,관악구,345000000,268800000,178200000,405500000,0.33,ok
면적 없음·대상 거래 제외,17025,관악구,320000000,381400000,305500000,476300000,0.72,ok
면적 없음·대상 거래 제외,17028,관악구,195000000,180100000,119400000,271700000,0.52,ok
면적 없음·대상 거래 제외,17029,관악구,300000000,382400000,253500000,576800000,0.56,ok
면적 없음·대상 거래 제외,17031,관악구,264500000,254600000,168800000,384000000,0.31,ok
면적 없음·대상 거래 제외,17034,관악구,435000000,515400000,433700000,612400000,0.85,ok
면적 없음·대상 거래 제외,17037,관악구,226000000,244100000,205400000,290100000,0.84,ok
면적 없음·대상 거래 제외,17039,관악구,330000000,339100000,224800000,511500000,0.52,ok
면적 없음·대상 거래 제외,17051,관악구,237000000,227700000,167900000,308800000,0.63,ok
면적 없음·대상 거래 제외,17054,관악구,820000000,696800000,461900000,1051000000,0.3,ok
면적 없음·대상 거래 제외,17057,관악구,294000000,308700000,204700000,465700000,0.57,ok
면적 없음·대상 거래 제외,17060,관악구,192000000,182400000,120900000,275200000,0.38,ok
면적 없음·대상 거래 제외,17063,관악구,360000000,334100000,267600000,417200000,0.72,ok
면적 없음·대상 거래 제외,17064,관악구,170000000,171100000,113400000,258100000,0.26,ok
면적 없음·대상 거래 제외,17068,관악구,300000000,254000000,168400000,383200000,0.25,ok
면적 없음·대상 거래 제외,17069,관악구,125000000,211100000,140000000,318500000,0.2,ok
면적 없음·대상 거래 제외,17070,관악구,158000000,151700000,100500000,228800000,0.31,ok
면적 없음·대상 거래 제외,17071,관악구,300000000,292900000,246500000,348100000,0.84,ok
면적 없음·대상 거래 제외,17072,관악구,370000000,297400000,197200000,448700000,0.27,ok
면적 없음·대상 거래 제외,17074,관악구,250000000,275300000,182500000,415300000,0.45,ok
면적 없음·대상 거래 제외,17075,관악구,175000000,237300000,157300000,358000000,0.44,ok
면적 없음·대상 거래 제외,17081,관악구,195000000,242400000,194100000,302600000,0.8,ok
면적 없음·대상 거래 제외,17101,관악구,530000000,287600000,242000000,341800000,0.85,ok
면적 없음·대상 거래 제외,17114,관악구,265000000,235800000,156300000,355700000,0.31,ok
면적 없음·대상 거래 제외,17116,관악구,130000000,129600000,85900000,195600000,0.49,ok
면적 없음·대상 거래 제외,17118,관악구,380000000,354700000,235200000,535100000,0.56,ok
면적 없음·대상 거래 제외,17119,관악구,410000000,455500000,302000000,687100000,0.29,ok
면적 없음·대상 거래 제외,17120,관악구,360000000,350500000,232400000,528800000,0.51,ok
면적 없음·대상 거래 제외,17121,관악구,350000000,294200000,195000000,443800000,0.55,ok
면적 없음·대상 거래 제외,17129,관악구,325000000,346800000,277700000,433000000,0.78,ok
면적 없음·대상 거래 제외,17130,관악구,585000000,380500000,252300000,574000000,0.34,ok
면적 없음·대상 거래 제외,17131,관악구,395000000,263500000,174700000,397400000,0.58,ok
면적 없음·대상 거래 제외,17132,관악구,275000000,282600000,187300000,426300000,0.38,ok
면적 없음·대상 거래 제외,17134,관악구,295000000,221800000,177700000,277000000,0.73,ok
면적 없음·대상 거래 제외,17135,관악구,280000000,250500000,166100000,377900000,0.2,ok
면적 없음·대상 거래 제외,17136,관악구,750000000,796900000,528300000,1202200000,0.56,ok
면적 없음·대상 거래 제외,17138,관악구,405000000,396700000,263000000,598400000,0.53,ok
면적 없음·대상 거래 제외,17141,관악구,343000000,327400000,262300000,408800000,0.74,ok
면적 없음·대상 거래 제외,17142,관악구,324000000,344400000,289800000,409200000,0.86,ok
면적 없음·대상 거래 제외,17143,관악구,690000000,817200000,541800000,1232800000,0.48,ok
면적 없음·대상 거래 제외,17146,관악구,290000000,301400000,199800000,454600000,0.59,ok
면적 없음·대상 거래 제외,17148,관악구,147000000,146500000,97100000,221000000,0.51,ok
면적 없음·대상 거래 제외,17150,관악구,298000000,276900000,183600000,417800000,0.29,ok
면적 없음·대상 거래 제외,17151,관악구,635000000,552200000,442300000,689500000,0.77,ok
면적 없음·대상 거래 제외,17152,관악구,398500000,352300000,259800000,477800000,0.62,ok
면적 없음·대상 거래 제외,17154,관악구,397000000,317100000,210200000,478300000,0.31,ok
면적 없음·대상 거래 제외,17155,관악구,360000000,330600000,219100000,498700000,0.25,ok
면적 없음·대상 거래 제외,17157,관악구,230000000,224800000,180100000,280700000,0.77,ok
면적 없음·대상 거래 제외,17158,관악구,180000000,146400000,97100000,220900000,0.42,ok
면적 없음·대상 거래 제외,17160,관악구,348000000,364300000,268700000,494100000,0.68,ok
면적 없음·대상 거래 제외,17169,관악구,232000000,255000000,169100000,384700000,0.51,ok
면적 없음·대상 거래 제외,17171,관악구,378000000,305200000,202300000,460400000,0.3,ok
면적 없음·대상 거래 제외,17172,관악구,250000000,276600000,183400000,417300000,0.55,ok
면적 없음·대상 거래 제외,17175,관악구,400000000,361300000,266500000,490000000,0.61,ok
면적 없음·대상 거래 제외,17176,관악구,230000000,179600000,119000000,270900000,0.13,ok
면적 없음·대상 거래 제외,17177,관악구,228000000,251600000,185500000,341200000,0.69,ok
면적 없음·대상 거래 제외,17180,관악구,215000000,244100000,205400000,290100000,0.84,ok
면적 없음·대상 거래 제외,17182,관악구,470000000,324700000,215200000,489700000,0.58,ok
면적 없음·대상 거래 제외,17183,관악구,580000000,592300000,436800000,803200000,0.6,ok
면적 없음·대상 거래 제외,17185,관악구,300000000,290400000,192500000,438100000,0.3,ok
면적 없음·대상 거래 제외,17189,관악구,365000000,351400000,295700000,417600000,0.88,ok
면적 없음·대상 거래 제외,17191,관악구,365000000,355800000,299400000,422900000,0.85,ok
면적 없음·대상 거래 제외,17192,관악구,230000000,232900000,154400000,351400000,0.49,ok
면적 없음·대상 거래 제외,17198,관악구,282000000,269300000,178500000,406300000,0.25,ok
면적 없음·대상 거래 제외,17199,관악구,428000000,402000000,266500000,606400000,0.45,ok
면적 없음·대상 거래 제외,17201,관악구,720000000,583200000,386600000,879800000,0.41,ok
면적 없음·대상 거래 제외,17202,관악구,598000000,625900000,461600000,848800000,0.69,ok
면적 없음·대상 거래 제외,17203,관악구,290000000,287600000,242000000,341800000,0.88,ok
면적 없음·대상 거래 제외,17208,관악구,300000000,278500000,184600000,420200000,0.28,ok
면적 없음·대상 거래 제외,17210,관악구,635000000,552200000,442300000,689500000,0.77,ok
면적 없음·대상 거래 제외,17211,관악구,279000000,276400000,183200000,416900000,0.52,ok
면적 없음·대상 거래 제외,17213,관악구,235000000,255200000,214800000,303300000,0.82,ok
면적 없음·대상 거래 제외,17215,관악구,710000000,836500000,554500000,1261900000,0.51,ok
면적 없음·대상 거래 제외,17216,관악구,357000000,585400000,468900000,731000000,0.71,ok
면적 없음·대상 거래 제외,17217,관악구,180000000,251200000,166500000,378900000,0.49,ok
면적 없음·대상 거래 제외,17219,관악구,360000000,386100000,324900000,458800000,0.89,ok
면적 없음·대상 거래 제외,17220,관악구,445000000,314700000,208600000,474700000,0.58,ok
면적 없음·대상 거래 제외,17222,관악구,182000000,252400000,167300000,380700000,0.3,ok
면적 없음·대상 거래 제외,17223,관악구,380000000,456300000,365400000,569700000,0.72,ok
면적 없음·대상 거래 제외,17224,관악구,700000000,783900000,519600000,1182400000,0.54,ok
면적 없음·대상 거래 제외,17231,관악구,528000000,354900000,235300000,535300000,0.55,ok
면적 없음·대상 거래 제외,17233,관악구,260000000,292900000,216000000,397200000,0.7,ok
면적 없음·대상 거래 제외,17239,관악구,350000000,276100000,183000000,416500000,0.24,ok
면적 없음·대상 거래 제외,17243,관악구,300000000,261200000,209200000,326100000,0.77,ok
면적 없음·대상 거래 제외,17245,관악구,328000000,375500000,300700000,468800000,0.74,ok
면적 없음·대상 거래 제외,17247,관악구,257000000,424200000,312800000,575200000,0.66,ok
면적 없음·대상 거래 제외,17248,관악구,190000000,204300000,135500000,308200000,0.51,ok
면적 없음·대상 거래 제외,17249,관악구,200000000,256800000,170300000,387400000,0.38,ok
면적 없음·대상 거래 제외,17251,관악구,265000000,402100000,296500000,545300000,0.69,ok
면적 없음·대상 거래 제외,17253,관악구,495000000,491700000,326000000,741800000,0.56,ok
면적 없음·대상 거래 제외,17254,관악구,295000000,389200000,258000000,587100000,0.59,ok
면적 없음·대상 거래 제외,17256,관악구,147000000,280900000,186200000,423700000,0.51,ok
면적 없음·대상 거래 제외,17258,관악구,567000000,597100000,440300000,809700000,0.66,ok
면적 없음·대상 거래 제외,17259,관악구,185000000,279100000,185000000,421000000,0.25,ok
면적 없음·대상 거래 제외,17261,관악구,275000000,261900000,209700000,326900000,0.72,ok
면적 없음·대상 거래 제외,17265,관악구,555000000,559700000,371000000,844300000,0.56,ok
면적 없음·대상 거래 제외,17269,관악구,198000000,228000000,151200000,344000000,0.55,ok
면적 없음·대상 거래 제외,17270,관악구,300000000,304700000,202000000,459700000,0.57,ok
면적 없음·대상 거래 제외,17276,관악구,810000000,970400000,643300000,1463900000,0.11,ok
면적 없음·대상 거래 제외,17277,관악구,475000000,402600000,296800000,545900000,0.63,ok
면적 없음·대상 거래 제외,17279,관악구,335000000,257900000,171000000,389100000,0.58,ok
면적 없음·대상 거래 제외,17281,관악구,360000000,377600000,317700000,448700000,0.89,ok
면적 없음·대상 거래 제외,17283,관악구,355000000,406100000,325300000,507100000,0.7,ok
면적 없음·대상 거래 제외,17288,관악구,225000000,341800000,226600000,515600000,0.31,ok
면적 없음·대상 거래 제외,17289,관악구,310000000,235300000,156000000,355000000,0.45,ok
면적 없음·대상 거래 제외,17292,관악구,380000000,357200000,286100000,446000000,0.76,ok
면적 없음·대상 거래 제외,17293,관악구,193000000,291600000,193300000,439900000,0.48,ok
면적 없음·대상 거래 제외,17295,관악구,268000000,276700000,204000000,375200000,0.66,ok
면적 없음·대상 거래 제외,17297,관악구,198000000,192600000,154300000,240500000,0.77,ok
면적 없음·대상 거래 제외,17298,관악구,380000000,299000000,198200000,451000000,0.29,ok
면적 없음·대상 거래 제외,17299,관악구,282000000,332900000,220700000,502200000,0.55,ok
면적 없음·대상 거래 제외,17300,관악구,600000000,471400000,312500000,711100000,0.6,ok
면적 없음·대상 거래 제외,17302,관악구,170000000,138600000,91900000,209000000,0.42,ok
면적 없음·대상 거래 제외,17304,관악구,900000000,883100000,585400000,1332200000,0.54,ok
면적 없음·대상 거래 제외,17306,관악구,265000000,348100000,230800000,525100000,0.59,ok
면적 없음·대상 거래 제외,17309,관악구,573000000,616700000,408900000,930400000,0.59,ok
면적 없음·대상 거래 제외,17310,관악구,350000000,382400000,321800000,454400000,0.88,ok
면적 없음·대상 거래 제외,17311,관악구,340000000,375300000,276800000,509000000,0.61,ok
면적 없음·대상 거래 제외,17312,관악구,340000000,375300000,276800000,509000000,0.61,ok
면적 없음·대상 거래 제외,17314,관악구,290000000,231200000,153300000,348800000,0.53,ok
면적 없음·대상 거래 제외,17319,관악구,449000000,250100000,165800000,377300000,0.28,ok
면적 없음·대상 거래 제외,17330,관악구,390000000,281300000,225300000,351300000,0.72,ok
면적 없음·대상 거래 제외,17331,관악구,450000000,400800000,337200000,476300000,0.85,ok
면적 없음·대상 거래 제외,17334,관악구,333000000,315000000,208800000,475200000,0.59,ok
면적 없음·대상 거래 제외,17335,관악구,405000000,298200000,197700000,449800000,0.27,ok
면적 없음·대상 거래 제외,17338,관악구,358000000,340200000,250900000,461300000,0.6,ok
면적 없음·대상 거래 제외,17339,관악구,120000000,257700000,170900000,388800000,0.19,ok
면적 없음·대상 거래 제외,17344,관악구,155000000,191000000,126600000,288200000,0.21,ok
면적 없음·대상 거래 제외,17345,관악구,245000000,245100000,180700000,332300000,0.68,ok
면적 없음·대상 거래 제외,17346,관악구,675000000,348900000,231300000,526400000,0.29,ok
면적 없음·대상 거래 제외,20047,강남구,1240000000,1299700000,1041000000,1622800000,0.71,ok
면적 없음·대상 거래 제외,20049,강남구,730000000,483800000,407100000,574900000,0.82,ok
면적 없음·대상 거래 제외,20054,강남구,660000000,421200000,279200000,635400000,0.31,ok
면적 없음·대상 거래 제외,20055,강남구,295000000,240800000,177600000,326600000,0.67,ok
면적 없음·대상 거래 제외,20060,강남구,521000000,530900000,425200000,662800000,0.74,ok
면적 없음·대상 거래 제외,20062,강남구,1250000000,1299300000,1040600000,1622300000,0.71,ok
면적 없음·대상 거래 제외,20063,강남구,650000000,757300000,502000000,1142400000,0.48,ok
면적 없음·대상 거래 제외,20067,강남구,340000000,375900000,277200000,509700000,0.64,ok
면적 없음·대상 거래 제외,20069,강남구,1750000000,1552900000,1029500000,2342600000,0.5,ok
면적 없음·대상 거래 제외,20075,강남구,535000000,553900000,443600000,691500000,0.7,ok
면적 없음·대상 거래 제외,20076,강남구,295000000,371600000,297600000,464000000,0.75,ok
면적 없음·대상 거래 제외,20078,강남구,700000000,811100000,537700000,1223500000,0.43,ok
면적 없음·대상 거래 제외,20079,강남구,510000000,497600000,366900000,674700000,0.68,ok
면적 없음·대상 거래 제외,20083,강남구,1600000000,1981300000,1313500000,2988800000,0.55,ok
면적 없음·대상 거래 제외,20084,강남구,800000000,712300000,472200000,1074500000,0.54,ok
면적 없음·대상 거래 제외,20087,강남구,870000000,867200000,639500000,1176000000,0.69,ok
면적 없음·대상 거래 제외,20090,강남구,750000000,640400000,424600000,966100000,0.53,ok
면적 없음·대상 거래 제외,20091,강남구,634000000,1119900000,742400000,1689400000,0.25,ok
면적 없음·대상 거래 제외,20094,강남구,910000000,841400000,557800000,1269300000,0.57,ok
면적 없음·대상 거래 제외,20095,강남구,1200000000,1299300000,1040600000,1622300000,0.71,ok
면적 없음·대상 거래 제외,20096,강남구,1200000000,1380200000,1161400000,1640200000,0.9,ok
면적 없음·대상 거래 제외,20097,강남구,760000000,756100000,501200000,1140600000,0.57,ok
면적 없음·대상 거래 제외,20099,강남구,780000000,833200000,667300000,1040300000,0.74,ok
면적 없음·대상 거래 제외,20100,강남구,1830000000,420000000,278400000,633500000,0.28,ok
면적 없음·대상 거래 제외,20101,강남구,707500000,932500000,618200000,1406600000,0.52,ok
면적 없음·대상 거래 제외,20103,강남구,499000000,247200000,163900000,372900000,0.18,ok
면적 없음·대상 거래 제외,20106,강남구,1245000000,1299300000,1040600000,1622300000,0.71,ok
면적 없음·대상 거래 제외,20118,강남구,880000000,945100000,795300000,1123200000,0.8,ok
면적 없음·대상 거래 제외,20119,강남구,890000000,1094100000,806800000,1483700000,0.62,ok
면적 없음·대상 거래 제외,20121,강남구,700000000,484400000,357200000,656900000,0.68,ok
면적 없음·대상 거래 제외,20123,강남구,1530000000,314000000,208200000,473700000,0.23,ok
면적 없음·대상 거래 제외,20124,강남구,170000000,263100000,210700000,328400000,0.77,ok
면적 없음·대상 거래 제외,20125,강남구,480000000,427400000,315100000,579500000,0.69,ok
면적 없음·대상 거래 제외,20126,강남구,625000000,623400000,499300000,778400000,0.76,ok
면적 없음·대상 거래 제외,20131,강남구,1255000000,1299300000,1040600000,1622300000,0.71,ok
면적 없음·대상 거래 제외,20132,강남구,1400000000,405500000,268800000,611700000,0.21,ok
면적 없음·대상 거래 제외,20133,강남구,280000000,320900000,257000000,400700000,0.77,ok
면적 없음·대상 거래 제외,20134,강남구,550000000,406400000,269400000,613000000,0.56,ok
면적 없음·대상 거래 제외,20135,강남구,505000000,531200000,352200000,801300000,0.52,ok
면적 없음·대상 거래 제외,20136,강남구,550000000,710400000,470900000,1071600000,0.45,ok
면적 없음·대상 거래 제외,20140,강남구,870000000,756000000,501200000,1140400000,0.29,ok
면적 없음·대상 거래 제외,20146,강남구,740000000,590500000,391500000,890800000,0.57,ok
면적 없음·대상 거래 제외,20147,강남구,900000000,537600000,356400000,811000000,0.29,ok
면적 없음·대상 거래 제외,20148,강남구,650000000,670000000,563800000,796300000,0.89,ok
면적 없음·대상 거래 제외,20156,강남구,1345000000,869500000,576400000,1311600000,0.22,ok
면적 없음·대상 거래 제외,20158,강남구,855000000,645400000,427800000,973500000,0.6,ok
면적 없음·대상 거래 제외,20159,강남구,240000000,402700000,322500000,502800000,0.71,ok
면적 없음·대상 거래 제외,20162,강남구,1200000000,837300000,555100000,1263100000,0.28,ok
면적 없음·대상 거래 제외,20163,강남구,1600000000,676600000,448500000,1020600000,0.3,ok
면적 없음·대상 거래 제외,20164,강남구,725000000,731700000,485000000,1103700000,0.51,ok
면적 없음·대상 거래 제외,20165,강남구,540000000,551100000,365400000,831400000,0.57,ok
면적 없음·대상 거래 제외,20172,강남구,407000000,547500000,362900000,825900000,0.52,ok
면적 없음·대상 거래 제외,20175,강남구,700000000,771200000,568700000,1045800000,0.65,ok
면적 없음·대상 거래 제외,20176,강남구,599000000,507600000,427100000,603200000,0.82,ok
면적 없음·대상 거래 제외,20177,강남구,145000000,188500000,139000000,255600000,0.65,ok
면적 없음·대상 거래 제외,20178,강남구,750000000,571100000,378600000,861500000,0.49,ok
면적 없음·대상 거래 제외,20179,강남구,375000000,432300000,346300000,539800000,0.75,ok
면적 없음·대상 거래 제외,20181,강남구,1200000000,938800000,622400000,1416200000,0.05,ok
면적 없음·대상 거래 제외,20184,강남구,466500000,2176000000,1442500000,3282500000,0.23,ok
면적 없음·대상 거래 제외,20186,강남구,870000000,819900000,604600000,1111900000,0.68,ok
면적 없음·대상 거래 제외,20187,강남구,325000000,505200000,425100000,600400000,0.87,ok
면적 없음·대상 거래 제외,20188,강남구,310000000,372400000,313300000,442500000,0.88,ok
면적 없음·대상 거래 제외,20189,강남구,2520000000,1711500000,1370800000,2136900000,0.77,ok
면적 없음·대상 거래 제외,20190,강남구,450000000,568700000,478600000,675900000,0.83,ok
면적 없음·대상 거래 제외,20192,강남구,1350000000,1274300000,1020600000,1591000000,0.72,ok
면적 없음·대상 거래 제외,20193,강남구,330000000,326900000,261800000,408100000,0.78,ok
면적 없음·대상 거래 제외,20195,강남구,485000000,538600000,397200000,730400000,0.69,ok
면적 없음·대상 거래 제외,20196,강남구,750000000,955400000,633400000,1441300000,0.57,ok
면적 없음·대상 거래 제외,20199,강남구,283400000,313100000,230900000,424600000,0.65,ok
면적 없음·대상 거래 제외,20200,강남구,283470000,313100000,230900000,424600000,0.65,ok
면적 없음·대상 거래 제외,20201,강남구,283480000,312700000,230600000,424100000,0.65,ok
면적 없음·대상 거래 제외,20202,강남구,283480000,312700000,230600000,424100000,0.65,ok
면적 없음·대상 거래 제외,20203,강남구,288470000,312700000,230600000,424100000,0.65,ok
면적 없음·대상 거래 제외,20204,강남구,283400000,313500000,231200000,425100000,0.65,ok
면적 없음·대상 거래 제외,20205,강남구,283470000,313500000,231200000,425100000,0.65,ok
면적 없음·대상 거래 제외,20206,강남구,283480000,313100000,230900000,424600000,0.65,ok
면적 없음·대상 거래 제외,20207,강남구,283480000,313100000,230900000,424600000,0.65,ok
면적 없음·대상 거래 제외,20208,강남구,283450000,313100000,230900000,424600000,0.65,ok
면적 없음·대상 거래 제외,20209,강남구,283420000,313600000,231200000,425200000,0.66,ok
면적 없음·대상 거래 제외,20210,강남구,283480000,313600000,231200000,425200000,0.66,ok
면적 없음·대상 거래 제외,20211,강남구,283480000,313600000,231200000,425200000,0.66,ok
면적 없음·대상 거래 제외,20212,강남구,430000000,313600000,231200000,425200000,0.66,ok
면적 없음·대상 거래 제외,20213,강남구,403490000,558300000,411700000,757100000,0.67,ok
면적 없음·대상 거래 제외,20214,강남구,419500000,532400000,392600000,721900000,0.67,ok
면적 없음·대상 거래 제외,20215,강남구,421000000,529000000,390100000,717400000,0.67,ok
면적 없음·대상 거래 제외,20216,강남구,475000000,452100000,299700000,682000000,0.27,ok
면적 없음·대상 거래 제외,20217,강남구,530000000,603000000,482900000,752900000,0.74,ok
면적 없음·대상 거래 제외,20218,강남구,865000000,627800000,416200000,947100000,0.28,ok
면적 없음·대상 거래 제외,20219,강남구,465000000,804400000,533200000,1213400000,0.55,ok
면적 없음·대상 거래 제외,20220,강남구,1180000000,1080700000,796900000,1465500000,0.69,ok
면적 없음·대상 거래 제외,20221,강남구,970000000,796400000,527900000,1201300000,0.3,ok
면적 없음·대상 거래 제외,20223,강남구,950000000,972600000,644800000,1467200000,0.52,ok
면적 없음·대상 거래 제외,20224,강남구,300000000,393100000,289900000,533100000,0.62,ok
면적 없음·대상 거래 제외,20225,강남구,295000000,433800000,365000000,515500000,0.89,ok
면적 없음·대상 거래 제외,20226,강남구,730000000,1060500000,703000000,1599700000,0.51,ok
면적 없음·대상 거래 제외,20238,강남구,870000000,682200000,574100000,810800000,0.86,ok
면적 없음·대상 거래 제외,20239,강남구,2580000000,1711500000,1370800000,2136900000,0.77,ok
면적 없음·대상 거래 제외,20241,강남구,750000000,536200000,451200000,637200000,0.87,ok
면적 없음·대상 거래 제외,20243,강남구,570000000,726700000,611500000,863600000,0.89,ok
면적 없음·대상 거래 제외,20244,강남구,430000000,514300000,340900000,775800000,0.15,ok
면적 없음·대상 거래 제외,20245,강남구,740000000,627300000,462600000,850700000,0.68,ok
면적 없음·대상 거래 제외,20249,강남구,740000000,696800000,461900000,1051100000,0.29,ok
면적 없음·대상 거래 제외,20251,강남구,590000000,586900000,389100000,885400000,0.56,ok
면적 없음·대상 거래 제외,20252,강남구,710000000,1142900000,757600000,1724000000,0.43,ok
면적 없음·대상 거래 제외,20254,강남구,450000000,602900000,507300000,716500000,0.82,ok
면적 없음·대상 거래 제외,20255,강남구,940000000,984100000,788200000,1228800000,0.71,ok
면적 없음·대상 거래 제외,20258,강남구,650000000,700600000,561100000,874700000,0.7,ok
면적 없음·대상 거래 제외,20261,강남구,1100000000,1171600000,776700000,1767300000,0.36,ok
면적 없음·대상 거래 제외,20263,강남구,243000000,350500000,232300000,528700000,0.23,ok
면적 없음·대상 거래 제외,20264,강남구,340000000,564700000,416400000,765800000,0.69,ok
면적 없음·대상 거래 제외,20265,강남구,920000000,789300000,523200000,1190700000,0.46,ok
면적 없음·대상 거래 제외,20266,강남구,350000000,422300000,279900000,637000000,0.33,ok
면적 없음·대상 거래 제외,20268,강남구,750000000,775200000,513900000,1169400000,0.42,ok
면적 없음·대상 거래 제외,20270,강남구,1075000000,1008800000,668700000,1521700000,0.34,ok
면적 없음·대상 거래 제외,20272,강남구,550000000,756900000,558200000,1026400000,0.68,ok
면적 없음·대상 거래 제외,20273,강남구,312000000,335400000,268600000,418800000,0.7,ok
면적 없음·대상 거래 제외,20274,강남구,388000000,335400000,268600000,418800000,0.7,ok
면적 없음·대상 거래 제외,20275,강남구,690000000,1032500000,761400000,1400100000,0.69,ok
면적 없음·대상 거래 제외,20276,강남구,350000000,381600000,253000000,575700000,0.31,ok
면적 없음·대상 거래 제외,20278,강남구,1100000000,1370800000,908800000,2067900000,0.5,ok
면적 없음·대상 거래 제외,20279,강남구,137750000,215300000,172500000,268900000,0.71,ok
면적 없음·대상 거래 제외,20280,강남구,430000000,603500000,445000000,818400000,0.65,ok
면적 없음·대상 거래 제외,20282,강남구,430000000,356100000,236100000,537200000,0.58,ok
면적 없음·대상 거래 제외,20286,강남구,640000000,645100000,542800000,766600000,0.84,ok
면적 없음·대상 거래 제외,20288,강남구,784000000,633000000,419600000,954800000,0.28,ok
면적 없음·대상 거래 제외,20289,강남구,320000000,310100000,228700000,420600000,0.69,ok
면적 없음·대상 거래 제외,20290,강남구,280000000,381500000,321000000,453400000,0.87,ok
면적 없음·대상 거래 제외,20292,강남구,560000000,308400000,204500000,465300000,0.33,ok
면적 없음·대상 거래 제외,20293,강남구,215000000,530100000,351400000,799600000,0.24,ok
면적 없음·대상 거래 제외,20294,강남구,780000000,704000000,466700000,1061900000,0.29,ok
면적 없음·대상 거래 제외,20295,강남구,360000000,536300000,355500000,809000000,0.38,ok
면적 없음·대상 거래 제외,20299,강남구,950000000,687900000,551000000,858900000,0.79,ok
면적 없음·대상 거래 제외,20300,강남구,578000000,593500000,437700000,804900000,0.61,ok
면적 없음·대상 거래 제외,20304,강남구,830000000,669500000,443800000,1010000000,0.5,ok
면적 없음·대상 거래 제외,20307,강남구,775000000,729200000,483400000,1100000000,0.28,ok
면적 없음·대상 거래 제외,20308,강남구,780000000,876300000,580900000,1321900000,0.48,ok
면적 없음·대상 거래 제외,20309,강남구,515000000,614800000,407500000,927400000,0.58,ok
면적 없음·대상 거래 제외,20311,강남구,1700000000,804300000,533200000,1213300000,0.21,ok
면적 없음·대상 거래 제외,20312,강남구,416000000,490900000,325400000,740500000,0.22,ok
면적 없음·대상 거래 제외,20313,강남구,349000000,360400000,238900000,543700000,0.49,ok
면적 없음·대상 거래 제외,20314,강남구,6500000000,5709600000,3785000000,8612800000,0.49,ok
면적 없음·대상 거래 제외,20315,강남구,550000000,627600000,462800000,851100000,0.68,ok
면적 없음·대상 거래 제외,20317,강남구,360000000,431300000,345400000,538500000,0.71,ok
면적 없음·대상 거래 제외,20318,강남구,380000000,426300000,341400000,532300000,0.71,ok
면적 없음·대상 거래 제외,20321,강남구,490000000,546000000,361900000,823600000,0.48,ok
면적 없음·대상 거래 제외,20323,강남구,500000000,616000000,454300000,835400000,0.63,ok
면적 없음·대상 거래 제외,20324,강남구,410000000,401900000,321900000,501800000,0.71,ok
면적 없음·대상 거래 제외,20325,강남구,1380000000,1299700000,1041000000,1622800000,0.71,ok
면적 없음·대상 거래 제외,20327,강남구,359000000,364500000,241700000,549900000,0.59,ok
면적 없음·대상 거래 제외,20328,강남구,640000000,588200000,495000000,699100000,0.84,ok
면적 없음·대상 거래 제외,20330,강남구,390000000,1044800000,879100000,1241600000,0.83,ok
면적 없음·대상 거래 제외,20331,강남구,767000000,886600000,587700000,1337400000,0.58,ok
면적 없음·대상 거래 제외,20332,강남구,690000000,655600000,551700000,779100000,0.87,ok
면적 없음·대상 거래 제외,20334,강남구,179500000,198200000,158700000,247500000,0.74,ok
면적 없음·대상 거래 제외,20339,강남구,810000000,809600000,681300000,962100000,0.81,ok
면적 없음·대상 거래 제외,20340,강남구,380000000,580400000,464900000,724700000,0.79,ok
면적 없음·대상 거래 제외,20341,강남구,410000000,433500000,319700000,587900000,0.63,ok
면적 없음·대상 거래 제외,20344,강남구,365000000,374300000,276000000,507600000,0.67,ok
면적 없음·대상 거래 제외,20345,강남구,595000000,577300000,425700000,782800000,0.67,ok
면적 없음·대상 거래 제외,20346,강남구,750000000,671200000,564800000,797700000,0.81,ok
면적 없음·대상 거래 제외,20351,강남구,950000000,888800000,589200000,1340800000,0.52,ok
면적 없음·대상 거래 제외,20353,강남구,389000000,426300000,341400000,532300000,0.71,ok
면적 없음·대상 거래 제외,20355,강남구,350000000,412700000,347300000,490400000,0.86,ok
면적 없음·대상 거래 제외,20356,강남구,450000000,397300000,318200000,496000000,0.71,ok
면적 없음·대상 거래 제외,20357,강남구,750000000,642500000,540600000,763500000,0.84,ok
면적 없음·대상 거래 제외,20360,강남구,250000000,293200000,216200000,397600000,0.63,ok
면적 없음·대상 거래 제외,20363,강남구,705000000,728200000,482700000,1098500000,0.27,ok
면적 없음·대상 거래 제외,20366,강남구,635000000,596900000,395700000,900400000,0.57,ok
면적 없음·대상 거래 제외,20367,강남구,427000000,415500000,349700000,493800000,0.88,ok
면적 없음·대상 거래 제외,20369,강남구,1070000000,626500000,415300000,945100000,0.57,ok
면적 없음·대상 거래 제외,20373,강남구,525000000,627600000,462800000,851100000,0.68,ok
면적 없음·대상 거래 제외,20374,강남구,360000000,437500000,350400000,546200000,0.78,ok
면적 없음·대상 거래 제외,20376,강남구,830000000,560000000,371300000,844800000,0.48,ok
면적 없음·대상 거래 제외,20377,강남구,690000000,544500000,458200000,647100000,0.86,ok
면적 없음·대상 거래 제외,20378,강남구,480000000,317900000,234400000,431100000,0.69,ok
면적 없음·대상 거래 제외,20379,강남구,488000000,335400000,268600000,418800000,0.7,ok
면적 없음·대상 거래 제외,20380,강남구,470000000,505200000,404600000,630800000,0.7,ok
면적 없음·대상 거래 제외,20381,강남구,485000000,489700000,392200000,611500000,0.7,ok
면적 없음·대상 거래 제외,20383,강남구,270000000,375700000,277100000,509500000,0.69,ok
면적 없음·대상 거래 제외,20384,강남구,270000000,298400000,251100000,354600000,0.87,ok
면적 없음·대상 거래 제외,20385,강남구,275000000,286800000,241300000,340800000,0.87,ok
면적 없음·대상 거래 제외,20386,강남구,305000000,381500000,321000000,453400000,0.87,ok
면적 없음·대상 거래 제외,20390,강남구,690000000,1007600000,847900000,1197500000,0.86,ok
면적 없음·대상 거래 제외,20391,강남구,590000000,544500000,361000000,821400000,0.51,ok
면적 없음·대상 거래 제외,20392,강남구,600000000,527600000,349800000,795900000,0.27,ok
면적 없음·대상 거래 제외,20395,강남구,580000000,610100000,404500000,920400000,0.54,ok
면적 없음·대상 거래 제외,20396,강남구,290000000,286900000,190200000,432800000,0.58,ok
면적 없음·대상 거래 제외,20398,강남구,700000000,451300000,299200000,680800000,0.28,ok
면적 없음·대상 거래 제외,20399,강남구,440000000,317900000,234400000,431100000,0.69,ok
면적 없음·대상 거래 제외,20403,강남구,410000000,447900000,296900000,675600000,0.31,ok
면적 없음·대상 거래 제외,20408,강남구,205000000,233700000,172300000,316900000,0.68,ok
면적 없음·대상 거래 제외,20409,강남구,585000000,620900000,411600000,936600000,0.53,ok
면적 없음·대상 거래 제외,20410,강남구,360000000,359100000,238000000,541700000,0.56,ok
면적 없음·대상 거래 제외,20423,강남구,780000000,634500000,467900000,860400000,0.68,ok
면적 없음·대상 거래 제외,20424,강남구,380000000,317900000,234400000,431100000,0.69,ok
면적 없음·대상 거래 제외,20428,강남구,1030000000,673700000,446600000,1016300000,0.25,ok
면적 없음·대상 거래 제외,20431,강남구,300000000,375700000,277100000,509500000,0.69,ok
면적 없음·대상 거래 제외,20432,강남구,270000000,367400000,270900000,498300000,0.69,ok
면적 없음·대상 거래 제외,20433,강남구,280000000,397700000,318500000,496600000,0.78,ok
면적 없음·대상 거래 제외,20434,강남구,260000000,343200000,288800000,407800000,0.84,ok
면적 없음·대상 거래 제외,20436,강남구,2950000000,314600000,208500000,474500000,0.3,ok
면적 없음·대상 거래 제외,20439,강남구,290000000,291900000,215300000,395900000,0.69,ok
면적 없음·대상 거래 제외,20440,강남구,825000000,307400000,203800000,463700000,0.19,ok
면적 없음·대상 거래 제외,20441,강남구,766200000,702300000,465600000,1059400000,0.23,ok
면적 없음·대상 거래 제외,20443,강남구,740000000,498400000,367500000,675900000,0.61,ok
면적 없음·대상 거래 제외,20444,강남구,403000000,483800000,387500000,604100000,0.8,ok
면적 없음·대상 거래 제외,20445,강남구,405000000,431300000,345400000,538500000,0.71,ok
면적 없음·대상 거래 제외,20446,강남구,810000000,672000000,445500000,1013800000,0.3,ok
면적 없음·대상 거래 제외,20448,강남구,870000000,927900000,615100000,1399700000,0.58,ok
면적 없음·대상 거래 제외,20449,강남구,358000000,274700000,182100000,414400000,0.59,ok
면적 없음·대상 거래 제외,20452,강남구,480000000,536000000,355300000,808500000,0.56,ok
면적 없음·대상 거래 제외,20453,강남구,865000000,728500000,583500000,909600000,0.77,ok
면적 없음·대상 거래 제외,20459,강남구,285000000,546700000,362400000,824600000,0.34,ok
면적 없음·대상 거래 제외,20460,강남구,750000000,661200000,487600000,896700000,0.61,ok
면적 없음·대상 거래 제외,20461,강남구,440000000,397300000,318200000,496000000,0.71,ok
면적 없음·대상 거래 제외,20462,강남구,430000000,525400000,420800000,656000000,0.7,ok
면적 없음·대상 거래 제외,20464,강남구,468000000,530800000,425100000,662700000,0.75,ok
면적 없음·대상 거래 제외,20465,강남구,425000000,538100000,396800000,729700000,0.68,ok
면적 없음·대상 거래 제외,20467,강남구,425000000,322300000,271200000,383100000,0.89,ok
면적 없음·대상 거래 제외,20468,강남구,580000000,521300000,384400000,706900000,0.65,ok
면적 없음·대상 거래 제외,20469,강남구,2680000000,1711500000,1370800000,2136900000,0.77,ok
면적 없음·대상 거래 제외,20470,강남구,345000000,477600000,382500000,596300000,0.77,ok
면적 없음·대상 거래 제외,20473,강남구,1440000000,1274500000,1020700000,1591200000,0.72,ok
면적 없음·대상 거래 제외,20474,강남구,499000000,553900000,466100000,658200000,0.83,ok
면적 없음·대상 거래 제외,20477,강남구,990000000,372100000,246700000,561400000,0.26,ok
면적 없음·대상 거래 제외,20479,강남구,480000000,708000000,567000000,883900000,0.71,ok
면적 없음·대상 거래 제외,20481,강남구,880000000,713700000,473100000,1076500000,0.31,ok
면적 없음·대상 거래 제외,20483,강남구,660000000,758200000,559100000,1028100000,0.7,ok
면적 없음·대상 거래 제외,20484,강남구,780000000,505800000,373000000,685900000,0.6,ok
면적 없음·대상 거래 제외,20486,강남구,650000000,304000000,255800000,361200000,0.81,ok
면적 없음·대상 거래 제외,20487,강남구,215000000,210200000,176800000,249800000,0.87,ok
면적 없음·대상 거래 제외,20490,강남구,930000000,907800000,669500000,1231100000,0.61,ok
면적 없음·대상 거래 제외,20491,강남구,420000000,423700000,339300000,529000000,0.77,ok
면적 없음·대상 거래 제외,20492,강남구,570000000,557000000,468700000,662000000,0.83,ok
면적 없음·대상 거래 제외,20494,강남구,1075000000,849000000,626000000,1151300000,0.68,ok
면적 없음·대상 거래 제외,20495,강남구,395000000,609900000,404300000,920000000,0.28,ok
면적 없음·대상 거래 제외,20496,강남구,1300000000,1340100000,988200000,1817300000,0.7,ok
면적 없음·대상 거래 제외,20497,강남구,680000000,429000000,284400000,647100000,0.15,ok
면적 없음·대상 거래 제외,20498,강남구,443000000,393700000,331300000,467900000,0.8,ok
면적 없음·대상 거래 제외,20499,강남구,1170000000,947000000,698300000,1284200000,0.65,ok
면적 없음·대상 거래 제외,20500,강남구,870000000,420100000,278500000,633800000,0.3,ok
면적 없음·대상 거래 제외,20501,강남구,550000000,546700000,362400000,824600000,0.34,ok
면적 없음·대상 거래 제외,20502,강남구,170000000,284600000,227900000,355300000,0.77,ok
면적 없음·대상 거래 제외,20506,강남구,320000000,310100000,228700000,420600000,0.69,ok
면적 없음·대상 거래 제외,20509,강남구,495000000,757200000,502000000,1142300000,0.27,ok
면적 없음·대상 거래 제외,20510,강남구,425000000,358800000,287400000,448000000,0.71,ok
면적 없음·대상 거래 제외,20511,강남구,730000000,706000000,468000000,1065000000,0.55,ok
면적 없음·대상 거래 제외,20516,강남구,700000000,533400000,448900000,633900000,0.82,ok
면적 없음·대상 거래 제외,20521,강남구,300000000,521400000,384500000,707100000,0.65,ok
면적 없음·대상 거래 제외,20522,강남구,292000000,325000000,273400000,386200000,0.84,ok
면적 없음·대상 거래 제외,20525,강남구,202000000,557000000,468700000,661900000,0.86,ok
면적 없음·대상 거래 제외,20526,강남구,435000000,666400000,441700000,1005200000,0.55,ok
면적 없음·대상 거래 제외,20528,강남구,582000000,746700000,495000000,1126400000,0.54,ok
면적 없음·대상 거래 제외,20531,강남구,790000000,516100000,380600000,699800000,0.61,ok
면적 없음·대상 거래 제외,20532,강남구,820000000,643700000,426800000,971100000,0.56,ok
면적 없음·대상 거래 제외,20534,강남구,835000000,516100000,380600000,699800000,0.61,ok
면적 없음·대상 거래 제외,20536,강남구,320000000,611600000,405400000,922500000,0.44,ok
면적 없음·대상 거래 제외,20538,강남구,1440000000,1274500000,1020700000,1591200000,0.72,ok
면적 없음·대상 거래 제외,20539,강남구,950000000,1030600000,683200000,1554600000,0.35,ok
면적 없음·대상 거래 제외,20540,강남구,800000000,650000000,520600000,811500000,0.74,ok
면적 없음·대상 거래 제외,20541,강남구,640000000,736400000,488200000,1110900000,0.55,ok
면적 없음·대상 거래 제외,20543,강남구,495000000,531300000,352200000,801400000,0.52,ok
면적 없음·대상 거래 제외,20544,강남구,300000000,281500000,186600000,424700000,0.57,ok
면적 없음·대상 거래 제외,20545,강남구,580000000,308400000,204500000,465300000,0.33,ok
면적 없음·대상 거래 제외,20546,강남구,370000000,416000000,306700000,564100000,0.61,ok
면적 없음·대상 거래 제외,20548,강남구,470000000,434300000,320200000,588900000,0.66,ok
면적 없음·대상 거래 제외,20550,강남구,735000000,609100000,512600000,723900000,0.82,ok
면적 없음·대상 거래 제외,20551,강남구,300000000,282200000,208100000,382700000,0.69,ok
면적 없음·대상 거래 제외,20552,강남구,1390000000,768900000,509700000,1159800000,0.22,ok
면적 없음·대상 거래 제외,20553,강남구,1570000000,1486000000,985100000,2241600000,0.49,ok
면적 없음·대상 거래 제외,20555,강남구,535000000,565100000,452600000,705500000,0.71,ok
면적 없음·대상 거래 제외,20556,강남구,720000000,684200000,575700000,813100000,0.8,ok
면적 없음·대상 거래 제외,20559,강남구,845000000,641600000,473100000,870100000,0.6,ok
면적 없음·대상 거래 제외,20560,강남구,505000000,702000000,465400000,1058900000,0.55,ok
면적 없음·대상 거래 제외,20561,강남구,600000000,617900000,409600000,932000000,0.18,ok
면적 없음·대상 거래 제외,20567,강남구,600000000,505700000,372900000,685800000,0.67,ok
면적 없음·대상 거래 제외,20568,강남구,446000000,412400000,273400000,622200000,0.3,ok
면적 없음·대상 거래 제외,20569,강남구,330000000,733800000,486400000,1106900000,0.53,ok
면적 없음·대상 거래 제외,20573,강남구,320000000,396600000,262900000,598300000,0.58,ok
면적 없음·대상 거래 제외,20574,강남구,1110000000,462100000,306300000,697100000,0.27,ok
면적 없음·대상 거래 제외,20575,강남구,845000000,527700000,349800000,796100000,0.52,ok
면적 없음·대상 거래 제외,20577,강남구,400000000,217700000,174400000,271900000,0.76,ok
면적 없음·대상 거래 제외,20578,강남구,1600000000,356900000,236600000,538400000,0.26,ok
면적 없음·대상 거래 제외,20579,강남구,800000000,750800000,601300000,937500000,0.77,ok
면적 없음·대상 거래 제외,20581,강남구,390000000,729300000,584100000,910600000,0.8,ok
면적 없음·대상 거래 제외,20582,강남구,815000000,691000000,509500000,937000000,0.66,ok
면적 없음·대상 거래 제외,20589,강남구,290000000,291900000,215300000,395900000,0.69,ok
면적 없음·대상 거래 제외,20591,강남구,400000000,335800000,222600000,506500000,0.4,ok
면적 없음·대상 거래 제외,20592,강남구,515000000,471600000,312600000,711400000,0.43,ok
면적 없음·대상 거래 제외,20594,강남구,370000000,329100000,242700000,446300000,0.65,ok
면적 없음·대상 거래 제외,20598,강남구,410000000,402400000,296700000,545600000,0.61,ok
면적 없음·대상 거래 제외,20604,강남구,800000000,841500000,674000000,1050700000,0.77,ok
면적 없음·대상 거래 제외,20605,강남구,450000000,518100000,382100000,702600000,0.65,ok
면적 없음·대상 거래 제외,20607,강남구,800000000,674400000,447000000,1017200000,0.19,ok
면적 없음·대상 거래 제외,20608,강남구,837000000,656400000,435100000,990200000,0.28,ok
면적 없음·대상 거래 제외,20609,강남구,800000000,730800000,585300000,912500000,0.79,ok
면적 없음·대상 거래 제외,20610,강남구,650000000,474800000,380200000,592800000,0.76,ok
면적 없음·대상 거래 제외,20616,강남구,690000000,549300000,364200000,828600000,0.29,ok
면적 없음·대상 거래 제외,20617,강남구,1400000000,661700000,438700000,998200000,0.29,ok
면적 없음·대상 거래 제외,20618,강남구,800000000,698100000,462800000,1053000000,0.59,ok
면적 없음·대상 거래 제외,20620,강남구,899000000,784000000,519700000,1182700000,0.57,ok
면적 없음·대상 거래 제외,20624,강남구,630000000,457200000,303100000,689700000,0.32,ok
면적 없음·대상 거래 제외,20627,강남구,520000000,457100000,303000000,689500000,0.55,ok
면적 없음·대상 거래 제외,20629,강남구,550000000,680700000,451200000,1026800000,0.28,ok
면적 없음·대상 거래 제외,20630,강남구,720000000,583500000,386800000,880200000,0.52,ok
면적 없음·대상 거래 제외,20631,강남구,400000000,675300000,447700000,1018700000,0.24,ok
면적 없음·대상 거래 제외,20634,강남구,665000000,708800000,469900000,1069200000,0.29,ok
면적 없음·대상 거래 제외,20635,강남구,335000000,346400000,277400000,432500000,0.77,ok
면적 없음·대상 거래 제외,20637,강남구,890000000,565400000,374800000,852800000,0.58,ok
면적 없음·대상 거래 제외,20638,강남구,800000000,520200000,344900000,784700000,0.2,ok
면적 없음·대상 거래 제외,20640,강남구,750000000,1119900000,742400000,1689300000,0.2,ok
면적 없음·대상 거래 제외,20641,강남구,1450000000,1912300000,1267700000,2884600000,0.5,ok
면적 없음·대상 거래 제외,20642,강남구,745000000,554600000,367600000,836500000,0.24,ok
면적 없음·대상 거래 제외,20646,강남구,355000000,398600000,264200000,601200000,0.28,ok
면적 없음·대상 거래 제외,20653,강남구,179000000,184400000,136000000,250100000,0.65,ok
면적 없음·대상 거래 제외,20654,강남구,1900000000,1759600000,1166500000,2654300000,0.41,ok
면적 없음·대상 거래 제외,20656,강남구,750000000,1119900000,742400000,1689300000,0.2,ok
면적 없음·대상 거래 제외,20657,강남구,700000000,1239500000,992700000,1547600000,0.79,ok
면적 없음·대상 거래 제외,20658,강남구,630000000,1026300000,680300000,1548100000,0.39,ok
면적 없음·대상 거래 제외,20659,강남구,910000000,659300000,437000000,994500000,0.3,ok
면적 없음·대상 거래 제외,20660,강남구,135000000,217300000,144100000,327800000,0.47,ok
면적 없음·대상 거래 제외,20661,강남구,200000000,266900000,176900000,402600000,0.32,ok
면적 없음·대상 거래 제외,20663,강남구,348000000,461500000,305900000,696100000,0.31,ok
면적 없음·대상 거래 제외,20664,강남구,330000000,372200000,298100000,464700000,0.8,ok
면적 없음·대상 거래 제외,20669,강남구,370000000,412100000,346800000,489800000,0.82,ok
면적 없음·대상 거래 제외,20671,강남구,2430000000,869200000,576200000,1311100000,0.17,ok
면적 없음·대상 거래 제외,20672,강남구,650000000,519300000,383000000,704200000,0.68,ok
면적 없음·대상 거래 제외,20673,강남구,820000000,785800000,520900000,1185300000,0.58,ok
면적 없음·대상 거래 제외,20676,강남구,192000000,199500000,147100000,270500000,0.67,ok
면적 없음·대상 거래 제외,20680,강남구,320000000,376700000,301700000,470300000,0.71,ok
면적 없음·대상 거래 제외,20683,강남구,805000000,747400000,495400000,1127400000,0.47,ok
면적 없음·대상 거래 제외,20684,강남구,300000000,299600000,198600000,451900000,0.53,ok
면적 없음·대상 거래 제외,20686,강남구,550000000,665900000,441400000,1004500000,0.36,ok
면적 없음·대상 거래 제외,20688,강남구,679000000,700700000,589600000,832700000,0.88,ok
면적 없음·대상 거래 제외,20692,강남구,525000000,487700000,390600000,608900000,0.7,ok
면적 없음·대상 거래 제외,20693,강남구,150000000,425900000,282300000,642500000,0.37,ok
면적 없음·대상 거래 제외,20694,강남구,220000000,209500000,176200000,248900000,0.86,ok
면적 없음·대상 거래 제외,20695,강남구,1220000000,1314400000,871300000,1982700000,0.56,ok
면적 없음·대상 거래 제외,20698,강남구,173000000,185100000,148200000,231100000,0.72,ok
면적 없음·대상 거래 제외,20700,강남구,330000000,421100000,337300000,525800000,0.77,ok
면적 없음·대상 거래 제외,20704,강남구,235000000,330500000,219100000,498500000,0.14,ok
면적 없음·대상 거래 제외,20707,강남구,235000000,233300000,172100000,316400000,0.61,ok
면적 없음·대상 거래 제외,20708,강남구,446000000,593300000,393300000,895000000,0.44,ok
면적 없음·대상 거래 제외,20709,강남구,446000000,593300000,393300000,895000000,0.44,ok
면적 없음·대상 거래 제외,20710,강남구,462000000,574100000,380600000,866000000,0.44,ok
면적 없음·대상 거래 제외,20711,강남구,462000000,574100000,380600000,866000000,0.44,ok
면적 없음·대상 거래 제외,20712,강남구,980000000,949500000,629400000,1432300000,0.49,ok
면적 없음·대상 거래 제외,20714,강남구,650000000,793400000,526000000,1196900000,0.31,ok
면적 없음·대상 거래 제외,20715,강남구,950000000,1190400000,789200000,1795700000,0.45,ok
면적 없음·대상 거래 제외,20717,강남구,580000000,477600000,316600000,720500000,0.59,ok
면적 없음·대상 거래 제외,20718,강남구,1000000000,1249800000,921600000,1694800000,0.67,ok
면적 없음·대상 거래 제외,20721,강남구,705000000,760300000,504000000,1146900000,0.59,ok
면적 없음·대상 거래 제외,20723,강남구,420000000,401900000,321900000,501800000,0.71,ok
면적 없음·대상 거래 제외,20725,강남구,350000000,392500000,330300000,466500000,0.86,ok
면적 없음·대상 거래 제외,20727,강남구,510000000,517700000,414600000,646400000,0.74,ok
면적 없음·대상 거래 제외,20728,강남구,194460000,206700000,165600000,258100000,0.71,ok
면적 없음·대상 거래 제외,20729,강남구,194460000,206700000,165600000,258100000,0.71,ok
면적 없음·대상 거래 제외,20730,강남구,236860000,206700000,165600000,258100000,0.71,ok
면적 없음·대상 거래 제외,20731,강남구,194460000,216400000,159600000,293500000,0.7,ok
면적 없음·대상 거래 제외,20732,강남구,194460000,216400000,159600000,293500000,0.7,ok
면적 없음·대상 거래 제외,20733,강남구,236860000,216400000,159600000,293500000,0.7,ok
면적 없음·대상 거래 제외,20734,강남구,191540000,182700000,134700000,247800000,0.7,ok
면적 없음·대상 거래 제외,20735,강남구,191540000,182700000,134700000,247800000,0.7,ok
면적 없음·대상 거래 제외,20736,강남구,232480000,182700000,134700000,247800000,0.7,ok
면적 없음·대상 거래 제외,20738,강남구,780000000,669600000,443900000,1010000000,0.48,ok
면적 없음·대상 거래 제외,20739,강남구,240000000,233600000,172300000,316800000,0.61,ok
면적 없음·대상 거래 제외,20740,강남구,495000000,517300000,381400000,701500000,0.61,ok
면적 없음·대상 거래 제외,20743,강남구,525000000,514000000,432500000,610800000,0.86,ok
면적 없음·대상 거래 제외,20746,강남구,650000000,824700000,660500000,1029700000,0.71,ok
면적 없음·대상 거래 제외,20747,강남구,348000000,376800000,249800000,568500000,0.52,ok
면적 없음·대상 거래 제외,20762,강남구,210000000,538000000,356700000,811600000,0.32,ok
면적 없음·대상 거래 제외,20764,강남구,594000000,770500000,510800000,1162200000,0.5,ok
면적 없음·대상 거래 제외,20768,강남구,1570000000,1901600000,1523100000,2374300000,0.75,ok
면적 없음·대상 거래 제외,20769,강남구,950000000,674100000,446900000,1016900000,0.53,ok
면적 없음·대상 거래 제외,20771,강남구,222000000,222500000,164000000,301700000,0.62,ok
면적 없음·대상 거래 제외,20772,강남구,2900000000,3560600000,2360400000,5371100000,0.57,ok
면적 없음·대상 거래 제외,20773,강남구,200000000,211900000,178300000,251800000,0.86,ok
면적 없음·대상 거래 제외,20775,강남구,450000000,463700000,341900000,628800000,0.61,ok
면적 없음·대상 거래 제외,20776,강남구,1330000000,1612700000,1069100000,2432800000,0.59,ok
면적 없음·대상 거래 제외,20778,강남구,385000000,403300000,339300000,479200000,0.81,ok
면적 없음·대상 거래 제외,20782,강남구,310000000,388300000,286400000,526600000,0.6,ok
면적 없음·대상 거래 제외,20793,강남구,1650000000,1791000000,1187300000,2701600000,0.53,ok
면적 없음·대상 거래 제외,20794,강남구,210000000,431600000,286100000,651100000,0.55,ok
면적 없음·대상 거래 제외,20796,강남구,1200000000,1300600000,862200000,1961900000,0.55,ok
면적 없음·대상 거래 제외,20799,강남구,380000000,273700000,181400000,412800000,0.55,ok
면적 없음·대상 거래 제외,20803,강남구,815000000,649300000,430400000,979500000,0.55,ok
면적 없음·대상 거래 제외,20804,강남구,310000000,556400000,368800000,839200000,0.45,ok
면적 없음·대상 거래 제외,20805,강남구,220000000,222000000,163700000,301100000,0.61,ok
면적 없음·대상 거래 제외,20806,강남구,349000000,363700000,241100000,548600000,0.52,ok
면적 없음·대상 거래 제외,20808,강남구,175000000,230000000,193500000,273300000,0.84,ok
면적 없음·대상 거래 제외,20810,강남구,600000000,791500000,524700000,1194000000,0.59,ok
면적 없음·대상 거래 제외,20816,강남구,540000000,570800000,378400000,861000000,0.43,ok
면적 없음·대상 거래 제외,20818,강남구,249000000,569600000,377600000,859200000,0.59,ok
면적 없음·대상 거래 제외,20820,강남구,515000000,277800000,184200000,419100000,0.18,ok
면적 없음·대상 거래 제외,20822,강남구,690000000,556600000,410400000,754700000,0.7,ok
면적 없음·대상 거래 제외,20823,강남구,367000000,441800000,292900000,666500000,0.57,ok
면적 없음·대상 거래 제외,20824,강남구,660000000,726500000,481600000,1095900000,0.55,ok
면적 없음·대상 거래 제외,20825,강남구,585000000,530300000,351500000,799900000,0.48,ok
면적 없음·대상 거래 제외,20829,강남구,345000000,232800000,154400000,351200000,0.56,ok
면적 없음·대상 거래 제외,20831,강남구,1330000000,1120500000,742800000,1690200000,0.25,ok
면적 없음·대상 거래 제외,20832,강남구,655000000,556600000,410400000,754700000,0.7,ok
면적 없음·대상 거래 제외,20834,강남구,175000000,207300000,152900000,281200000,0.69,ok
면적 없음·대상 거래 제외,20835,강남구,339000000,371600000,297600000,464000000,0.75,ok
면적 없음·대상 거래 제외,20837,강남구,266830000,433400000,364700000,515100000,0.87,ok
면적 없음·대상 거래 제외,20838,강남구,330870000,359000000,302100000,426600000,0.87,ok
면적 없음·대상 거래 제외,20839,강남구,341540000,612000000,451300000,830000000,0.69,ok
면적 없음·대상 거래 제외,20840,강남구,458950000,557400000,411000000,755800000,0.69,ok
면적 없음·대상 거래 제외,20841,강남구,752470000,426300000,314400000,578100000,0.69,ok
면적 없음·대상 거래 제외,20842,강남구,341540000,612000000,451300000,830000000,0.69,ok
면적 없음·대상 거래 제외,20843,강남구,458950000,557400000,411000000,755800000,0.69,ok
면적 없음·대상 거래 제외,20844,강남구,752470000,426300000,314400000,578100000,0.69,ok
면적 없음·대상 거래 제외,20845,강남구,1686380000,435800000,321400000,591000000,0.62,ok
면적 없음·대상 거래 제외,20846,강남구,163000000,215300000,172500000,268900000,0.71,ok
면적 없음·대상 거래 제외,20847,강남구,330000000,391400000,329300000,465100000,0.81,ok
면적 없음·대상 거래 제외,20849,강남구,845000000,1162600000,770700000,1753700000,0.22,ok
면적 없음·대상 거래 제외,20850,강남구,680000000,429500000,344000000,536200000,0.77,ok
면적 없음·대상 거래 제외,20853,강남구,445000000,459400000,338800000,623000000,0.66,ok
면적 없음·대상 거래 제외,20854,강남구,750000000,642500000,473800000,871300000,0.67,ok
면적 없음·대상 거래 제외,20856,강남구,550000000,460200000,305000000,694100000,0.55,ok
면적 없음·대상 거래 제외,20859,강남구,440000000,459400000,338800000,623000000,0.66,ok
면적 없음·대상 거래 제외,20863,강남구,940000000,1061200000,703500000,1600800000,0.58,ok
면적 없음·대상 거래 제외,20867,강남구,505000000,518100000,415000000,646900000,0.8,ok
면적 없음·대상 거래 제외,20871,강남구,740000000,621400000,458200000,842700000,0.66,ok
면적 없음·대상 거래 제외,20873,강남구,570000000,622300000,498400000,777000000,0.73,ok
면적 없음·대상 거래 제외,20875,강남구,770000000,1082800000,867200000,1351900000,0.76,ok
면적 없음·대상 거래 제외,20877,강남구,295000000,281800000,207800000,382200000,0.63,ok
면적 없음·대상 거래 제외,20878,강남구,447500000,483700000,356700000,655900000,0.65,ok
면적 없음·대상 거래 제외,20879,강남구,390000000,469600000,376100000,586400000,0.7,ok
면적 없음·대상 거래 제외,20881,강남구,3190000000,3156800000,2092700000,4762000000,0.58,ok
면적 없음·대상 거래 제외,20883,강남구,2370000000,455000000,301600000,686300000,0.29,ok
면적 없음·대상 거래 제외,20888,강남구,590000000,530500000,351700000,800200000,0.37,ok
면적 없음·대상 거래 제외,20892,강남구,400000000,457400000,337300000,620200000,0.64,ok
면적 없음·대상 거래 제외,20894,강남구,420000000,300300000,240500000,374900000,0.71,ok
면적 없음·대상 거래 제외,20911,강남구,600000000,487400000,390300000,608500000,0.77,ok
면적 없음·대상 거래 제외,20912,강남구,440000000,346600000,277600000,432800000,0.75,ok
면적 없음·대상 거래 제외,20913,강남구,480000000,763700000,506300000,1152100000,0.45,ok
면적 없음·대상 거래 제외,20919,강남구,400000000,491400000,325800000,741300000,0.56,ok
면적 없음·대상 거래 제외,20924,강남구,730000000,302400000,200500000,456200000,0.17,ok
면적 없음·대상 거래 제외,20926,강남구,385000000,374900000,315400000,445500000,0.89,ok
면적 없음·대상 거래 제외,20931,강남구,195000000,298800000,220300000,405100000,0.61,ok
면적 없음·대상 거래 제외,20933,강남구,690000000,688100000,579000000,817700000,0.88,ok
면적 없음·대상 거래 제외,20935,강남구,545000000,622300000,498400000,777000000,0.73,ok
면적 없음·대상 거래 제외,20937,강남구,310000000,283700000,188100000,428000000,0.6,ok
면적 없음·대상 거래 제외,20939,강남구,480000000,585400000,431700000,793900000,0.68,ok
면적 없음·대상 거래 제외,20940,강남구,647000000,342000000,252200000,463700000,0.63,ok
면적 없음·대상 거래 제외,20941,강남구,195000000,197900000,145900000,268400000,0.67,ok
면적 없음·대상 거래 제외,20942,강남구,200000000,185900000,137100000,252100000,0.68,ok
면적 없음·대상 거래 제외,20943,강남구,310000000,240800000,177600000,326600000,0.67,ok
면적 없음·대상 거래 제외,20944,강남구,390000000,378900000,279400000,513900000,0.7,ok
면적 없음·대상 거래 제외,20947,강남구,695000000,514100000,411800000,641900000,0.76,ok
면적 없음·대상 거래 제외,20948,강남구,190000000,270500000,216700000,337800000,0.7,ok
면적 없음·대상 거래 제외,20949,강남구,320000000,421200000,279200000,635400000,0.58,ok
면적 없음·대상 거래 제외,20951,강남구,480000000,370500000,311800000,440300000,0.88,ok
면적 없음·대상 거래 제외,20953,강남구,500000000,416000000,306700000,564100000,0.61,ok
면적 없음·대상 거래 제외,20954,강남구,1460000000,1520500000,1008000000,2293700000,0.59,ok
면적 없음·대상 거래 제외,20955,강남구,470000000,521400000,384500000,707100000,0.65,ok
면적 없음·대상 거래 제외,20956,강남구,229000000,341300000,251700000,462800000,0.6,ok
면적 없음·대상 거래 제외,20957,강남구,430000000,442600000,372500000,526000000,0.83,ok
면적 없음·대상 거래 제외,20958,강남구,427000000,296000000,237000000,369500000,0.8,ok
면적 없음·대상 거래 제외,20959,강남구,600000000,375500000,248900000,566400000,0.42,ok
면적 없음·대상 거래 제외,20960,강남구,220000000,233300000,172000000,316300000,0.69,ok
면적 없음·대상 거래 제외,20964,강남구,504000000,403900000,267800000,609300000,0.3,ok
면적 없음·대상 거래 제외,20967,강남구,330000000,231300000,170600000,313700000,0.61,ok
면적 없음·대상 거래 제외,20970,강남구,720000000,786000000,629500000,981400000,0.74,ok
면적 없음·대상 거래 제외,20972,강남구,300000000,311200000,249200000,388600000,0.77,ok
면적 없음·대상 거래 제외,20973,강남구,990000000,798400000,529300000,1204400000,0.43,ok
면적 없음·대상 거래 제외,20974,강남구,295000000,315000000,208800000,475200000,0.59,ok
면적 없음·대상 거래 제외,20975,강남구,479000000,525600000,442200000,624600000,0.81,ok
면적 없음·대상 거래 제외,20976,강남구,700000000,696900000,462000000,1051300000,0.55,ok
면적 없음·대상 거래 제외,20977,강남구,1180000000,1075800000,713200000,1622800000,0.58,ok
면적 없음·대상 거래 제외,20978,강남구,350000000,509200000,428400000,605100000,0.81,ok
면적 없음·대상 거래 제외,20979,강남구,701000000,693600000,583700000,824300000,0.89,ok
면적 없음·대상 거래 제외,20989,강남구,525000000,603000000,482900000,752900000,0.74,ok
면적 없음·대상 거래 제외,20990,강남구,1700000000,892000000,591300000,1345500000,0.26,ok
면적 없음·대상 거래 제외,20991,강남구,410000000,375000000,315500000,445600000,0.81,ok
면적 없음·대상 거래 제외,20992,강남구,540000000,502600000,402500000,627500000,0.8,ok
면적 없음·대상 거래 제외,20993,강남구,532000000,546400000,459800000,649400000,0.82,ok
면적 없음·대상 거래 제외,20994,강남구,320000000,304700000,224700000,413200000,0.63,ok
면적 없음·대상 거래 제외,20996,강남구,1019000000,760500000,504100000,1147200000,0.57,ok
면적 없음·대상 거래 제외,20998,강남구,165000000,185100000,148200000,231100000,0.72,ok
면적 없음·대상 거래 제외,20999,강남구,210000000,388000000,326500000,461100000,0.81,ok
면적 없음·대상 거래 제외,21002,강남구,530000000,562100000,450200000,701900000,0.7,ok
면적 없음·대상 거래 제외,21004,강남구,2600000000,1711500000,1370800000,2136900000,0.77,ok
면적 없음·대상 거래 제외,21007,강남구,360000000,364100000,241400000,549300000,0.32,ok
면적 없음·대상 거래 제외,21010,강남구,370000000,446000000,375300000,530000000,0.82,ok
면적 없음·대상 거래 제외,21012,강남구,350000000,381500000,252900000,575500000,0.55,ok
면적 없음·대상 거래 제외,21013,강남구,340000000,420500000,278800000,634300000,0.56,ok
면적 없음·대상 거래 제외,21017,강남구,675000000,776900000,515000000,1171900000,0.46,ok
면적 없음·대상 거래 제외,21018,강남구,1180000000,741200000,491400000,1118100000,0.16,ok
면적 없음·대상 거래 제외,21020,강남구,580000000,530500000,391200000,719400000,0.6,ok
면적 없음·대상 거래 제외,21021,강남구,590000000,587200000,389300000,885800000,0.47,ok
면적 없음·대상 거래 제외,21023,강남구,900000000,844100000,559600000,1273400000,0.53,ok
면적 없음·대상 거래 제외,21031,강남구,240000000,390400000,312700000,487500000,0.78,ok
면적 없음·대상 거래 제외,21035,강남구,920000000,973100000,645100000,1467900000,0.56,ok
면적 없음·대상 거래 제외,21036,강남구,1070000000,938900000,622400000,1416400000,0.56,ok
면적 없음·대상 거래 제외,21037,강남구,310000000,410900000,272400000,619800000,0.57,ok
면적 없음·대상 거래 제외,21041,강남구,660000000,845900000,623800000,1147100000,0.61,ok
면적 없음·대상 거래 제외,21042,강남구,380000000,368700000,271900000,500000000,0.6,ok
면적 없음·대상 거래 제외,21044,강남구,945000000,1163200000,771100000,1754700000,0.58,ok
면적 없음·대상 거래 제외,21046,강남구,310000000,303700000,201300000,458100000,0.18,ok
면적 없음·대상 거래 제외,21047,강남구,386000000,428100000,360300000,508800000,0.87,ok
면적 없음·대상 거래 제외,21048,강남구,590000000,334100000,221500000,503900000,0.19,ok
면적 없음·대상 거래 제외,21049,강남구,500000000,374800000,276400000,508200000,0.65,ok
면적 없음·대상 거래 제외,21050,강남구,529000000,324000000,272600000,385000000,0.83,ok
면적 없음·대상 거래 제외,21053,강남구,570000000,734000000,486600000,1107300000,0.49,ok
면적 없음·대상 거래 제외,21056,강남구,690000000,625200000,500700000,780600000,0.77,ok
면적 없음·대상 거래 제외,21058,강남구,1090000000,373300000,247500000,563100000,0.27,ok
면적 없음·대상 거래 제외,21059,강남구,550000000,419700000,353100000,498700000,0.85,ok
면적 없음·대상 거래 제외,21060,강남구,360000000,387400000,256800000,584400000,0.59,ok
면적 없음·대상 거래 제외,21063,강남구,2080000000,325300000,215600000,490700000,0.16,ok
면적 없음·대상 거래 제외,21067,강남구,760000000,437600000,350500000,546400000,0.77,ok
면적 없음·대상 거래 제외,21069,강남구,899000000,696700000,461800000,1050900000,0.58,ok
면적 없음·대상 거래 제외,21070,강남구,750000000,818500000,542600000,1234700000,0.56,ok
면적 없음·대상 거래 제외,21073,강남구,500000000,494300000,416000000,587400000,0.85,ok
면적 없음·대상 거래 제외,21074,강남구,500000000,517800000,381900000,702200000,0.6,ok
면적 없음·대상 거래 제외,21075,강남구,610000000,628600000,528900000,747000000,0.81,ok
면적 없음·대상 거래 제외,21077,강남구,510000000,503600000,371400000,683000000,0.61,ok
면적 없음·대상 거래 제외,21078,강남구,340000000,312100000,206900000,470800000,0.58,ok
면적 없음·대상 거래 제외,21082,강남구,548000000,545300000,361500000,822600000,0.55,ok
면적 없음·대상 거래 제외,21084,강남구,6400000000,481300000,319100000,726000000,0.14,ok
면적 없음·대상 거래 제외,21085,강남구,800000000,713700000,473100000,1076600000,0.13,ok
면적 없음·대상 거래 제외,21087,강남구,545000000,448100000,377100000,532600000,0.82,ok
면적 없음·대상 거래 제외,21091,강남구,380000000,372900000,313800000,443100000,0.81,ok
면적 없음·대상 거래 제외,21093,강남구,620000000,385300000,324200000,457900000,0.83,ok
면적 없음·대상 거래 제외,21099,강남구,370000000,425200000,281900000,641400000,0.58,ok
면적 없음·대상 거래 제외,21100,강남구,840000000,925400000,741200000,1155500000,0.76,ok
면적 없음·대상 거래 제외,21103,강남구,960000000,485700000,322000000,732700000,0.31,ok
면적 없음·대상 거래 제외,21105,강남구,550000000,472800000,397900000,561900000,0.85,ok
면적 없음·대상 거래 제외,21106,강남구,407000000,423600000,280800000,639000000,0.55,ok
면적 없음·대상 거래 제외,21107,강남구,890000000,1080300000,716200000,1629600000,0.55,ok
면적 없음·대상 거래 제외,21108,강남구,970000000,1363100000,903600000,2056200000,0.58,ok
면적 없음·대상 거래 제외,21109,강남구,300000000,392600000,260200000,592200000,0.52,ok
면적 없음·대상 거래 제외,21111,강남구,1840000000,1607800000,1065900000,2425400000,0.44,ok
면적 없음·대상 거래 제외,21113,강남구,335000000,392700000,314500000,490300000,0.71,ok
면적 없음·대상 거래 제외,21115,강남구,163000000,185100000,148200000,231100000,0.72,ok
면적 없음·대상 거래 제외,21117,강남구,490000000,458000000,303600000,690900000,0.29,ok
면적 없음·대상 거래 제외,21118,강남구,890000000,1363100000,903600000,2056200000,0.58,ok
면적 없음·대상 거래 제외,21120,강남구,360000000,210200000,155000000,285000000,0.69,ok
면적 없음·대상 거래 제외,21121,강남구,500000000,486000000,322200000,733100000,0.55,ok
면적 없음·대상 거래 제외,21127,강남구,450000000,851200000,564300000,1284100000,0.56,ok
면적 없음·대상 거래 제외,21131,강남구,585000000,802100000,531700000,1209900000,0.52,ok
면적 없음·대상 거래 제외,21133,강남구,230000000,255500000,215000000,303700000,0.88,ok
면적 없음·대상 거래 제외,21137,강남구,775000000,710300000,597700000,844100000,0.88,ok
면적 없음·대상 거래 제외,21138,강남구,315000000,330700000,243800000,448400000,0.69,ok
면적 없음·대상 거래 제외,21139,강남구,482000000,519900000,437500000,617900000,0.84,ok
면적 없음·대상 거래 제외,21142,강남구,215000000,193300000,162700000,229800000,0.88,ok
면적 없음·대상 거래 제외,21143,강남구,550000000,451900000,380300000,537000000,0.82,ok
면적 없음·대상 거래 제외,21148,강남구,550000000,488400000,360200000,662400000,0.61,ok
면적 없음·대상 거래 제외,21152,강남구,420000000,321600000,257600000,401600000,0.72,ok
면적 없음·대상 거래 제외,21161,강남구,225000000,207300000,152900000,281200000,0.69,ok
면적 없음·대상 거래 제외,21162,강남구,372000000,393900000,331500000,468200000,0.87,ok
면적 없음·대상 거래 제외,21163,강남구,800000000,652900000,432800000,984900000,0.31,ok
면적 없음·대상 거래 제외,21164,강남구,1250000000,547900000,363200000,826500000,0.51,ok
면적 없음·대상 거래 제외,21165,강남구,210000000,203700000,150200000,276200000,0.69,ok
면적 없음·대상 거래 제외,21167,강남구,805000000,538100000,356700000,811600000,0.46,ok
면적 없음·대상 거래 제외,21170,강남구,480000000,482600000,355900000,654500000,0.63,ok
면적 없음·대상 거래 제외,21174,강남구,325000000,378500000,250900000,570900000,0.48,ok
면적 없음·대상 거래 제외,21177,강남구,379000000,399500000,294600000,541700000,0.61,ok
면적 없음·대상 거래 제외,21178,강남구,830000000,649500000,430600000,979800000,0.3,ok
면적 없음·대상 거래 제외,21180,강남구,980000000,873500000,699600000,1090600000,0.72,ok
면적 없음·대상 거래 제외,21181,강남구,1000000000,873500000,699600000,1090600000,0.72,ok
면적 없음·대상 거래 제외,21185,강남구,522560000,592700000,392900000,894100000,0.3,ok
면적 없음·대상 거래 제외,21186,강남구,793000000,1162300000,770500000,1753300000,0.59,ok
면적 없음·대상 거래 제외,21188,강남구,377000000,407800000,343200000,484700000,0.88,ok
면적 없음·대상 거래 제외,21190,강남구,1800000000,437600000,290100000,660100000,0.29,ok
면적 없음·대상 거래 제외,21195,강남구,706000000,268300000,225800000,318900000,0.86,ok
면적 없음·대상 거래 제외,21197,강남구,830000000,481800000,319400000,726700000,0.3,ok
면적 없음·대상 거래 제외,21198,강남구,890000000,904600000,761200000,1075000000,0.83,ok
면적 없음·대상 거래 제외,21199,강남구,1160000000,1075800000,713200000,1622800000,0.58,ok
면적 없음·대상 거래 제외,21200,강남구,350000000,400100000,320500000,499600000,0.71,ok
면적 없음·대상 거래 제외,21201,강남구,950000000,817000000,687500000,970900000,0.83,ok
면적 없음·대상 거래 제외,21202,강남구,420000000,321600000,257600000,401600000,0.72,ok
면적 없음·대상 거래 제외,21206,강남구,550000000,496100000,417500000,589600000,0.83,ok
면적 없음·대상 거래 제외,21207,강남구,365000000,314500000,251900000,392700000,0.7,ok
면적 없음·대상 거래 제외,21208,강남구,500000000,805000000,533700000,1214300000,0.6,ok
면적 없음·대상 거래 제외,21213,강남구,190000000,193300000,162700000,229800000,0.88,ok
면적 없음·대상 거래 제외,21214,강남구,705000000,657300000,553100000,781100000,0.87,ok
면적 없음·대상 거래 제외,21216,강남구,645000000,660400000,437800000,996100000,0.29,ok
면적 없음·대상 거래 제외,21219,강남구,235000000,427400000,283300000,644700000,0.31,ok
면적 없음·대상 거래 제외,21220,강남구,350000000,364700000,306800000,433400000,0.85,ok
